341.58002,292.80002,DPPC
411.72,446.82,POPC
183.6,12.4,POPC
202.49,158.65,DLPE
201.78,381.75,DBSM
401.71002,250.45999,PIPC
44.31,512.96,DXSM
36.82,404.62003,PGPS
291.91,280.28,POPC
387.31998,125.4,POPS
97.600006,11.07,POPC
472.22998,161.31,DPSM
285.97,227.8,PIPC
250.65001,332.03998,PIPC
129.32,223.97,DPPC
391.21,519.17,DPPC
82.95,553.20996,POPE
143.93,98.18,DPPC
277.31,514.0,DPPC
415.87003,270.94998,POPC
18.57,510.63998,DPPC
390.58,447.48,PGPS
390.22998,218.89,PIPC
102.53,144.68001,DBSM
396.02002,539.67,DPPC
389.14,377.99,POPE
497.16,141.58,PIPE
276.47,20.25,PAPC
478.44,123.6,POPS
368.30002,247.24,PIPC
353.88,157.74,POPC
67.08,12.66,POPS
237.45001,147.95,DBSM
337.02,312.94,DPPE
259.68,189.27,DPPC
64.41,292.43,DPSM
433.53,555.32,POPC
117.259995,486.36002,DPSM
212.19,381.18,POPC
19.82,5.42,PIPC
485.87003,444.33997,POPS
269.25,346.34,PIPC
203.95999,499.8,PIPC
344.28003,545.1,DPPC
340.16998,498.95,DPPE
401.81,280.03,POPC
197.57999,238.17,POPC
57.5,460.55,POPS
568.29,49.899998,DBSM
504.56,120.56,DLPE
263.87,336.24,POPC
308.49002,290.41,DPSM
61.07,542.31,POPC
2.9699998,203.99,POPC
462.08002,101.07001,POPS
241.47,219.48999,DPPC
353.90997,282.18,DPSM
227.44,212.28,DPPC
65.99,451.87,DXSM
499.31,42.280003,POPE
437.06,465.78998,PAPS
447.51,342.34003,DPPC
218.49,436.87,POPC
274.89,541.95996,DBSM
296.22,424.87,DPPC
98.88,194.69,POPC
261.08,279.06,POPC
355.27002,328.0,DLPE
416.27997,160.68001,POPC
12.24,277.75,POPS
184.92001,204.09,PIPC
489.46997,492.3,DBSM
17.3,400.58997,POPS
129.78,502.77002,DPPC
457.3,409.3,DAPE
11.76,323.59003,POPC
558.48,460.75,PAPC
223.82999,41.97,DPPE
510.97998,283.63,DBSM
250.61002,441.65002,PIPC
353.86002,478.71,DPPC
238.75,113.81,POPC
339.44,223.77,DBSM
395.81,189.01,DPPE
165.3,101.31,DBSM
373.54,327.29,DPPC
347.09998,211.55,DPSM
478.43,44.260002,DAPE
424.53,535.74,DPPC
105.979996,101.87,PAPS
173.46,523.6,DPPC
187.39,528.20996,POPC
288.13,264.5,DOPE
275.06,213.85,DPPC
187.75,40.9,DPSM
148.01,451.66998,PGPS
322.27002,501.25,POPC
403.99,81.87,POPC
353.45,188.69,DPPC
546.85004,506.69998,PIPC
376.64,353.37003,PIPC
273.34,419.12997,DOPE
327.38,554.45996,DPPC
188.31,553.52,PIPC
97.399994,31.259998,PIPC
164.28,477.31998,DPPC
179.14,284.24,PGPS
197.95999,209.90999,PIPC
119.41,205.3,PIPC
146.11,485.96002,DPSM
77.87,44.76,POPS
301.31,197.54,DBSM
536.75,481.09003,PAPC
358.28,138.15,DPPC
278.27,183.86,POPC
532.05005,511.29,POPC
156.55,156.75,DPPC
240.95,548.98,PIPC
561.64,407.58,DPPC
562.13,395.12,POPC
309.82,321.99002,POPE
390.07,235.45,DBSM
196.18,168.56001,POPS
505.47,286.65002,PIPC
271.63,379.49002,POPE
382.42,317.77002,PAPS
47.74,256.74,DBSM
159.09,522.36,POPC
555.42,550.57996,DLPE
467.31,200.35999,PGPS
168.33,135.33,POPE
84.06,193.99,PAPC
234.76,8.42,POPE
328.17,20.94,PIPC
547.06,121.549995,PAPC
410.19,413.63,DPPC
299.05002,206.35,DLPE
388.54,514.83,POPC
117.48,314.93,POPC
444.23,195.14,DPPE
533.88,188.31,POPC
22.869999,566.48,PIPE
46.26,327.3,DPPC
236.09,211.15,DPPC
38.19,469.15002,PAPC
204.19,310.35,PIPE
309.15002,383.19,POPE
117.5,567.62,DAPE
433.72003,207.81999,POPS
474.62003,535.53,PAPS
315.91998,359.06,DAPE
282.82,268.58,DPPC
456.93,84.11,PIPC
186.68,301.56,DPPC
366.66998,456.6,DPSM
98.2,564.26996,DPPC
287.31,564.07,PIPE
36.63,354.92,PIPC
49.58,306.52002,DPSM
384.91,49.829998,DBSM
326.16,360.15,DPPC
265.87,286.85,DPPC
259.41998,330.05002,DOPE
11.39,5.43,PAPS
442.89,460.57,DPPE
355.95,298.57,DPPC
156.73001,420.89,POPS
435.61002,69.0,POPC
552.1,64.85,PIPC
357.98,486.52002,DPPE
196.32999,331.81,DPSM
88.009995,415.44998,DPPE
131.85,363.94,DPPC
569.68,211.92,POPS
535.5,540.06,POPC
52.379997,426.09003,DXSM
40.62,270.57,DPSM
483.2,391.58002,POPC
149.09,435.02,DPPC
64.71,165.26,PAPS
567.65,387.72,DPSM
69.71,108.63,POPC
241.73001,493.25,PIPC
349.23,547.48,PAPS
172.93,47.74,PIPE
335.57,240.39,DPPE
160.72,345.12,POPC
74.82,425.76,DPPC
519.18,6.9700003,POPE
216.04999,266.6,PAPC
514.32,503.11002,DPSM
403.12,20.68,PIPC
118.649994,428.65002,DPPE
247.78,147.34999,DPPC
527.66,225.48001,DPPE
404.12,379.66,PIPE
318.09,510.68,PIPC
124.119995,459.05,PIPC
179.69,520.80005,POPC
348.00998,554.19995,DBSM
18.16,441.95,POPE
334.66998,182.72,POPC
510.11002,245.84999,DOPE
302.31,368.61,DOPE
57.329998,85.97,PIPC
215.12,160.87999,DPSM
92.98,434.38998,DPPE
221.32,251.97,POPE
13.509999,109.2,DPPC
380.75,396.65002,DPPE
83.4,261.88998,POPS
244.65,246.45001,POPE
230.56,393.77,DPSM
466.03,301.81,DBSM
89.98,367.41,DBSM
400.36,164.62999,POPC
113.89,62.49,DPPC
76.85,534.62,POPS
102.67,328.15,PAPC
308.57,416.45,PIPC
476.03,211.36,DPPC
220.70999,507.46,DLPE
272.62,253.82999,POPC
146.66,108.590004,PAPC
122.939995,310.91,PAPC
488.31,421.38,POPC
417.33002,183.11002,POPC
478.6,351.73,DAPE
170.66,551.92004,DPSM
76.12,193.12,PIPC
126.28,257.35,POPS
263.41998,295.81,DBSM
533.49,358.81,POPC
494.25998,12.33,DLPE
225.84999,489.38,DPPC
525.0,266.78,DPPC
55.4,327.46,DPPE
0.35999998,106.590004,DPPC
37.379997,283.13,DPPE
164.95001,225.62,PIPC
379.96,268.34998,DPPE
80.29,299.65,POPS
99.06,217.26,DPPE
179.03,52.05,DPSM
503.44,524.06,PIPC
118.990005,408.91998,PIPE
245.62,294.02002,DPSM
270.12,73.48,POPC
71.32,185.69,DPSM
448.5,125.100006,POPC
406.21,49.35,DPPC
332.65997,212.97,DLPE
179.97,182.52,POPC
73.76,548.59,DPPE
144.69,131.36,DOPE
310.38998,515.67004,DPPE
121.630005,450.77,PIPE
66.08,175.53,PGPS
68.33,143.54001,DPSM
204.92001,16.779999,DPSM
311.19,111.2,PGPS
329.98,420.66003,PAPS
325.58,31.84,DPPC
226.51,271.58002,DPPC
527.32,360.71,POPE
459.21002,63.460003,DBSM
313.92,489.66,POPC
330.58,196.81999,PAPC
78.4,267.85,POPC
309.0,305.58002,PAPS
66.19,206.56,DPSM
158.71,88.89,DPSM
209.43001,512.42,DPPC
104.39,429.16,DPSM
129.70999,369.51,DBSM
359.61,246.32999,PAPC
182.85,110.09,PAPC
405.54,242.22,POPE
370.28998,127.740005,PIPC
48.12,277.0,DLPE
27.130001,479.22,POPE
568.77,338.75,DPSM
296.19,322.57,POPE
50.01,96.73,DPPC
409.94,512.52,POPC
139.15,239.38998,DPPC
537.61,380.31,PAPS
34.86,557.23,POPC
184.19,325.05002,DAPE
489.32,453.28998,POPC
304.33002,476.72,POPS
209.55,286.61,DBSM
162.53,337.37,DLPE
526.27997,550.86,DLPE
198.4,549.38,DPPC
419.92,38.92,DPPC
551.06,298.47998,POPE
226.98999,538.83997,DBSM
562.41003,213.5,POPC
183.6,248.26999,POPC
338.73,57.89,POPE
51.129997,193.22,DPPC
316.58002,530.64,DAPE
323.38,426.06,POPC
381.72,456.32,POPC
126.32,537.92,PIPE
476.43002,488.26,DPPC
313.09,445.76,DPPC
379.81,560.47003,POPC
215.09001,14.42,POPC
63.870003,433.97,DPPE
460.6,536.94,POPC
209.5,298.95,DPSM
111.450005,97.31,DPPC
395.78998,177.68,DOPE
490.08,120.26,PAPC
274.21,431.13998,DPPC
233.20999,441.93,DPSM
118.46,216.77,PAPC
251.24,72.270004,POPS
342.38,462.69,POPC
439.64,479.59,DAPE
168.16,312.63,DAPE
25.09,306.12,PIPC
441.85,501.93,DPPC
496.23,398.62,DPSM
380.62,323.21,DPPE
298.37,522.1,POPS
419.94,412.18,DXSM
59.47,30.93,PAPS
9.2,511.0,DPPC
183.79999,409.21002,POPC
324.55002,118.74,DPPC
165.87999,426.62,DPSM
266.68,272.06,PIPC
560.83,97.399994,DPSM
133.47,101.020004,POPS
528.94,328.83,DPPC
332.25,522.3,DPPC
178.02,4.3,PAPC
492.78,133.35,DBSM
126.39,195.97,DLPE
95.229996,345.37997,DPPC
294.88,68.58,DPSM
514.66,458.87,DPSM
146.94,190.61002,DPPC
67.54,309.54,DAPE
283.29,539.9,PAPC
74.17,393.63,POPC
329.09,411.82,PIPC
36.98,541.61,POPC
0.84,347.91998,POPS
390.87003,336.24,DPPE
22.980001,460.86,POPC
243.32,367.94,DPPE
153.01,443.2,DPSM
428.19,543.69,POPC
254.02,89.93,DBSM
442.48,558.59,DPPE
422.16,322.61002,DPSM
527.86,108.96,POPC
95.79001,106.66,POPC
243.88,107.56,DAPE
110.28,433.73,DBSM
550.21,249.33,DPPC
440.58997,231.81999,PIPC
360.82,109.67,POPC
518.16003,395.58,POPC
227.75,477.24,DPPC
521.33997,295.74,DBSM
165.12,191.95,POPE
249.59999,339.85,DPPC
497.01,155.16,POPC
206.15,90.03,PAPS
485.78998,416.81,PIPC
321.1,469.37,DPPC
376.88998,83.56,POPS
400.21,107.0,DBSM
138.4,315.94998,POPS
314.71002,228.04001,POPC
330.63,300.2,PIPC
531.58,371.33,POPC
282.95,132.98001,DLPE
174.40001,278.61,PAPC
562.51,543.0,DLPE
513.83997,295.7,PIPC
358.03003,569.78,POPC
131.56,140.83,DAPE
109.5,286.61,PIPE
500.28,291.19,DPSM
12.0,84.399994,PAPC
132.04001,212.79,DPSM
218.37999,292.62,POPC
296.02,327.55002,POPE
273.81,234.10999,POPC
120.03999,346.51,PAPS
373.95,44.82,DPSM
384.88998,365.91,PGPS
521.72003,334.49002,DPPC
320.37997,374.25998,DXSM
298.34,246.04001,PAPS
87.869995,321.33,POPS
405.66003,535.44995,DBSM
54.47,416.55,DPPC
266.11,217.85,DPPC
207.38,318.55,DPPC
209.02,390.41,PGPS
335.71,547.48,PIPC
539.76,302.87,DPPE
142.15,265.05,POPE
179.84,212.36,DPPC
569.99,88.83,PIPC
167.51,550.19,PIPE
122.0,321.39,DPSM
171.09,283.38,POPC
339.09,340.95,PAPC
523.04004,356.38,DLPE
149.04001,265.28,POPC
309.91,436.98,DPPC
228.6,264.33002,DPPE
125.96,498.24002,DBSM
547.3,432.72,POPC
323.03003,198.44,DOPE
52.51,371.88998,DOPE
88.850006,437.99,DXSM
323.05,400.41,DPSM
447.78,132.33,DPSM
237.87001,425.41998,DBSM
49.96,294.81,PAPC
179.34999,261.09,POPS
240.83,565.99,PIPE
388.49,240.73,DBSM
473.73,266.98,POPC
50.809998,204.85,DLPE
541.78,535.37,DOPE
55.300003,470.24,DXSM
466.34998,61.68,POPC
340.39,527.74,DPSM
190.38,298.38,DPPC
442.02,310.38,PAPC
363.17,543.24,DLPE
221.91,234.9,DPPC
332.15,204.97,DPPE
228.18001,340.71997,DPSM
181.73999,400.84998,POPC
97.49,270.97998,POPC
509.24,129.84999,DPSM
380.86,258.11002,DBSM
228.01001,410.69,DPPC
339.02002,555.46,POPS
189.33,452.47003,DPPC
246.15999,275.04,POPE
189.88,400.69,POPC
63.909996,483.56,POPC
123.27,127.65,PIPE
506.9,345.02997,POPE
525.74,440.78,POPC
369.52,558.10004,DPPC
519.57,287.75,DPPC
365.15997,197.12,POPS
195.69,538.92,PIPC
80.9,326.62997,DLPE
159.22,373.38,DPPC
100.26,289.72,DPPC
258.59,497.03,DPPC
273.08002,300.74,PGPS
47.350002,229.66,POPE
157.77,282.09998,PIPC
335.39,410.66003,PAPC
188.95001,109.36,POPC
531.97,120.47,PAPS
321.81,434.25998,POPC
72.82,498.45,PAPC
546.87,406.83,POPC
244.9,76.350006,DLPE
45.13,8.55,DPSM
80.69,441.68,POPC
279.4,482.44,PIPC
235.45999,368.33002,DBSM
388.71,286.39,DLPE
112.95,272.3,DOPE
375.26,394.71002,DAPE
374.93,185.35999,DBSM
531.31,238.95999,DPPC
281.29,334.84003,PIPC
399.86,256.45,PIPC
476.77,175.91,PIPE
80.57,384.05,DPSM
375.84998,517.06,DPPC
482.51,555.13,DBSM
456.59,287.68,POPC
91.64,84.329994,PAPS
300.05,315.14,DLPE
275.46,194.17,PAPC
437.94998,403.43,PAPS
142.98999,200.52,POPE
540.22,508.9,POPC
19.93,432.22,PIPC
180.84999,89.5,PGPS
374.59998,430.16998,DPSM
102.95,131.81,DBSM
488.81,514.73,POPS
21.619999,545.01,POPC
119.61,15.299999,PIPC
108.57001,110.54,POPC
24.25,288.61,DBSM
304.2,122.72,POPE
403.69,445.54,POPC
238.54001,278.2,POPC
94.11,252.85999,PAPC
376.04,122.01,DPPC
528.81,27.33,DLPE
227.16998,207.70001,DPSM
346.0,213.18001,POPE
300.18,219.27,PAPC
473.52002,0.92,POPC
456.47,315.06,DPPC
217.21,318.3,DBSM
436.15002,290.36,PAPC
549.1,160.5,DOPE
6.91,193.65,DXSM
34.38,471.29,DPPE
511.92,480.53003,POPE
315.48,103.450005,POPE
54.879997,197.25,POPS
281.42,7.2000003,POPC
428.94,566.85004,DPPE
552.96,231.48001,DBSM
151.61,21.53,POPC
314.33002,150.97,POPC
270.62,436.05,POPC
212.89,336.78003,POPC
368.81,230.70999,POPC
180.48999,41.67,DPPE
405.32,549.68,POPE
391.24,457.51,DLPE
300.14,1.85,POPC
486.78003,264.09,POPC
550.3,545.87,POPE
432.91,485.65,POPC
526.55,284.02002,DPSM
53.03,477.97,POPC
253.45,435.84998,DOPE
27.52,247.05,DPSM
338.95,490.39,PIPC
178.68,35.92,DLPE
516.37,418.16003,DPSM
464.69,387.19,PAPC
290.17,95.26,PIPC
513.16003,57.19,DPSM
135.76001,469.14,DLPE
332.36,257.27,POPE
85.8,94.36,PAPS
138.98,55.43,PAPS
381.21,212.33,DOPE
5.21,210.65001,DPPC
419.0,364.5,POPE
70.98,465.36,PAPS
239.84,123.54,POPC
37.06,26.119999,PIPC
434.53,17.18,DXSM
179.03,539.01,POPE
233.65,219.55,POPS
146.85,29.619999,PIPC
359.7,448.03003,DPSM
196.1,252.38,PIPE
99.87,57.51,DPPC
109.0,319.59,DPPC
197.12,354.33,PIPC
470.19,475.93,PIPC
286.66998,36.9,POPC
418.39,248.29001,DLPE
411.53998,194.75,POPE
201.73999,81.5,DPSM
241.75,179.9,POPC
35.75,566.78,PAPS
444.91,109.46,PAPC
454.35,511.08002,DPSM
397.44,307.45,PAPC
224.79001,81.03,DOPE
500.16998,20.33,PIPE
396.06998,320.67,DPSM
435.0,346.06998,DPPC
119.31,179.16,POPS
347.7,240.29,DPPC
534.21,527.28,POPC
502.14,346.92,DPPC
208.03,570.72,DPPC
9.65,283.6,POPC
160.93001,403.37003,POPC
143.34,348.07,POPS
192.57,156.77,POPE
99.1,245.07999,POPC
118.76,535.43,POPS
217.95,67.47,PAPC
548.64,391.87,DPPC
506.66,204.25,PIPC
556.74,410.27002,POPC
132.70999,79.21,DPSM
116.3,166.52,POPC
341.61,77.81,DPSM
230.15,30.1,POPE
456.87,248.29001,PAPS
119.2,329.58002,DPSM
321.58002,304.59998,DLPE
348.32,226.1,PIPC
530.58997,222.11,POPC
323.77,192.35,POPC
493.95,380.36,PAPC
63.979996,253.93999,DPPC
72.83,492.58,DPPE
501.72,133.01,DLPE
284.11,380.99,DPPC
24.189999,521.69995,PAPS
414.5,397.94,POPC
481.9,540.44995,DPPC
247.16998,474.63,POPE
454.14,296.94,PAPC
275.1,285.30002,DPPC
441.96997,430.73,PIPC
521.95996,460.34,PIPC
107.95,195.02,DPPC
500.08,223.48,PGPS
292.80002,235.76999,POPC
367.81,148.06,DPSM
226.13,73.82,DBSM
372.09,201.14,POPC
465.58,543.30005,POPS
167.01999,517.4,POPS
233.93999,183.63,POPE
424.90002,427.14,POPC
321.09003,141.55,DXSM
11.210001,198.71,PGPS
517.08,359.69,PIPC
558.24,72.24,DLPE
160.70999,396.47998,POPC
213.22,26.42,PAPS
297.91,393.19,DPPC
397.65,551.16003,POPS
356.9,60.69,POPC
305.48,339.33997,POPC
496.73,27.09,PIPC
304.25,328.45,POPC
55.04,113.34,DPPE
248.49,348.51,DLPE
87.08,13.32,DBSM
516.81,47.729996,POPS
119.119995,263.47998,DPPC
270.28998,395.74002,POPC
138.83,77.020004,DPPC
285.87,260.09,DPPC
252.88,137.48,POPC
197.45001,307.73,DXSM
351.99002,337.37,POPC
62.280003,272.12,DPPC
151.06,67.62,DPPC
135.5,456.88,POPE
410.55,31.01,POPC
184.14,95.89,DPPE
516.71,27.720001,DPSM
140.7,63.16,PGPS
99.75,441.31,POPC
358.97998,8.42,DPSM
372.72998,209.92001,DBSM
517.21,328.44,POPC
448.80002,320.73,POPC
417.42,243.17,PIPE
51.12,79.4,DPSM
346.05,54.850002,DPSM
2.38,9.51,POPC
32.4,397.91998,PAPC
45.260002,171.37,POPC
130.47,70.71,POPC
113.380005,42.78,DPPC
104.79,271.53,DOPE
186.55,8.52,POPC
140.48001,114.36,DPPC
187.78,472.65,POPC
104.95,361.49,DPPC
426.41998,260.86002,POPC
212.57999,484.09,DPPE
534.28,396.68,POPC
506.83,100.08,DPSM
214.2,187.6,DXSM
424.79,495.01,DPPE
387.90002,36.66,DBSM
42.64,66.83,POPS
77.08,118.009995,PAPC
176.19,558.2,PAPC
268.96,307.69,DPSM
145.85,258.8,POPC
419.91,305.2,POPE
504.87,431.85,POPC
259.76,532.84,DPPC
431.47998,522.45,POPE
481.05,568.06,DXSM
404.12,200.73,POPC
331.47998,161.31,POPS
142.23,371.18,DPSM
242.68,466.13998,DXSM
277.93,246.35,DPPE
17.28,218.01001,DPSM
424.46997,296.14,DPPE
448.49,554.25,DPPC
47.36,383.47998,DLPE
115.56,67.23,POPC
47.989998,284.16,DPSM
396.93,95.270004,POPE
212.35,236.28,PIPC
308.68,281.46,PAPC
461.69,130.14,PAPS
205.8,414.05,DPSM
486.22003,163.51,DPPE
322.41,105.71,DLPE
44.75,311.63,DPPC
423.32,117.14,DPSM
238.82999,488.75,DPPC
387.69,331.96,PIPC
379.53,116.65,DPSM
460.71,266.62,DPSM
524.15,214.44,PIPC
172.75,108.54,PAPC
172.75,268.7,DPPC
305.93,239.76,DPSM
106.67,169.74,POPC
316.27002,123.94,POPS
39.61,60.47,POPC
552.43,339.27,POPC
331.8,444.25,POPC
411.79,36.41,DOPE
137.26,215.56999,POPS
335.86,232.04001,DPPC
534.5,550.08997,DPPC
441.1,15.43,PGPS
497.78,193.34,PIPC
298.7,387.52997,POPC
372.13,18.98,DLPE
469.1,553.32,DPSM
535.48,517.61,DBSM
81.42,274.97998,DPPC
546.93,42.96,DPPE
276.69,256.82,POPC
463.91998,484.31,PIPE
274.09,265.34,DPPE
359.02002,348.24002,DLPE
19.04,462.57,DPPE
338.28998,347.93,POPC
426.53998,460.48,DPPE
44.899998,337.93,DPPC
517.2,184.38,POPS
0.28,99.130005,PGPS
244.96,283.82,POPC
557.23,346.66,DPSM
498.59003,475.89,DBSM
418.17,420.25,DPPE
490.44998,371.65002,DPPE
47.239998,148.07,DPSM
72.48,379.06,POPC
407.0,469.99,POPC
245.35999,125.240005,DPSM
302.88,156.53,POPC
230.42,132.16,DPSM
570.39,427.03,DBSM
45.35,394.48,DPPC
134.41,169.85,POPC
3.1200001,493.47,DLPE
248.95999,363.73,DPPC
128.37,302.38,DAPE
127.08,443.90997,DBSM
334.74,560.93,POPS
231.01,491.59,DPPE
346.9,287.82,DPPE
517.66,270.41,DPPE
10.67,437.46,DBSM
279.28,460.27002,DPPC
146.29,245.73999,PIPC
403.54,174.66998,DBSM
226.0,239.87,POPC
319.57,47.690002,DPPE
214.31,496.77,DPPE
243.46,261.2,POPS
189.22,375.78,POPC
265.11,91.5,POPC
2.62,257.16998,DBSM
342.52997,309.9,PAPS
97.85,452.31,DXSM
70.89,84.17,PAPC
350.32,77.51,DPPC
317.01,501.16,PGPS
344.81,172.04001,DPPE
171.28,461.05,PIPC
365.48,436.61,DPPC
70.78,261.32,POPC
211.34001,81.72,POPC
138.17,488.13998,DPSM
198.85,420.05002,DBSM
476.62,540.88,DBSM
313.28,18.01,DPPC
256.57,251.86002,PAPC
235.94,373.34998,POPC
531.53,472.97,DPPE
403.66,98.83,DPPC
375.12,344.5,PIPC
297.34,310.57,DPPC
61.420002,19.45,POPC
312.75,398.89,DPPC
257.65,453.19,DPPC
117.65,340.19,POPC
74.34,366.61,PIPC
480.33002,230.07999,DPPC
330.71,342.58,PIPE
478.69998,282.31,PAPS
211.95,562.57,POPS
416.6,5.5,DPPC
405.65,160.22,POPC
202.22,135.54,PGPS
280.59,277.28,DBSM
405.86,520.54004,POPE
499.72,209.37,PIPE
373.82,62.77,PAPC
424.87,136.11,POPC
342.59998,563.68,DPPE
435.14,107.659996,POPS
561.44,12.71,PIPC
171.73001,232.33,DPPC
544.17,218.9,POPC
318.98,349.51,PAPC
248.91,182.37,PAPC
101.21001,239.18,POPC
31.070002,325.63,PIPC
408.03003,406.81,POPC
327.38,173.22,DAPE
440.84,388.56,POPS
243.34,551.14,POPC
36.89,179.14,DBSM
558.57,274.83,DAPE
552.14,78.200005,DPPC
568.41,148.53,DLPE
220.0,275.97998,PAPC
547.73,437.75,DPPC
326.30002,378.31,PIPE
231.60999,106.979996,DXSM
384.38998,33.07,DPSM
400.04,45.72,PIPC
62.859997,473.47998,DLPE
188.79,293.34,POPC
391.62997,97.1,DOPE
79.56,321.47998,DPPC
529.84,264.76,DPPC
119.46,438.07,POPC
403.67,525.22,DPSM
88.6,495.13,DPPC
340.63,155.47,PAPS
439.0,519.5,POPS
53.489998,290.15,POPC
487.44,332.63,POPC
312.95,174.40001,DBSM
515.96,351.49,POPE
5.42,403.63,DPPC
8.76,254.16,DPPE
124.799995,154.9,POPC
568.56,303.41998,DXSM
149.15,86.2,DPSM
568.63,259.29,POPS
6.87,260.0,PAPC
336.87,469.55002,PIPE
199.61,150.88,DPPE
177.88,227.29001,DXSM
356.81,229.40001,DPPE
331.12,123.369995,DOPE
518.08997,429.14,DPSM
199.05,266.2,POPC
73.189995,250.84,DPPC
266.21,239.23999,DPPE
176.98,220.42,PIPC
43.62,263.65,DPPC
76.939995,401.88998,DPPC
299.5,60.440002,POPC
350.22998,557.35,POPS
45.190002,424.12,POPE
91.19,430.57,PIPE
227.68999,289.22,POPE
72.69,274.77,DPSM
159.77,444.27,DBSM
208.22,549.54,DLPE
138.17,106.03,DPSM
272.61,273.15,DPPE
240.01,203.06999,PIPE
213.09,126.70999,POPS
294.59998,187.89,POPS
531.05,163.26999,PAPS
116.75,508.77,DPSM
168.26999,248.65999,DPPC
281.17,83.82,DPPC
101.66,509.11,DLPE
30.810001,28.52,DLPE
157.24,82.53,POPC
18.84,163.78,POPC
44.96,74.73,DPPE
208.49,74.81,POPC
150.79001,260.74,DPPC
235.52,196.43999,POPE
208.65,325.02997,POPC
226.73001,6.9199996,DPPC
563.07,309.09,DLPE
3.6000001,471.30002,POPC
565.29,538.05,PIPC
419.25,385.71997,POPE
187.85999,241.5,DOPE
546.35,548.57,PGPS
205.66,441.34998,POPC
6.22,462.8,PAPC
516.87,308.19,DPPC
158.26999,189.31,DBSM
87.61,90.56,POPE
527.9,389.79,POPE
395.41998,273.98,POPC
492.28,204.3,DLPE
301.68,425.07,PAPS
434.33997,393.68,DOPE
261.99,408.45,POPC
221.51,370.28,DPPC
155.83,404.57,POPC
565.17,200.47,POPC
17.58,43.309998,POPE
328.07,540.31,PAPC
364.12,326.88,DPSM
80.33,161.73999,DPPC
262.39,205.76001,PAPC
155.51,363.41,DPPC
81.149994,30.510002,POPE
330.54,143.35,DPPE
558.88,419.08002,PIPC
553.08997,32.72,POPC
313.9,141.56999,PIPC
418.97,372.44,PAPC
205.34,305.49,POPE
370.26,335.5,DPPC
463.47,224.82,PAPC
240.39,331.75998,POPC
465.24,250.87999,DOPE
278.09,188.99,DPPC
288.11002,221.98,POPC
325.67,505.44,PAPC
188.88,171.48001,DPPE
80.93001,498.0,DPPC
24.01,377.02,DBSM
537.89,338.41,DBSM
75.07,170.45,DPPC
55.050003,540.11,POPC
376.9,194.61,DBSM
152.73,429.49002,POPS
106.149994,502.22,PAPC
261.82,198.69,PAPC
396.77,197.76,POPS
232.45001,226.4,PAPC
59.58,447.11,POPC
218.54999,5.47,PIPC
255.06,301.52002,DPSM
371.52002,294.00998,DLPE
174.16,99.2,POPC
319.82,465.53003,POPC
301.39,300.94998,DPPC
63.600002,96.549995,DPPC
277.44,208.17,POPE
308.05,261.01,POPE
569.95996,448.39,PIPC
149.20999,370.74002,DLPE
216.91,388.99,POPC
107.31,48.41,DPPC
183.69,516.18,DPPC
392.13,159.15,PIPC
37.59,537.65,POPE
570.69,224.92001,DPSM
111.1,228.82999,DPSM
276.73,34.42,PAPC
327.42,85.53001,DBSM
67.32,59.44,POPE
359.81998,534.12,DBSM
118.21999,111.32,DPPC
364.51,205.94,DOPE
317.14,189.02,POPS
240.89001,531.03,PIPE
215.93001,148.34,DBSM
430.15997,450.05002,POPC
43.23,242.22,DPSM
4.63,122.770004,PAPS
488.99,183.97,POPC
356.56,286.44,DPPC
391.39,433.54,PAPS
403.27,127.38,DPPC
83.3,23.0,POPC
207.72,461.02002,POPS
561.92004,399.38998,POPC
113.18,391.36002,POPC
406.98,557.12,DAPE
57.77,492.03998,PAPS
557.51,166.35,POPE
534.55005,420.0,DPPE
386.66,116.28999,DPPC
28.72,161.81,PIPC
53.37,354.16,POPC
462.84,384.01,DPPC
92.81,543.54,POPC
242.93,534.75,DBSM
121.51,424.25,POPC
471.52002,9.32,DOPE
221.14,482.35,DLPE
276.22,118.72,POPS
486.43002,491.85,DPPC
82.14,225.17,DLPE
88.240005,357.06,DPPC
333.83,100.740005,DPPC
315.83002,266.15,DPPC
202.92,506.81,POPS
267.81,562.94,DAPE
231.48001,272.69,POPC
94.130005,336.17,DLPE
29.91,351.01,PGPS
375.57,6.95,DPPE
119.22,502.05002,DPPC
28.310001,528.03,PIPC
31.87,380.37997,DLPE
76.92,314.57,POPC
478.46002,494.59998,POPC
240.31999,283.7,POPC
542.81,7.9900002,PAPS
501.44,7.03,DPSM
520.4,177.16,DPPE
301.63998,509.19998,PAPS
463.99,236.59,DPSM
207.51,223.11002,DPPC
151.76,413.41998,PIPE
405.55,29.119999,PAPS
108.12,185.29,DBSM
274.58002,465.08,PAPS
566.86,316.9,POPC
464.91,276.98,POPE
324.99,408.47,PIPC
251.8,429.57,PAPC
110.85,305.93,PAPC
51.04,64.7,POPC
367.74,33.95,POPE
28.72,405.53003,PIPC
329.14,472.28,POPC
177.62,377.08002,POPC
463.63998,117.19,PIPC
440.63,173.51,DPPC
438.13998,169.37,POPC
563.88,370.55,DPPC
193.71,510.77,POPE
267.56,56.75,PAPS
55.59,97.729996,PGPS
502.22,472.14,DOPE
249.66,267.39,DPPC
224.08002,124.79,DPPC
51.690002,376.83,POPC
517.27,244.06,DPPE
283.54,277.19998,PAPC
391.23,170.69,PIPE
46.020004,211.01999,POPC
261.94,506.40997,DPPC
5.13,46.67,DPPC
279.08002,64.15,POPC
61.05,412.71,PAPC
496.57,5.4500003,POPC
131.52,377.63,PIPC
503.19,421.57,DBSM
480.02997,328.93002,POPS
176.36,503.36,PIPC
191.86002,384.0,PAPS
108.72,72.5,DPPC
13.55,548.97,DPPC
257.11002,337.72,DBSM
128.54999,426.30002,PIPC
162.29001,2.3,DBSM
153.49,511.62,POPC
264.47,515.1,PIPE
564.08,105.369995,DPPC
521.39,50.35,POPC
164.44,457.38998,POPC
543.55,464.24,DPPC
110.100006,144.46,DPPC
486.17,344.07,DPSM
300.24,411.49,POPC
267.87,365.63998,DBSM
223.34,16.42,POPC
278.59,239.78,PIPC
203.89,196.03,DPPC
488.72003,246.8,DBSM
380.01,570.32,POPS
282.91998,294.26,DBSM
351.19998,268.8,DPPC
331.17,108.05,PGPS
430.67,318.58,DPPC
413.44,12.56,POPE
440.07,96.93,PIPC
43.839996,561.07,PAPC
165.37001,270.14,POPE
557.32,542.22,PGPS
465.53003,211.69,DPPE
465.35,313.82,DLPE
160.87,425.13,POPC
38.68,491.36002,DBSM
526.67,470.9,DBSM
56.370003,230.33002,POPC
505.39,361.83,PAPS
293.94,51.79,DPPC
395.05002,118.78999,DBSM
458.32,13.5,POPC
48.800003,15.18,PAPC
292.26,199.89,DPPE
285.47,251.97,PAPS
86.42999,1.4100001,POPC
341.04,282.99,DPPC
491.25,293.88,PAPC
454.21002,322.81,DAPE
41.53,418.16003,DPSM
184.17,305.63998,PIPC
238.15001,271.11,POPS
211.60999,428.77,DXSM
205.93001,24.57,DPSM
138.44,523.05,DPSM
67.39,555.17,PAPC
397.33002,494.43,PIPC
514.17,449.98,POPS
530.02,543.82,POPC
435.44,85.83,PAPS
12.860001,501.12,PIPE
358.03003,552.76,DPPC
455.46002,463.11002,DOPE
57.659996,170.03,PAPC
546.82996,231.49,PAPC
244.47,61.04,DAPE
254.06999,292.08002,PIPC
252.40999,197.01999,DPPE
545.58997,92.28,POPC
466.05,12.49,DPPC
241.69,442.02,DPPE
276.53998,373.97,DOPE
92.71,198.65999,PIPE
468.38,35.050003,POPE
55.53,548.46,DPSM
72.72,460.76,DBSM
552.77,16.94,POPC
375.81,53.41,DXSM
568.82,167.91,POPC
533.85,506.33,POPC
116.18,277.41,DPSM
325.24,0.45000002,PIPC
133.85,324.53998,POPC
76.0,451.25,PGPS
89.81,36.489998,POPC
391.09003,87.25,DPPC
513.88,193.9,PIPC
127.63,44.08,PGPS
88.21,482.91,DPPC
28.710001,466.65002,PIPC
229.90999,417.59,DPPE
477.94998,259.38,DBSM
17.04,323.49,PIPE
20.510002,183.41,PAPC
22.41,393.15,PIPE
503.28,334.01,PIPC
73.62,333.80002,POPC
182.93,480.28,PIPC
196.22,109.16,DPPC
10.349999,491.59,POPC
293.44998,214.34,DOPE
89.18,362.09,POPC
519.19995,555.80005,DPPC
460.35,54.27,PAPC
101.66,198.64,DPSM
360.15,320.78998,POPC
106.409996,457.5,POPC
541.13,114.770004,PAPC
361.23,518.29,DPSM
305.52,92.95,DPSM
507.16998,221.59,DPPC
496.66998,556.82,POPC
262.97,10.089999,DXSM
346.13,247.75,POPE
267.63,556.89,POPE
27.019999,298.13,POPE
21.02,407.5,POPC
294.97,419.03,DPPE
442.38,158.22,DBSM
380.62,518.13,PIPC
512.99,80.33,DXSM
360.02997,235.20999,POPE
392.38,60.18,DBSM
561.05,121.409996,DPPC
533.68,273.56,PIPC
529.43,295.34,PIPE
54.239998,9.12,DPPC
457.99,228.43001,POPC
412.82,189.22,DPPE
125.93001,77.090004,DPPE
230.70999,306.13,DPPE
399.16998,116.25,PAPC
518.57,510.11002,DOPE
474.33997,256.31,DPPC
239.96,353.41998,DLPE
67.83,497.89,PIPE
336.71002,186.94,PAPC
387.94998,470.21,POPE
27.14,341.6,DPPC
515.56,313.86,POPC
49.850002,268.34,PIPC
303.16998,442.28,DPPC
187.98999,395.9,PIPC
199.72,530.86,DAPE
393.77997,544.68,DPPC
20.739998,269.33002,DPPC
511.85,269.63,POPE
521.31,205.45999,PIPE
52.12,317.39,DPPC
295.31,404.53998,DBSM
264.09,148.52,DPPC
326.04,430.83002,DPPC
543.11,318.81,POPC
197.03,18.14,DPPC
99.14,88.18,POPE
265.04,74.06,DPSM
153.17,345.41998,PIPC
346.55,71.479996,POPS
140.3,91.759995,POPE
434.44,356.04,POPS
9.25,311.87,DPPC
511.53998,290.78,POPC
248.32,119.44,POPE
97.97,378.30002,DPSM
466.30002,468.32,PIPC
286.69,192.52,PIPC
130.38,517.49,DBSM
93.6,97.840004,POPS
225.98,50.98,POPS
209.53,329.18,DPSM
473.30002,368.66,DPPC
378.88,188.22,DBSM
76.46,211.32,PIPC
415.46002,505.93,PIPC
542.85,199.79001,POPE
569.71,274.26,PAPC
70.05,78.42,PGPS
368.77997,181.18,DLPE
162.98999,199.56,PAPS
497.29,282.74,POPS
310.84,343.00998,DPPC
327.12003,188.05,PAPC
145.58,175.48999,DPPE
134.32,256.3,PAPS
164.13,357.8,DOPE
194.42,323.95,PIPC
90.880005,134.54001,POPS
285.84998,69.1,POPC
378.34998,386.22003,PAPS
512.65,414.98,PIPC
21.189999,134.0,POPC
134.83,297.75,PAPS
351.01,100.0,PIPE
110.76,540.61,PIPC
112.19,378.13,DLPE
147.75,522.99,PAPS
346.25,0.96000004,POPC
307.91,27.97,POPC
525.95,76.27,DPPC
249.94,512.83,DPPE
36.14,372.22,POPC
245.43,239.48,DAPE
511.6,381.41998,PAPS
216.31,183.4,PIPC
525.1,348.07,DLPE
127.5,268.3,PAPC
286.12,568.59,PAPC
552.65,222.33,PIPC
403.0,299.41998,PAPS
554.1,419.1,DPPC
197.09,56.26,POPC
362.44,153.14,DPPC
142.12,22.11,DPPC
71.17,7.13,PIPC
422.52,449.03998,POPC
100.9,189.29001,DPPE
12.799999,366.75,POPS
427.57,19.5,DPPC
266.49,528.83,POPC
286.62,352.59998,PAPS
108.63,444.8,DPPC
289.3,469.61,DPPC
170.18999,402.15,POPC
429.72998,255.84999,POPC
248.19,12.02,POPS
524.35004,365.25,PAPC
183.98001,127.86,PIPC
190.38,38.11,DPSM
472.16,69.33,DPPC
168.19,449.1,POPC
437.24,562.79,DOPE
460.39,461.34998,PAPS
377.24,446.19998,DBSM
161.59,112.43,PAPC
57.92,507.55002,PIPC
515.44,12.200001,DOPE
89.16,526.14,POPC
148.25,212.93,PAPS
362.16,340.57,DPPC
377.52,496.72,POPE
293.86,548.19,PIPC
273.71,277.96,PAPC
18.01,481.95,POPC
332.37,456.26,POPE
561.22003,524.99,POPC
485.71,408.81,PIPC
334.48,465.87003,POPC
247.23,322.87,DPSM
329.88998,238.62,DPPC
96.11,569.28,DPPC
124.44,66.009995,DPPC
532.19,306.4,PGPS
294.43,564.09,POPC
260.54,174.20999,DPPE
157.18001,29.560001,DPSM
220.87999,356.78003,DAPE
261.18,70.99,DOPE
376.18,487.22,DPPC
162.42001,57.350002,DPPE
382.07,282.08002,POPC
65.75,338.11002,DOPE
300.66998,397.05002,DPPE
390.84,69.47,POPC
480.37997,528.27997,POPC
245.91,45.69,DPPE
461.34998,496.94,DLPE
357.3,194.51001,PAPC
227.75,331.99002,DPPC
187.47,462.82,PAPC
378.5,201.63,POPC
350.54,14.08,DPPC
132.28,288.03,PIPC
164.45,418.55,DXSM
32.17,77.04,POPC
301.99,268.89,DPSM
279.99,220.3,DBSM
558.12,560.56,POPE
360.61002,101.549995,PIPC
152.28,229.16,DOPE
409.78,142.72,DLPE
340.83002,299.85,POPE
443.63998,509.91,POPC
275.15,170.24,DBSM
276.94,493.89,DPPC
116.13,123.29001,POPE
383.28,303.67,POPS
289.9,328.49,DLPE
431.18,445.04,PAPC
353.16003,493.87,DLPE
367.52,482.96002,PAPC
204.37,562.21,DPSM
543.37,497.77002,PGPS
72.0,442.99,POPS
493.2,229.62,DPSM
172.45001,375.57,DXSM
127.25,544.99,DPSM
182.16998,276.02,PIPC
444.74,163.72,DOPE
561.01,491.53998,DPPC
102.46001,283.93,POPE
492.16998,436.09003,POPC
10.360001,384.11,DPPE
48.309998,364.07,POPS
405.28998,118.020004,DOPE
293.67,128.51,DBSM
405.11002,270.68,POPS
411.06,59.739998,DPPC
552.22,401.92,PIPC
337.99,421.5,PGPS
369.33,362.85,POPE
186.39,155.72,POPC
284.53,519.86,DPPC
377.28,234.05,POPE
19.58,328.47998,DPPE
382.78,420.57,PAPC
166.04999,167.90001,PAPS
497.90002,243.33,DAPE
29.6,431.4,DPPE
318.71,567.24,DPPE
334.3,171.22,PIPC
242.76,156.27,POPS
340.97,317.47998,POPS
267.19,281.43,DPSM
288.58,114.38,POPE
218.19,208.48,DPPE
169.10999,174.43001,POPC
557.6,147.97,DPSM
220.11,164.81001,DPPE
402.38,356.69,DPPC
61.68,46.539997,DPSM
59.29,570.26,DLPE
13.09,448.41998,POPC
240.28,64.42,POPE
359.46997,290.25998,POPE
5.56,370.9,DBSM
95.979996,507.76,POPS
555.23,213.26999,POPC
250.93001,545.47003,POPC
177.08,360.62,DPPC
136.75,442.94,POPE
51.989998,388.05,PIPC
149.45,310.55,POPC
11.76,185.1,POPC
148.0,47.75,PAPC
477.86,341.30002,POPC
217.07,418.54,POPC
193.58,265.02002,DPSM
173.25,353.05,POPC
35.989998,390.86,DPPC
499.1,84.79,POPC
235.18999,178.57,POPC
436.30002,425.0,DBSM
60.59,214.05,POPC
250.55,113.77,DPPE
179.68001,20.33,DPPE
239.38998,248.17,PIPC
197.78,261.18,DPPC
162.51,463.06,DPPC
31.849998,85.43,DXSM
104.14,463.99,PIPC
296.08,301.91,DPPC
79.68,354.71002,POPE
438.47998,33.71,POPS
374.99,254.62,DPSM
403.19,184.59,DPPC
137.85,209.17,POPE
154.82,285.55,PGPS
56.83,281.42,DPPE
564.52997,226.95,DBSM
316.56,378.04,POPE
465.26,367.63,DLPE
142.20999,429.72,DPPC
35.52,210.75,POPC
158.73,432.54,DPPC
49.559998,226.15,POPE
511.06,4.58,DPPE
492.42,307.32,DPSM
464.21002,44.699997,POPC
357.29,271.16,POPC
21.06,120.159996,PAPC
471.59,145.12,POPS
184.66,423.21,PAPC
389.77002,561.67,DPSM
541.0,493.21997,POPE
448.13,10.240001,PIPC
224.54001,186.59,PGPS
536.64,222.52,POPS
338.55,112.659996,DPPC
482.87,549.41003,DPPC
545.18,375.75,DPPC
1.9499999,454.65,POPC
206.15999,112.700005,POPC
283.49002,411.73,DPPC
84.67,422.16998,DPSM
124.75,143.49,POPS
180.07999,230.87999,DPPC
434.5,436.69,DPPC
282.12,138.62001,DPPE
489.62003,232.36,POPC
334.42,530.61,DPPC
51.269997,500.74002,POPC
239.43001,522.18,POPC
119.22,420.06,POPC
323.46002,206.25,POPE
23.46,469.49002,POPE
85.13,153.29001,DPPE
25.220001,101.96999,DPPC
56.87,368.63,PAPC
353.59003,359.86,PIPC
257.61,465.76,POPC
64.91,329.69,PIPC
235.23001,467.2,PIPE
427.18,33.17,DLPE
385.43,70.560005,DPSM
223.48,24.64,PGPS
521.52,448.72003,DPPE
428.87,93.27,POPE
321.6,97.17,POPC
167.0,471.06,DPPC
365.97,121.13,DPPC
266.62,47.54,POPC
471.09003,74.43,DBSM
300.87,119.23,DPSM
260.5,180.66,DPPC
385.87003,103.69,DAPE
214.27,252.25,POPC
139.88,16.460001,DPPC
45.42,44.03,DPPC
321.83,281.34,PGPS
449.06,412.82,PIPC
191.8,446.59,POPC
442.26,241.20001,POPC
470.66003,248.93999,DPPC
256.59,166.11,PIPC
168.58,228.13,POPE
42.199997,319.55,POPC
553.97,255.84,POPC
407.94,215.48001,PIPC
127.9,176.37,DLPE
87.22,544.56,PAPC
289.03998,275.14,DBSM
310.86002,352.03998,DPPC
356.43002,221.90001,PAPS
306.47,211.77,PIPC
397.59998,352.27002,PAPC
86.81,506.86002,PAPS
181.56,499.03998,POPC
365.16998,353.38,PAPC
426.72,121.2,POPC
277.75998,386.64,DLPE
81.12,507.07,DPPE
44.37,225.87,POPC
44.59,413.59003,DPPC
426.94,213.98001,PIPC
268.87,546.08,DLPE
455.2,349.29,POPC
469.25998,99.69,PAPS
109.83,480.67,POPC
495.35,466.34998,DPPC
240.34,73.61,DBSM
37.35,254.85,PAPC
366.08002,12.43,POPE
4.19,248.37,DLPE
250.20999,280.15,PAPS
162.12999,159.84,POPC
326.34998,253.97,POPS
359.71002,171.98,DPPC
359.3,307.22,PAPC
476.53998,323.77997,DPPC
291.43,479.94,DPPC
97.48,139.37,DPSM
268.97,411.88,POPE
84.619995,474.43,DPPC
55.48,187.54,POPC
217.94,156.01,DPPC
113.92999,24.11,DPPC
21.46,505.14,DPPC
41.550003,309.31,POPC
262.4,441.66,DPSM
171.45001,335.37,POPE
447.87,76.43,PIPC
484.3,96.07001,DPPC
13.58,340.75,DPPC
67.39,360.96002,DPPE
170.11,212.52,POPC
88.39,230.13,DPPC
10.620001,65.729996,PAPC
540.28,471.86002,POPC
26.070002,335.76,DPSM
39.36,532.55,PAPC
203.09999,231.65001,DPPC
375.28,482.71,DPSM
431.96997,352.03,POPE
526.99,32.07,POPC
130.19,53.55,PIPC
176.31,251.69,PIPC
218.93999,298.22,PAPS
491.41998,174.62999,DPSM
301.22998,276.87,DLPE
416.57,298.34998,PIPC
407.38,475.6,POPC
43.920002,287.14,DAPE
493.81,164.93,DPSM
384.38998,94.38,POPC
520.67004,543.52,DPPC
307.38,88.07,POPE
101.3,476.78003,PIPC
36.14,344.75,DPSM
194.23001,545.92,DPPC
348.08997,138.35,POPC
50.42,472.75,POPS
301.76,517.3,DXSM
322.13,369.43,DLPE
96.04,182.29001,DPSM
282.88,183.34,DPSM
49.68,349.74,PGPS
155.68,517.97003,PIPE
213.79999,230.45,DPPC
266.07,226.58002,DPSM
56.020004,52.91,DPPC
351.11,529.33997,POPC
492.41,102.78,POPC
55.5,180.07999,PAPC
124.45,522.68,DPPE
401.04,209.44,PIPC
192.61,407.72998,POPC
548.54,134.61,POPC
446.26,401.9,DXSM
369.02002,341.86002,POPC
485.53003,70.34,DAPE
447.99,4.15,POPS
290.40002,416.34998,DPPE
287.52002,89.78,DPPC
299.34,140.68,DPPC
464.85,551.32,PAPS
556.22003,369.99,DPPC
466.91003,240.16,DPPC
127.04001,238.41998,PIPC
71.16,241.75,PAPC
96.75,4.0,DPPE
120.43,103.170006,DPPC
515.92,168.12,DBSM
153.31,487.3,DPPE
426.24,107.67999,POPS
282.32,397.25,DPPE
552.69,378.84,DPPE
96.7,361.13,DPPE
108.950005,337.83002,DPPC
147.48999,238.25,DPPE
167.35,328.88,PAPS
545.55,513.63,POPE
348.26,490.05002,POPE
458.53,545.92,DPPC
261.29,110.26,DPSM
480.25,450.73,POPC
539.11,398.47,POPE
307.90002,128.67,PIPC
110.25,81.28,PGPS
235.42,435.97998,PAPS
142.28,334.61,POPC
309.86,231.01,POPC
205.56,373.30002,DBSM
35.899998,412.27002,PIPC
260.86002,469.57,POPC
341.79,482.91,DBSM
265.82,173.09999,DPSM
513.79004,569.44,DPPC
17.2,192.85,PAPC
312.46,327.76,POPC
480.91998,118.39,PAPC
377.03,162.44,DPSM
198.19,174.31,DAPE
419.72,125.77,POPS
210.73999,6.76,PAPS
507.94998,477.59998,POPE
218.98001,116.619995,DPSM
512.19,540.55,DPSM
487.01,499.08002,POPS
87.24,181.17001,DPPC
10.12,130.83,POPC
429.91,27.21,DLPE
495.22,93.6,DXSM
557.84,312.32,POPC
39.84,428.1,POPS
495.28,404.24,DPPC
402.78998,513.5,POPC
22.15,56.75,DXSM
28.900002,415.91998,PIPC
139.47,284.44,PIPE
403.30002,544.78,POPS
489.61,556.01,PGPS
493.97,469.61,POPS
228.73,314.1,DPPC
304.74002,16.75,DPPC
475.35,225.67,PIPC
252.56,367.72,POPC
42.280003,175.87999,DLPE
125.64,5.03,PIPC
329.57,334.98,POPC
366.75,84.899994,DPPC
436.73,414.02002,POPS
79.32,71.22,PAPC
384.59998,108.170006,PIPE
61.339996,342.94,DPSM
13.389999,11.71,DLPE
225.84,349.97003,POPC
566.09,82.49,DPSM
265.43,485.75,POPE
202.8,117.95,DPSM
11.25,544.75,POPC
407.96002,18.05,DPPE
102.41,233.23999,PGPS
165.3,130.54,DPPC
350.75,352.25,POPC
217.85999,79.54,DPPC
536.58,132.01001,PIPC
46.32,100.12,DAPE
274.03,311.69,DPPC
328.54,49.2,DPPC
368.12,409.44,PAPC
353.28,248.45,POPS
228.28,37.84,DPSM
330.83002,489.69,DPSM
161.18,412.12003,DPSM
169.97,301.47,DPSM
107.42,29.79,PAPC
25.61,32.87,PAPC
507.09,14.39,DPPC
473.08,417.71,PAPS
489.3,171.12,DPSM
349.0,261.35,PIPC
539.03,310.73,DPPC
422.85,86.26,DOPE
534.95996,325.25,PAPS
417.21002,102.600006,PIPE
9.89,428.21997,DLPE
144.91,321.88,DPSM
134.06999,190.0,DXSM
70.94,323.93002,POPS
87.259995,158.82,DPPC
290.31,142.55,DPPC
442.74,327.58,POPS
181.8,554.86,POPC
439.74,319.59,DPPC
252.31001,260.28,POPS
55.9,349.8,DPPC
200.99,106.25,POPC
287.64,146.7,PIPC
358.66,18.39,DPPE
75.630005,178.54999,DPPE
280.66,303.98,PAPC
460.66003,326.9,POPC
39.96,367.8,DPSM
310.77,169.64001,PAPC
34.29,498.02,DBSM
78.16,418.18,POPE
516.2,520.74,PAPS
246.52,88.590004,POPC
239.12001,139.79001,DPSM
149.26,564.58,DPPC
437.56,544.03,POPS
505.78,456.81,POPC
192.57999,101.479996,POPC
250.67,151.72,DPPC
253.4,17.27,POPS
413.21997,366.91003,PIPC
533.51,83.76,DPPC
190.56999,365.02,POPC
286.99,505.69,POPC
188.3,328.06,POPC
394.32,482.34003,DBSM
341.0,177.26999,DBSM
264.69998,382.13,POPC
221.98,2.58,PIPE
61.64,228.82,DAPE
513.47,332.35,POPS
236.15999,292.95,DPPC
456.59,527.99,PIPC
450.82,519.14,DPSM
417.7,437.62,DPSM
449.77002,254.48999,POPC
262.44,99.78,POPC
355.49,376.38,PAPS
95.64,387.55002,DPSM
151.15,150.43001,PAPC
6.25,266.69,POPC
333.13998,570.77997,PAPS
246.17001,457.01,DPPC
342.66998,256.04,POPC
47.0,19.84,POPE
535.68,559.92,PAPC
124.97,165.53,POPE
567.73,490.84,PAPS
557.16,162.66,DPPC
92.270004,205.45999,POPE
273.19,80.649994,POPC
233.23,14.51,DBSM
425.81,391.13,PIPE
140.65,271.43,PIPE
38.42,185.13,POPC
129.81,395.2,PAPC
49.79,330.6,DPPC
106.65,312.05,DBSM
429.81,128.52,DPPC
120.45999,249.29001,PGPS
94.759995,233.26001,DBSM
246.64,0.28,DLPE
429.78,138.33,PIPC
251.56,411.72,PAPC
322.22998,157.64,PAPC
239.47,193.6,POPS
282.33,209.97,POPC
359.32,455.50998,POPS
542.94995,273.21,POPC
272.16,446.09003,POPC
97.79,222.35,DPPC
59.96,430.78,DOPE
133.09,310.63998,DAPE
486.94,310.56,DPSM
475.09,313.46002,POPS
36.5,395.76,DXSM
172.2,532.18,DPPC
532.57,233.57,DPPC
563.25,483.00998,DOPE
175.63,389.56,DPSM
497.37,443.97998,POPC
241.49,32.36,PIPE
236.23,509.25,DOPE
396.21,360.50998,DBSM
301.66,311.08,DPSM
533.92,46.01,POPC
197.29001,423.47,POPC
154.51999,310.84998,DBSM
146.77,14.82,DBSM
231.90001,501.41998,DPSM
17.11,60.42,DBSM
518.04004,209.78,DBSM
482.41,358.67,PAPC
18.98,335.63,PAPC
91.31,311.55002,POPC
256.79,59.32,POPC
135.02,495.11002,DPPC
354.97003,499.57,POPC
235.47,38.14,PGPS
190.51001,259.88,DPSM
509.58002,106.23,DPSM
182.79,378.1,PAPC
107.76,474.03998,DBSM
422.09998,230.55,POPE
368.2,319.43,DLPE
62.420002,83.92,DPSM
429.14,483.33002,POPC
438.21,267.42,PIPC
275.56,49.89,POPE
117.02,557.88,POPE
462.57,89.420006,POPS
560.51,321.25,DPPC
567.52,435.94,POPC
430.93,398.26,POPC
76.85,283.13,DLPE
366.40997,130.53,DPPE
286.96,80.39,POPC
216.38,406.62,DLPE
448.84,530.36,DPSM
278.93,438.67,DXSM
104.5,80.06,DPPC
444.24,535.37,DPSM
329.37,465.05002,POPE
143.57,491.08002,DLPE
2.12,532.06,PAPC
224.45999,391.17,DAPE
416.53,277.45,PIPC
285.84,388.94,POPC
63.08,63.940002,DPSM
181.63,354.31,DPPC
207.77,187.44,POPC
133.8,539.88,PIPC
139.69,306.08,POPC
196.04001,220.84999,POPE
504.46,544.75,DPPE
247.36,482.03998,DXSM
3.95,198.12,POPC
271.37,245.40001,POPC
288.59,430.74002,POPC
387.09998,424.46997,PIPE
471.92,514.68,DAPE
318.39,217.77,DPPC
189.25,423.32,POPC
213.84001,374.75,DPPC
301.01,255.95,DPPE
186.01,71.34,POPC
254.16,527.44,POPC
245.11,173.67001,DPPC
215.70999,364.09,DAPE
505.68,340.53003,DPPC
507.44,505.34,POPC
4.35,84.39,DBSM
468.30002,169.79999,POPS
257.94,386.61,PGPS
232.52,427.54,POPC
17.23,105.59,PAPS
318.16,340.53003,DPSM
471.53998,79.56,POPS
131.06,275.76,PAPC
255.14,471.6,PGPS
29.55,153.84,PAPC
434.0,61.59,POPS
279.26,150.97,DLPE
360.01,353.04,POPC
186.56999,541.1,DPPC
488.33002,19.17,PGPS
145.92,463.08,DLPE
490.88,212.62,DPPE
435.34,478.2,POPS
200.62,324.11,DPSM
64.619995,404.91,DBSM
326.73,26.140001,POPC
309.43,541.62,DPPC
475.11002,85.380005,DPPC
339.09,103.34,PIPC
187.90001,486.72,PGPS
139.69,129.54001,PIPC
527.63,5.83,POPC
570.64996,111.70999,POPC
230.68001,244.34999,DPPC
191.91,533.76,POPE
325.19,313.65,POPC
113.94,411.27997,POPE
314.78,238.93999,DPPC
437.8,387.15,POPS
79.28,412.90002,POPC
536.06,178.34999,POPC
179.01,548.87,POPS
86.78001,141.7,POPS
363.67,30.599998,DPPC
558.22,359.53,DPPC
531.87,35.050003,DPPC
318.56,225.3,PAPS
365.32,288.11002,POPC
73.49,523.87,DPPE
502.75,77.729996,DPPC
510.44,551.19,PIPC
102.35,94.64,PAPS
271.48,27.18,DPPC
320.61002,78.31,DBSM
314.82,299.55,DXSM
90.55,401.0,DPSM
163.61,506.55,DAPE
157.75,382.72,POPE
113.05,367.89,DPSM
68.6,290.16,PAPS
195.79001,398.77997,DPSM
382.78998,130.59,DOPE
401.86002,40.510002,DPPC
545.46,72.05,POPE
391.36002,532.35,DXSM
507.78,515.62,DBSM
550.98,369.33,DPSM
221.92,174.64001,DPSM
570.51996,117.51,POPC
135.20001,423.65002,DPPC
281.6,12.33,DOPE
307.88998,479.79,PIPC
448.19,486.22003,POPC
55.739998,21.689999,DLPE
501.8,439.03998,POPC
427.87997,386.09003,DAPE
209.25,106.42999,DLPE
430.89,289.19,DAPE
474.58002,167.89,DPSM
0.28,395.35,PAPC
418.07,69.1,DAPE
161.88998,541.20996,DLPE
366.19,134.79999,DBSM
30.83,462.89,DPSM
371.93,309.29,DBSM
332.26,65.91,PIPC
151.36,477.90002,DPPC
40.73,292.11002,POPE
357.82,119.64,DBSM
106.86,230.93001,DPSM
561.91003,55.39,POPC
149.86,164.33,POPC
378.05,37.35,POPC
524.52,245.48999,POPC
211.72,506.66998,POPC
288.49002,285.83002,POPC
353.71,416.88,PIPE
0.78000003,175.63998,POPC
210.13,258.89,DPPC
518.52,408.95,PAPC
127.17,189.93,DLPE
463.21997,142.86,DLPE
140.37,181.60999,POPC
446.47,255.06,DPPC
136.62,199.29001,DPPC
293.06,531.23,PIPE
550.44995,167.54,DXSM
110.82,204.14,DPPE
402.44,266.73,POPC
456.0,435.78,POPC
426.31,202.34,POPC
113.06,104.630005,POPC
316.15,333.54,POPE
389.65,397.83002,POPC
450.63,159.31,POPC
569.73,524.64,DPPE
261.65002,543.41,POPS
54.09,124.420006,PAPS
254.23001,404.48,DBSM
277.13,350.7,POPC
286.21,343.66,POPC
83.909996,448.03003,POPS
50.54,456.66,PIPC
30.480001,495.61002,POPC
319.02002,451.34,DPSM
495.97998,338.73,DPPE
570.05,41.690002,PAPC
568.88,62.47,DPPC
416.53998,471.25,POPC
434.87,8.22,POPC
326.1,271.42,POPC
489.35,388.08,DPPC
478.43,272.71,DPSM
156.03,318.43,POPC
80.92,254.20999,DAPE
521.38,569.08,POPC
220.47,544.52997,POPE
514.07,367.90002,DOPE
247.23,308.22,POPC
514.19,485.81,POPS
371.53998,475.57,DLPE
251.78,211.60999,PAPC
56.86,519.61,DBSM
132.84,183.77,POPC
372.27002,494.8,DPPC
135.92,147.87,PAPC
321.9,327.26,POPC
500.39,564.51,PIPC
25.61,513.64,DBSM
115.240005,462.05002,POPC
225.56999,402.36,DXSM
470.63998,304.84,DBSM
555.83,105.11,DLPE
390.5,277.51,DPSM
93.16,378.45,DOPE
485.66003,197.42001,POPC
456.04,43.89,DBSM
362.40002,475.96002,DBSM
464.03,189.89,POPC
443.75,395.53003,DPSM
108.4,116.75,DBSM
467.21002,109.93,DPPE
259.47,350.19,POPS
394.19998,565.54004,PIPC
258.25,359.16,POPE
23.66,189.76,PAPS
33.05,167.49,DPSM
470.02,544.67,DXSM
144.08,510.34,PIPC
413.93002,122.58,DPPC
40.0,329.66998,POPE
258.68,267.08002,PIPC
292.11002,179.53,DPPC
396.56,399.93,POPC
4.3,318.62,POPC
320.43,517.79,DPSM
194.51001,137.34,DLPE
373.06,172.91,POPS
493.13998,349.48,POPE
307.71,136.65,DPSM
114.44,197.85999,DPSM
481.19,83.8,POPC
116.759995,155.23,POPE
192.56,225.86,POPC
25.510002,89.57,DAPE
377.12003,264.24,PAPC
267.63,447.31998,DPPE
319.06,259.96,POPC
266.5,15.549999,POPE
289.66998,315.28998,DPPE
102.07,353.91998,POPC
429.07,562.12,POPC
346.23,5.6699996,PGPS
4.55,435.49,POPC
352.0,305.33002,PGPS
131.63,129.23001,DBSM
447.43,181.11,DBSM
133.72,235.84999,PAPC
332.36,77.33,PIPC
510.28998,441.75998,PIPC
2.87,276.86002,POPC
105.439995,160.66,DPPC
422.82,316.66998,POPC
482.02,512.64,DPPC
129.29,462.72998,POPS
469.33997,344.88,PAPC
415.89,318.7,DXSM
265.91998,502.3,DXSM
260.96002,81.689995,PAPS
212.73001,311.98,DBSM
84.090004,405.66003,POPC
276.61,203.06,DAPE
235.04,188.44,DPSM
304.23,80.14,PAPS
253.84001,347.75,DLPE
240.01,15.97,DPPC
293.09,384.0,PAPS
560.79,240.61002,DPPC
157.52,441.79,DBSM
69.770004,475.21,POPE
106.4,62.550003,POPC
165.37001,11.18,PAPC
53.829998,218.47,DPSM
351.16,458.15,DPPC
554.23,306.19,PIPC
176.43,434.86,POPC
536.02,346.49,DPPC
33.92,337.48,PIPC
188.75,276.6,DPSM
321.5,442.76,PAPS
380.61002,23.050001,POPE
361.83997,511.31,PAPC
212.35,489.52,POPS
90.79001,534.7,PAPC
290.73,361.59,DAPE
250.01,53.520004,DLPE
310.53,73.93,POPC
207.19,480.22,DAPE
501.96,365.52,DLPE
185.44,317.63,PAPS
101.25,207.62,DPPC
262.18,244.06999,DPPC
128.89,472.02,PIPC
69.11,237.08,DPPE
176.95,418.86002,DPSM
570.5,241.43,DPPC
306.53998,458.41,PGPS
309.09,494.94998,POPC
17.26,309.57,POPC
365.78998,275.21,DPPC
322.59998,364.52,PIPC
279.69,142.11,PAPC
114.58,33.23,POPC
104.03,365.61002,POPC
26.42,134.55,DPPC
139.66,139.51999,PAPS
420.57,209.12001,POPC
431.77,498.51,POPC
320.84998,244.86,DPSM
266.38,262.15,DPPC
240.15,93.29001,POPC
287.7,549.1,DPPC
241.60999,101.770004,DPPC
284.03,325.71997,PGPS
122.85,551.58,POPC
109.87,356.4,POPC
152.06,396.87,POPC
569.58,72.83,PAPS
475.06,465.9,PIPC
283.88,556.19,DPPC
103.909996,562.34,POPS
451.62997,289.85,PIPC
152.73,109.36,DPSM
489.65,41.79,DPSM
319.13998,179.57,PIPC
258.76,567.3,DPPE
48.27,547.58,POPC
273.67,152.19,POPC
176.45999,312.18,POPS
11.26,227.33,POPE
168.79,319.12,PAPS
215.5,427.62,DPSM
530.12,379.94998,POPC
488.52002,531.19,DBSM
414.01,146.82,DBSM
412.59998,337.26,DOPE
475.78,521.46,DPPE
110.02,136.36,POPC
378.52002,295.22,DPPC
377.06,362.90002,POPC
223.67001,152.52,PIPC
221.79001,422.71,DPPC
151.44,131.78,POPC
415.01,118.450005,POPC
4.59,189.14,POPC
59.87,205.34,DXSM
554.82,190.17,PIPC
377.51,241.64,DPPC
72.0,134.22,DPPE
186.67,500.02,DPSM
149.12,279.99,PIPC
393.30002,41.11,DPPC
207.8,203.85,PAPC
353.99,468.63998,DPPC
141.23,470.84998,POPC
555.48,269.25,DPPC
365.88,528.27,DPPC
474.42,156.40001,PAPC
356.53998,27.38,POPC
99.119995,337.84,POPE
144.96,8.22,DPPE
105.49,122.03,POPS
410.22998,423.56998,POPE
435.83002,77.7,DPPC
548.85,113.12,POPE
65.72,321.75,PAPC
115.8,225.35,DPPC
462.38,307.42,DPPC
346.57,418.43,PAPC
478.13,440.89,PAPS
139.9,569.93,DPSM
29.449999,15.629999,DPSM
527.08,308.04,POPE
173.09999,84.64,DPPC
60.27,112.03,POPC
339.59998,208.5,DBSM
156.52,104.01,DPPC
370.14,550.23,PIPE
335.86,357.85,DLPE
104.69,266.63998,DPPC
7.6200004,112.159996,POPC
236.87,394.58002,DAPE
370.57,89.95,DBSM
23.07,439.63,DPPC
369.08002,303.95,PIPC
99.54001,26.74,PAPS
180.37001,80.86,DPSM
342.61002,350.11002,DPPE
83.29001,347.78,DPPE
324.05,72.42,DBSM
142.88,541.76996,DAPE
456.34998,488.08997,PAPC
108.47,176.52,PIPE
322.52,553.82,PIPC
68.200005,400.63,PAPC
38.88,234.33,DBSM
204.56,206.37,DPSM
80.89,59.510002,POPC
307.64,453.65002,POPE
286.53,455.04,DPSM
76.14,154.15,PGPS
418.82,152.77,PIPC
307.05,391.96997,POPC
495.37997,252.5,DAPE
273.52,553.72003,DBSM
566.38,254.61,DLPE
427.21002,417.91998,PAPC
281.25,259.92,DPSM
415.01,233.6,PAPC
452.69,111.409996,DPPC
69.75,51.59,DPPC
16.91,300.87,POPC
452.78,329.19998,POPE
287.13,122.15,DPPC
342.48,427.15,POPC
58.88,391.83,DLPE
49.61,448.11002,DBSM
41.98,204.42,PGPS
416.78003,499.11,PIPC
172.98999,128.81,POPC
383.58002,451.75,PIPC
99.92,554.61,DBSM
76.34,293.47998,DPPC
404.24,461.59,PAPS
390.69,226.23,POPE
270.69,505.15,POPC
155.22,60.079998,PIPC
294.55,109.189995,PIPC
494.83002,83.42,POPS
2.71,166.38,PIPC
336.13,22.07,DPPC
153.68,339.71002,POPC
407.55002,294.19,DPPE
316.88998,56.31,PIPE
509.81998,495.83002,DXSM
494.35,184.02,POPE
348.24002,375.65,POPE
310.58002,247.09,DPPC
329.41003,439.63,PIPC
7.91,397.78,DPPC
411.15002,211.41,DAPE
241.17001,169.94,PAPS
291.31,119.15,DPPE
450.73,549.84,PAPC
349.98,143.05,DPPC
331.18,370.37997,DPPE
323.5,129.41,DAPE
131.39,197.34,DPPC
562.62,184.66998,DPPC
469.08002,44.61,POPS
440.84,205.20001,PIPE
347.64,42.25,DAPE
306.07,41.86,PIPC
225.98,370.50998,PAPC
173.5,384.91,DPPE
387.25,535.79,POPC
466.09003,256.37,DPPE
244.02,198.17,DBSM
256.84,217.26,DPPC
120.240005,395.48,DPSM
513.77997,398.82,DLPE
146.26001,0.96000004,PIPC
425.52,404.88,DXSM
188.15001,52.659996,DPSM
77.24,167.11,POPC
417.28,407.3,POPC
430.2,1.3600001,PIPC
14.099999,569.21,PAPC
486.40997,352.90002,DPPC
271.91998,95.100006,POPC
319.9,315.02002,POPC
542.56,431.27,DXSM
538.35,280.25998,DPPC
523.07996,401.02002,DOPE
236.32999,449.99,PIPC
363.17,98.92999,POPE
509.33,561.69995,POPC
355.09998,0.58,PIPC
285.86002,184.02,DPPE
423.28998,557.0,DBSM
155.45,460.05002,DBSM
512.44,423.86002,POPC
345.31,98.909996,PIPE
406.78003,343.63998,POPE
330.48,498.71,POPC
69.92,542.2,PAPS
300.41,536.03,POPC
240.68001,268.2,PAPC
345.35,86.14,DPSM
535.11,385.37,POPC
174.81001,63.61,POPC
515.77997,141.45001,POPC
209.57,100.53001,DPPE
490.22998,152.77,PAPC
329.38,11.5199995,PIPC
78.38,135.15001,DBSM
390.15,18.37,POPC
142.98001,122.03,POPC
117.08,37.850002,DPPE
556.72003,131.5,DPPE
409.06,221.84999,POPS
93.229996,243.59,PGPS
291.88998,375.63998,POPS
276.03,109.45,POPE
114.39,254.79001,DPPC
393.27,340.0,DPSM
518.41,282.88,DPSM
20.710001,114.04,DXSM
418.2,196.78,DPPC
296.78,126.619995,POPC
358.77997,360.16998,POPC
94.15,288.06,PAPC
540.16,257.16,DPSM
216.63,328.13,POPC
229.14,472.72,PIPC
2.21,27.980001,PAPC
188.79999,458.47998,PAPC
439.78,296.49,DXSM
281.86002,54.08,DPPC
567.76,7.64,DBSM
464.23,349.03998,PAPC
564.56,351.41998,PGPS
157.43,231.56,DPPC
118.28,191.84999,DOPE
327.62,98.56,POPC
496.47,433.55,POPC
152.42,221.91,PAPC
83.43001,562.73,DLPE
16.380001,506.01,DPSM
352.22998,174.62999,DPPE
561.33997,77.04,DPPC
481.62,367.52,PIPE
349.88998,63.239998,DXSM
392.69,452.68002,POPC
138.98,224.84,PIPC
482.71,532.76,DPPC
302.11002,187.83002,DBSM
15.299999,357.49,DXSM
471.04,126.58,DPPC
434.46,160.68001,DPSM
299.79,450.66003,DLPE
316.66,117.11,DPPE
176.52,511.30002,DPPE
420.14,15.17,POPC
213.09,40.07,POPC
171.01999,543.03,DPPC
178.37,70.520004,DPPC
464.21002,359.16998,DPPC
282.27,235.24,DBSM
477.13,76.57,POPE
206.0,173.47,POPC
53.15,436.38,POPC
438.71,494.08002,PAPS
144.72,339.22,DPPC
193.64,2.14,POPC
556.57,138.0,PIPC
441.08002,443.49,POPC
104.08,520.39,DPPC
260.31,218.54999,PAPS
346.13998,116.450005,POPE
461.93,336.98,PAPS
78.020004,242.0,POPC
432.81,53.62,DPPE
305.84,546.69,POPC
487.14,61.78,POPE
523.65,488.00998,DPPC
451.83997,494.63,DPPC
307.21002,502.49,POPC
280.31,26.630001,DXSM
523.48,195.35,POPC
116.54,87.299995,DPPC
452.93,269.81,DPPC
251.19,493.95,DLPE
317.5,308.41,POPE
179.90999,301.09,DPPC
363.43,566.09,DPPE
375.58997,415.78,DLPE
371.64,562.4,DPPE
214.92001,476.88998,DPPC
94.700005,115.75,DAPE
419.03,327.91998,POPE
58.35,552.27,DPSM
371.91003,57.53,POPC
217.42001,90.909996,DBSM
539.09,136.53,POPE
151.34,519.39996,DPSM
365.37997,461.25,DPPC
383.51,333.79,DPSM
553.82,114.04,POPE
410.50998,304.55,DPPC
501.69998,385.35,PAPS
104.98,548.51,POPC
72.9,115.25,PIPC
158.59999,475.71997,POPE
408.17,135.51,POPC
492.38998,142.69,DBSM
346.22003,344.19,POPC
320.77,150.41,DBSM
208.05,404.46997,DPSM
540.28,297.22,POPC
236.25,360.36,POPC
83.73,236.01999,DPPC
109.420006,404.7,POPC
19.39,234.16,DXSM
423.94,516.82,DPSM
72.94,307.99,PIPC
308.47,472.63,DPPE
172.29999,35.27,POPC
445.56,121.0,DPPC
394.84003,147.08,DPPC
220.09001,258.34,POPC
125.92,388.43,DPSM
510.77,278.24,PAPS
531.3,338.9,PGPS
388.87,249.75,POPS
486.56,179.40001,PIPE
309.64,406.96997,PAPC
191.06001,495.71,PIPC
540.06,97.46001,DOPE
256.73,307.55,DPPC
492.05002,274.83,POPC
426.93,206.62001,PIPC
269.05002,121.75,PAPC
382.87997,193.03,POPC
362.97,296.19,DBSM
169.36002,438.77997,DPPC
559.8,427.02,PAPC
384.61,525.44995,POPC
21.470001,275.78,DLPE
453.9,397.82,PAPS
469.81998,89.2,DBSM
448.84998,394.16998,POPE
239.62,500.93,POPS
39.11,381.62,DLPE
424.53,439.19,POPC
81.87,111.16,PAPS
527.3,98.73,DBSM
479.97003,373.58002,DPPE
434.52,459.18,POPC
95.12,520.69,DBSM
36.8,294.03,PAPC
245.59,504.52,DPSM
452.81,265.38,POPC
447.89,41.030003,POPC
156.28,560.51,DLPE
193.25,116.78001,DPPC
44.41,35.06,DPPC
98.21999,18.94,POPC
114.399994,79.91,DPSM
316.69,387.12003,DPPC
349.08002,477.03,DPPC
56.25,398.94,PIPC
518.4,106.64,POPE
221.34001,517.07,DPPC
255.61002,314.27,POPC
105.579994,13.990001,PIPC
264.64,181.78,POPE
507.56,262.64,DPPE
416.62,491.27997,PIPC
470.53003,282.08002,POPS
568.55,17.07,DBSM
125.15,249.23999,DPSM
64.520004,1.05,POPC
383.2,413.03003,POPC
532.76,445.73,DPSM
264.3,392.74,DPPC
502.99,535.26,PIPC
394.31,329.27,DPPC
160.13,391.26,POPC
117.79,2.48,PAPS
391.47,6.08,POPC
433.69998,314.11,DPPE
334.63,294.00998,POPS
145.52,286.84,DBSM
46.350002,187.54999,DPPC
441.46,417.42,POPC
112.119995,281.50998,POPS
309.28,314.53,PIPE
141.58,377.36,DPPC
338.11002,512.43,POPC
182.57,346.22003,PAPC
67.2,120.600006,DAPE
388.12,555.21,DLPE
382.59,6.98,DPSM
458.07,373.55,POPC
231.67,119.28001,PAPS
459.96,455.14,PIPC
334.64,222.19,DPPC
141.44,393.9,DPPC
99.020004,396.55,PAPS
144.77,83.97,DPPC
370.54,508.91998,DPPC
184.86,160.87999,PGPS
543.03,568.44,DPSM
198.44,185.51001,PIPC
314.94,92.48,POPC
471.75998,386.8,POPC
414.12,568.24,POPS
281.49,417.87,POPC
152.9,35.79,DAPE
137.42,462.65997,POPC
466.45,155.69,POPC
86.009995,460.32,PGPS
162.26,232.38,POPS
351.71002,214.97,DBSM
214.0,59.45,DBSM
500.7,484.87,POPC
118.16,545.5,PAPC
345.37,18.960001,PIPC
219.23999,140.27,DPSM
122.22,564.28,DPPC
136.73001,299.75,PGPS
543.92,351.21,DPPC
31.94,317.16998,DPSM
57.620003,12.08,POPS
313.32,471.03,DBSM
385.9,256.87,DPPC
418.99,309.79,DPPC
130.7,406.27,POPS
64.14,115.62,POPC
523.35,341.59,DPPC
301.33,495.95,DPPC
551.2,240.17,POPE
497.3,550.36,POPC
331.17,326.91003,DPPE
194.88,193.06999,PAPC
130.12,320.76,DXSM
478.15,298.44,PAPC
303.61,468.08997,DBSM
372.68002,118.3,DPSM
525.08,89.32,PGPS
560.1,290.28,POPC
42.54,570.35,POPS
29.7,358.99,DPPC
54.69,522.45996,PAPC
500.71,49.93,PAPC
567.36,235.67,PIPC
346.33,125.35,PAPC
469.62003,194.59,PIPE
465.54,487.8,DAPE
1.29,379.15002,DPPC
537.99,438.74,PIPE
297.69,343.97,DPPC
378.88,14.82,DPSM
499.24,214.74,DPPE
58.870003,149.81,PAPC
250.78,456.74,POPC
523.51,173.76,DOPE
187.67,101.009995,DPPE
10.87,554.7,POPE
213.61,196.41,POPC
180.18,363.84,PAPC
276.46,565.13,POPC
318.09,407.11,DOPE
63.17,525.51,PIPC
64.82,353.84,DLPE
522.04,538.05,DXSM
6.5499997,506.85,DPSM
125.09,105.56,DPPC
471.24,329.43,PIPE
233.18001,514.17,POPC
197.84,133.66,DPPE
138.31999,291.50998,POPS
42.410004,132.76,DPPC
133.48,346.36002,DPPC
317.91,61.52,DXSM
498.44,376.19998,POPE
479.77002,104.43,PAPC
314.2,549.52997,POPC
448.13998,453.77,PAPC
356.96997,83.4,POPC
117.11,74.759995,DPPC
274.91,559.62,DPPE
99.39,406.22003,DPPC
297.99,17.18,POPS
172.12,43.02,POPE
486.4,321.57,POPC
211.39,295.59,DPPE
93.53,160.12,POPC
524.67,411.16,DLPE
465.27002,0.67,POPC
447.16998,462.71,PAPC
464.87,450.19,POPE
308.29,510.14,POPE
0.81,310.07,DPSM
155.04,247.61,DLPE
451.65002,358.16003,POPC
294.71002,85.42,POPC
423.51,167.68,DOPE
396.83,533.93,DPSM
558.98,261.02,PGPS
159.79001,127.49,PAPC
256.65002,413.1,DOPE
217.84,104.79,DPPC
207.59001,555.76,PIPC
538.67,145.55,POPC
381.64,545.7,POPE
440.57,550.25,POPS
553.01996,433.75,PAPC
294.26,209.31999,PGPS
354.12997,69.93,DPPC
503.90997,448.93002,POPE
316.91998,279.96,DPPE
414.28003,285.79,PAPC
163.81,210.43,DPPE
6.33,291.2,DLPE
380.95,288.62,POPS
369.03,515.07,DLPE
300.28,106.94,DPPC
69.74,455.67,DPPE
5.1099997,180.56,DPPC
492.03,564.47,PAPS
284.03998,154.51001,DLPE
435.09,330.26,POPS
75.37,22.19,DLPE
165.18,95.84,DPPC
437.52,379.91,POPC
451.64,461.95,PIPE
119.55,302.38,POPC
51.46,55.79,DPSM
560.08,28.61,POPC
348.44,334.27,DPPC
461.73,441.99002,POPC
427.35,72.99,DXSM
439.62003,347.62,POPC
387.01,370.15,POPC
239.14,303.26,DPPC
225.95,106.759995,PAPC
105.5,404.05,DPPE
449.51,371.13,PAPC
96.18,502.54,DAPE
193.75,281.24,DLPE
506.66,163.17,DPSM
191.36,288.78,DLPE
79.75,102.229996,POPC
190.1,175.73,DAPE
57.729996,419.51,DPPC
306.14,554.61,POPC
365.15997,367.28,PAPC
359.12997,490.89,DLPE
341.45,37.53,POPC
472.81,21.64,POPE
312.51,432.35,POPC
520.69,276.13,POPS
461.53998,401.62997,DPSM
223.63,200.07999,POPC
447.44998,141.09999,POPC
39.41,324.94998,POPE
168.39001,394.27,POPC
439.69,357.41,PIPC
21.11,50.93,DPPE
39.5,506.55,PAPS
2.53,516.31,DPPE
507.94,53.48,POPC
95.520004,560.11,DPSM
58.03,290.28,DPPC
434.66998,505.05002,POPC
197.16998,124.630005,DPSM
7.12,139.45,DOPE
462.13,514.23,DBSM
488.47998,379.03998,PAPS
414.53,515.85,DPPC
507.8,212.89,PIPC
562.82,147.89,DPPE
461.69,196.52,DPPE
256.38,399.3,DPPC
2.81,268.11002,DPPE
288.89,52.57,DAPE
451.88998,91.19,DLPE
432.94998,530.57,DXSM
110.53001,238.64,POPE
31.01,196.95999,POPC
47.25,433.28,POPS
46.95,138.61,DPPC
76.97,13.89,DPSM
281.82,404.16998,PIPC
415.15997,429.93,PIPC
105.909996,21.630001,POPC
159.31,291.31,POPC
381.37,152.48,POPC
432.40002,243.17,DPPC
410.54,375.46002,PAPS
177.74,102.28,DPPC
241.5,309.38998,DPPE
444.88,234.38998,PAPC
15.82,519.05,POPE
158.61,303.61,PIPC
393.13998,134.69,POPC
185.97,360.61002,POPC
55.510002,273.53,POPC
35.899998,524.04,DOPE
461.1,520.47003,DPSM
65.67,195.31,DPPC
557.9,51.550003,POPS
31.59,275.97998,POPS
92.33,452.62,DPSM
13.35,168.6,POPS
259.4,150.5,DOPE
164.94,152.15,DBSM
45.359997,155.07,PAPS
154.67,536.32,POPE
418.73,300.28,POPC
275.81,134.46,PGPS
126.37,94.89,POPS
20.76,255.91,POPC
467.48,226.92,POPS
398.56998,474.42,POPC
451.98,430.68,DPPE
511.11,116.72,POPC
355.50998,313.09,POPE
545.66003,58.57,POPC
354.22,483.77,DLPE
39.879997,91.8,DPPC
522.48,436.0,POPC
271.68,491.96997,PAPS
483.45,461.71002,PAPS
14.17,208.0,DPSM
316.66,557.61,DBSM
418.03003,485.88,DPPC
392.89,254.37,POPC
120.13,291.79,DBSM
16.48,378.81,POPS
480.82,165.5,PIPE
383.25,379.62003,DPSM
242.70999,315.83002,PGPS
333.81,31.68,DPSM
52.39,443.63,DLPE
5.47,430.54,DBSM
97.21,61.97,PIPC
152.92,502.16998,DPPC
393.5,407.78,DPPC
88.950005,65.28,PGPS
58.96,138.34,DBSM
340.36,197.16998,POPC
547.23,140.9,DXSM
370.07,278.84,POPC
491.39,238.09,PAPS
47.16,489.85,DPPC
107.98,151.39,POPC
24.54,319.9,POPC
165.09001,48.850002,DPPC
113.6,550.2,POPE
235.15,417.7,DPPC
193.44,25.220001,PGPS
190.79001,248.37,DPSM
426.13,11.940001,DBSM
368.51,413.95,PAPC
283.72998,200.58,DPPE
27.53,396.22003,POPS
570.39,133.81,DBSM
345.84,524.7,POPC
159.65,144.15,POPS
528.85,84.97,POPC
210.82,537.63,PAPC
106.95,54.82,DPPE
496.19,56.53,DAPE
493.28,357.76,POPC
243.77,18.86,DPSM
22.019999,15.76,PGPS
203.76,143.89,DLPE
199.94,283.96,DPSM
111.590004,523.73,PIPC
548.01,200.42,DAPE
375.96002,151.47,DPPC
166.25,78.94,DPPC
509.3,390.34,POPC
247.97,142.89,POPS
80.9,146.85,PGPS
494.91,504.56,PIPC
304.69,162.57999,DBSM
554.52997,334.51,POPC
281.86002,473.96,POPC
502.89,232.2,POPC
513.94,471.32,DOPE
254.37,505.54,DBSM
200.86,344.28003,PIPC
242.57,482.81,PAPS
313.5,6.01,DBSM
545.4,18.52,DLPE
565.66003,380.83002,DPPC
553.48,153.77,DPPC
493.31,266.05,PAPC
58.530003,37.68,DPPE
207.09999,454.08002,DPPC
426.78003,183.37999,DPPC
48.16,464.94998,PAPS
132.66,20.97,POPS
408.86002,495.16998,PAPC
15.84,263.06,DPPE
537.85,29.960001,POPS
352.97,201.53,PAPC
475.91998,94.83,POPC
536.79004,489.38998,POPS
262.61,105.77,POPC
11.59,467.31998,DPPE
135.8,174.75,PAPC
499.98,174.72,PAPC
242.98001,432.74,DPPC
179.53,143.61,POPE
381.31,309.34,DPPC
53.940002,342.25,POPS
566.3,244.26001,DXSM
72.32,213.72,POPE
342.97,512.73,PIPC
82.79,126.850006,PAPC
273.6,570.61,PAPC
471.25,454.63,PIPC
352.42,422.07,DXSM
11.79,29.01,DPPC
357.22,341.85,DLPE
437.18,277.46,PIPC
140.87,38.29,DXSM
66.34,38.55,PAPC
565.16,473.58002,DPPC
504.45,399.31,DPPC
430.34,110.33,DLPE
224.92001,430.28,DPPC
131.26001,567.22,POPS
507.52997,300.94,POPC
55.65,300.16,PIPC
514.71,346.37,PIPE
496.05,257.44,PIPC
288.75,306.83002,POPC
24.61,207.09999,DPPC
299.26,459.4,POPC
485.27002,202.57999,POPE
99.0,428.41,DPPC
306.97,487.69,DBSM
346.40997,192.37,PAPC
28.33,372.59,PAPS
155.88,185.04,POPC
471.44,184.25,DPPC
96.590004,123.13,DPSM
335.15,304.86,POPE
408.00998,101.46,POPC
297.12,268.83,PAPS
558.77,386.40997,DLPE
504.19998,129.89,DOPE
106.16,251.66,DPPC
127.01,85.4,DLPE
302.55,558.31,PAPS
290.05,393.00998,POPC
224.76999,160.33002,POPC
546.06,209.65,DPPC
284.95,530.83997,DBSM
399.86,559.26996,DBSM
183.26001,549.97003,POPE
247.53,233.46,PAPC
399.88998,3.6899998,PAPS
114.78,57.800003,DPPC
230.70999,98.13,PAPC
72.76,201.04999,DPPE
447.49,212.67,DBSM
79.65,463.28998,POPC
352.75,520.19,PAPC
171.26,161.23,DPSM
538.14,441.37,DPSM
264.62,162.62,PIPE
550.13,355.84998,PIPC
269.4,332.03,DPSM
249.43001,553.45,DPPC
136.14,26.51,DOPE
486.38,223.99,PIPE
230.45,456.43002,POPC
463.19,35.45,DPPC
396.94,381.85,PIPC
271.76,228.82999,DPSM
201.34001,257.42,DPSM
207.56,136.01,DPPE
423.24002,177.65,DXSM
442.87,67.03,POPC
475.09998,381.13,POPE
148.0,295.38,DPPC
137.13,504.1,POPC
151.37999,8.12,DPPE
396.36002,75.86,POPE
114.55,242.24,POPE
23.670002,224.28,DXSM
295.12,227.67,POPC
221.73999,334.28003,POPC
459.3,342.28,POPC
394.36002,315.09,DOPE
432.47003,427.02,DBSM
378.39,142.79001,POPC
100.4,48.79,POPE
458.84998,501.4,PGPS
72.21,32.67,POPC
566.68,423.46002,PIPE
297.62,29.69,PAPS
322.91998,40.52,DPSM
467.87,458.93002,PIPC
153.64,277.11002,POPC
192.68999,433.08,DPSM
165.02,308.46002,PIPC
39.87,76.65,DPPE
92.36,167.92,PAPC
150.95999,121.47,POPC
418.65002,76.64,PAPS
354.90002,150.33,POPE
425.71,241.31,DPPC
17.24,138.17,DPPE
297.28,467.54,DPSM
396.27,260.25,POPE
296.77,149.58,DXSM
114.71,9.9,DLPE
422.41,547.66,DPPC
371.03,226.08,POPC
166.73001,261.08,PAPC
78.369995,250.23001,POPC
228.20999,483.16003,POPC
332.22998,248.79,POPC
60.219997,359.03998,DBSM
86.67,32.57,DBSM
72.659996,44.34,DBSM
470.18002,437.08002,DPSM
121.26,197.90001,DPPC
213.13998,112.0,PAPC
195.55,441.01,POPC
272.7,293.95,DPPC
100.83,109.899994,DPPC
199.74,315.81,DPPC
220.93001,526.19,DPPC
140.16,565.08997,POPE
456.13,354.16,POPE
430.24,165.24,DPSM
216.6,73.990005,POPC
399.06,290.53,DBSM
413.71,550.79,DPSM
508.02,489.18,POPC
324.4,534.29004,DLPE
30.2,130.1,DPSM
524.83,509.0,DBSM
370.11002,159.27,DPPC
553.99,56.28,DPPE
187.64,533.9,POPS
366.19998,266.02,DBSM
500.6,304.5,POPE
151.84,495.02,DLPE
469.48,494.53998,DBSM
402.57,365.73,PAPC
562.97003,110.229996,DOPE
536.6,16.22,POPC
507.41,464.21002,DBSM
529.26,178.67001,DBSM
445.77,244.75,POPC
534.67,415.01,POPC
68.18,153.89,PIPC
252.35,244.61,DPPC
468.08997,286.22,DPSM
214.96,515.61,POPE
27.81,538.44,POPC
446.47,203.69,POPS
288.78,424.65,POPE
385.19,561.95996,DPPC
366.08002,426.23,POPS
236.72,385.35,DBSM
221.41,32.18,DPSM
251.59,502.19,DPPC
82.200005,493.96,DPPC
352.05002,369.16998,POPS
567.05005,191.75,POPC
553.5,492.26,DLPE
127.53,352.64,POPS
360.78,38.92,DAPE
427.62,49.1,PAPC
316.99,288.91,DXSM
342.55002,23.310001,PIPC
379.51,474.66998,POPC
563.32,328.96,POPE
157.51001,273.4,DPPC
219.34999,282.19,DLPE
418.11002,217.21,PIPC
358.15,431.09003,POPS
109.1,555.77,DBSM
544.95996,255.76999,DBSM
552.17,501.41998,POPC
518.91,200.53,PGPS
114.17,298.64,DAPE
421.9,23.18,DBSM
224.31,463.94,DPPC
219.42,539.52997,DOPE
511.49,134.01,POPC
294.51,503.84,POPE
411.05,452.27002,DLPE
71.810005,162.62,POPC
531.95,249.20999,POPC
217.33,468.44,DPPE
484.74,270.14,DPPC
342.69,470.82,DPPC
377.25,219.43001,PAPS
494.52,66.05,PIPC
526.37,558.93,DLPE
8.719999,442.87,DPSM
519.73,376.09003,DAPE
455.68,234.36002,POPC
18.689999,557.39,DLPE
33.54,224.36002,PAPC
8.059999,248.48,POPS
25.36,423.56998,DPSM
450.49,273.52,DPPC
179.92001,456.16,DLPE
362.96002,222.97,DPSM
517.74,548.23004,DPPE
533.10004,204.82,PIPC
286.61,438.75,PAPC
513.53,44.16,DPPE
503.25,250.54001,POPC
488.31,524.16003,DXSM
424.75,525.0,POPC
477.24,35.78,DAPE
505.49,192.06,PAPC
467.01,130.01001,POPC
372.26,271.83002,POPS
315.44,480.43,POPC
416.69998,335.14,POPC
34.91,137.70999,PGPS
495.18002,453.46002,PGPS
446.75,564.65,DPPC
202.84,222.53,POPC
363.2,255.12,PAPC
328.87,448.62,DPPC
226.78,90.299995,POPC
565.23,134.98,POPC
549.9,386.99002,PGPS
10.17,456.71002,PIPC
50.82,115.7,POPC
543.19,413.34,POPC
298.47998,284.41,DPSM
171.92,492.91998,POPS
496.59,125.509995,POPC
63.27,181.77,DPPE
265.0,235.03,POPE
452.22,67.270004,DPPC
471.34,521.04,POPS
235.25,162.12999,DPPE
190.84,169.3,POPC
413.27,204.31,PIPC
10.93,289.09,DBSM
114.38,496.32,PAPC
108.7,382.22998,POPC
313.85,256.76,POPE
538.26,23.42,DOPE
487.81,301.91,DAPE
406.31,286.96,DPPE
397.99,26.7,POPC
456.32,218.98001,POPC
212.74,274.58002,DPPC
527.22,384.94,PIPC
136.61,517.42,DPPE
376.77,224.99,POPS
438.39,258.04,DPPC
512.81,232.03,POPC
423.49,396.88998,DXSM
452.35,82.25,DBSM
236.13,46.85,PIPE
361.92,278.9,DLPE
134.66,387.38998,DPPE
103.3,117.67999,POPS
350.78998,54.16,DPSM
295.17,21.18,POPC
516.11,175.9,POPC
184.14,431.31,DPPC
400.01,403.23,PIPE
11.39,232.33,PIPC
17.96,537.5,POPC
447.0,188.67001,PIPE
204.26001,293.47998,DPPC
180.9,333.37003,PIPC
492.94,332.57,POPC
409.09,320.33002,DPSM
298.3,95.200005,POPS
434.87,26.66,DPSM
401.61,141.58,POPC
57.239998,532.93,DLPE
2.83,476.5,PAPS
382.7,340.02,POPC
120.47,276.17,DPPC
101.75,410.57,PAPS
65.98,214.53,POPE
181.70999,239.36002,DPPE
286.13,45.86,DBSM
18.2,125.39,PAPS
441.43002,48.54,POPS
291.49,255.35,POPC
24.869999,140.84,POPC
76.350006,36.05,DOPE
243.16,390.97,DPSM
72.95,228.88,POPC
547.66,479.66,DPPC
331.49,364.52,DLPE
363.63998,310.22,DBSM
341.77,435.6,DBSM
112.869995,249.28,DPPC
333.74,275.18,DPPC
29.17,109.46999,POPE
381.88,387.65,DLPE
536.18,94.64,DLPE
165.52,22.59,POPC
145.64,71.58,DPPE
336.95,15.64,DAPE
161.37,180.12,DBSM
221.38,449.88,POPC
30.96,122.229996,PIPC
154.96,377.35,DPPC
422.46,345.07,DPSM
81.44,519.83,PIPC
75.05,96.149994,POPC
330.25,526.98004,DPSM
148.59999,379.8,DBSM
86.36,389.19998,PAPS
335.57,284.72998,DXSM
263.69,451.27,POPC
318.53,486.91003,POPC
144.01,409.59,PIPC
132.53,333.63,POPC
97.17,267.09998,DAPE
529.99,19.82,DOPE
511.72,533.92,DPPC
410.2,277.86,POPS
52.19,88.78999,PIPC
139.66,555.7,POPC
448.44,297.90002,POPC
77.69,568.29,DPPC
289.58002,100.75,POPC
225.55,425.26,POPC
513.05,97.740005,POPS
81.32,544.04,POPC
439.88,487.14,POPC
510.06,237.98001,POPC
294.0,41.05,POPC
403.4,149.84999,POPC
248.72,562.39,POPC
196.51,46.22,DPPC
419.03998,135.8,POPC
342.8,235.84,PAPC
464.53,181.07,PIPC
135.03,6.54,DAPE
123.53,180.20999,DOPE
560.60004,98.83,DAPE
39.28,123.12,POPC
4.7400002,238.92,POPS
425.12,369.07,DPPE
341.24,325.99,POPS
392.15,102.600006,DPPE
171.56,27.060001,DPPC
10.97,38.440002,POPC
569.55005,296.31,DPPC
146.94,228.37999,DPPC
391.24,49.629997,DPPE
42.659996,142.17,POPC
45.260002,537.61,PIPC
370.89,441.15002,PAPC
176.39,329.55002,DBSM
336.39,567.1,DPPE
127.799995,532.28,DXSM
400.87003,411.24,PIPC
359.42,76.25,DBSM
42.81,476.62997,PIPC
414.90002,349.19,DPSM
170.27,93.25,POPC
16.27,290.16,DPPE
201.92,553.70996,DPSM
485.01,127.35,POPC
276.22998,499.58002,PAPC
118.87,242.74,DBSM
337.74,6.6000004,DPPC
483.5,384.06,DBSM
27.07,64.08,POPC
485.15,139.33,POPC
303.37,36.48,POPC
231.78,158.35,POPC
206.84,64.68,DPPC
55.11,528.24,POPC
337.97,459.41003,DPPE
266.15,464.81,POPC
427.38998,304.3,POPS
421.96997,356.75998,DBSM
141.23999,420.12,POPS
519.26996,21.39,POPC
34.91,513.23004,PIPC
56.370003,324.09,DBSM
138.17,245.28,DLPE
351.53,289.94,DOPE
266.55002,34.64,POPC
543.56,290.31,DXSM
348.88,507.93,POPC
553.86,508.91998,DPSM
323.03003,167.24,PAPC
125.45999,283.58,PAPC
310.22,182.85999,DPPE
12.62,20.130001,DBSM
85.25,304.63,DPPC
380.09,178.41998,PIPC
171.22,485.22,POPS
274.65,143.1,DPPC
282.98,19.69,DPPC
465.28,432.87,POPS
3.0700002,141.66,DXSM
371.62,448.87,DPPC
23.33,384.28003,DPPC
563.91,267.56,DBSM
60.879997,333.2,DPSM
90.08,557.2,DPPE
453.23,35.75,DPPC
404.91,348.52002,DPPC
96.75,69.43,PIPC
36.27,477.15,DPSM
168.61,3.91,PAPC
351.66998,27.4,DBSM
325.02997,478.44,DBSM
175.45,206.11,PAPS
216.07,551.01,POPC
26.070002,238.15001,DPPC
174.61,189.40001,DXSM
539.35004,424.33997,DOPE
341.5,542.04,DPSM
38.39,387.65,DPPC
242.52,225.15,POPS
90.740005,467.78,PIPC
495.87003,342.72998,DPPC
96.65,92.92,POPC
385.01,487.46,DPPC
383.26,461.87,DXSM
41.22,163.82999,PGPS
499.36002,149.17,POPC
40.34,437.75,DPPC
456.99002,555.70996,PIPC
221.21,112.939995,POPE
499.52,356.64,DLPE
354.94998,87.46001,POPE
187.5,30.12,POPE
449.81998,311.39,DBSM
526.82,352.78,DPPC
64.97,387.03998,DPSM
259.3,372.49,POPC
295.57,173.53,POPC
565.69,346.1,DPPC
504.41003,68.79,POPC
70.15,528.63,PGPS
520.08,79.130005,DPSM
219.96,221.60999,DPPC
135.41,412.83002,DPPE
17.34,425.07,DLPE
352.68002,106.2,DPSM
359.93,422.46,POPC
212.38,291.6,DPPE
47.600002,370.02997,DPSM
19.550001,343.02,POPC
17.43,491.98,DPPE
563.30005,156.86,POPC
235.31999,23.029999,POPC
405.94,439.03,POPC
314.64,423.73,POPC
136.55,46.68,POPS
512.97003,251.79001,DPPC
512.16,124.189995,DPPC
132.57,159.42,POPC
118.149994,133.26001,POPE
555.7,42.729996,DPSM
95.240005,350.43,DPSM
384.51,392.27002,PIPC
295.24,371.71002,PAPC
18.539999,488.84998,POPC
300.65,379.90002,POPC
529.25,453.5,DPPE
526.82,169.23999,DPPC
446.41998,154.18001,DPPC
564.32,555.67004,POPC
222.56,361.09003,DPPC
171.60999,67.7,DPPE
464.11,415.15,PIPC
415.41,50.71,DPPC
315.48,203.09,DLPE
431.12,143.95999,POPS
378.54,93.49,PAPC
400.22,222.01001,DBSM
182.26,217.49,POPC
269.4,476.96,DPPC
529.84,175.61002,POPC
41.020004,195.11,POPC
230.93001,190.66,PIPC
566.79004,177.29001,DPSM
485.12,2.21,PGPS
244.82,5.47,POPE
197.29999,89.37,DPPC
368.43,104.36,PAPS
522.3,501.37,POPS
399.0,285.88,POPE
523.31,479.19998,DAPE
98.67,154.84,DPPC
444.94998,85.670006,PAPC
346.96,532.94,DPPE
544.62,422.65997,POPC
303.47998,434.16,DPSM
139.22,189.69,POPC
569.03,549.91003,DBSM
374.38,30.5,DPPC
186.58002,440.66003,POPC
279.02002,509.53,POPC
484.81,31.119999,PIPC
246.51,428.07,PIPC
229.27,178.86,POPS
45.4,25.480001,POPS
313.74,271.63,DPPC
168.49,72.03,POPC
138.56,476.91003,DPPC
270.71,219.95001,DPPC
62.26,244.48999,DAPE
123.54,493.77,DXSM
339.03,371.47,PIPE
129.56999,453.04,POPC
119.69,268.34998,DPSM
69.64,344.83002,DBSM
131.09,89.01,PIPC
438.72003,251.06001,PIPE
522.84,14.58,POPS
292.64,541.08,POPE
195.98,100.909996,DXSM
33.36,435.04,PIPC
193.54999,75.29,POPS
179.18,487.52997,POPS
417.68002,59.61,PIPC
457.01,204.13,POPE
102.07,317.53,POPC
430.94,98.4,POPE
312.75,390.09,POPE
241.98999,409.03998,POPC
272.34,11.7,DPPC
357.09,124.6,PIPC
563.11,459.38998,PAPS
231.36,358.72003,POPS
147.33,400.40002,POPC
142.66,415.37,POPE
449.21002,443.13,DPSM
410.27002,385.06,POPC
111.3,159.97,PAPC
130.19,510.3,POPE
276.3,452.18,PAPS
410.40002,360.28998,POPC
273.99,40.39,POPS
351.55,320.94,DPPC
24.73,487.75,POPE
108.35,516.0,POPE
419.01,282.71,DAPE
251.59,419.66,DBSM
471.93,320.15,POPS
16.74,90.85,POPC
567.22,125.48,DPPC
195.97,142.25,POPC
546.44,445.43,PIPC
10.47,335.25,POPC
73.16,147.79001,DPPC
29.230001,254.71,DPPC
150.55,472.03998,POPC
559.14,534.16003,DPSM
478.81,305.47,DPSM
248.26999,39.57,PAPC
308.13998,203.5,DLPE
557.35,206.28,POPC
475.88,241.15,POPS
21.849998,496.08002,POPS
222.29999,97.48,POPS
82.57,531.82996,DPPE
531.53,71.23,DBSM
453.4,282.24002,PIPE
153.87999,451.19998,DPPE
552.02,527.63,PAPS
155.61,545.25,DPPC
463.97,373.23,POPC
472.15,361.16,DLPE
41.609997,484.88,POPS
538.57,195.8,DPPE
19.13,76.7,PAPC
299.47,178.31,DPPC
239.05,319.38998,PAPS
253.65,560.32,DPPC
276.61,410.43,DPPC
193.65999,334.88,POPC
419.27,92.31,PAPS
460.93,298.51,PIPE
494.97003,296.81,PIPE
373.19,368.47998,DAPE
246.78,436.21,DBSM
417.78998,380.56,POPC
202.88,126.68,DOPE
78.71,5.13,POPE
467.06,135.99,POPC
543.49,148.63,POPE
284.12,500.97,POPE
73.4,352.38,DPPC
487.56,109.41,PAPC
51.77,35.190002,DBSM
35.510002,243.17,POPC
168.25,83.67,POPC
546.04,345.01,DPSM
345.57,285.45,POPC
526.20996,185.93001,DOPE
170.17,564.68,POPC
76.78,75.619995,DXSM
307.01,191.18,POPC
313.53,211.32,POPS
137.58,549.69,DAPE
508.82,183.47,POPE
502.01,162.70001,POPE
431.64,118.850006,DPPC
205.3,45.25,DPPC
46.26,219.23001,PAPS
10.959999,561.42,PIPC
556.46,484.33,DPSM
79.72,290.38,PIPE
227.40999,560.33,DOPE
398.69998,53.06,DOPE
186.32,149.97,DPPC
40.85,41.79,DXSM
279.4,165.84,POPC
548.5,83.479996,DPPC
463.34,76.479996,DPPE
21.57,92.39,DAPE
463.59003,5.8099995,PAPC
545.83997,333.63998,DPPE
431.72,510.63998,DPPC
160.06,136.23999,POPE
482.28,239.23001,POPC
201.79001,416.09003,DPSM
129.84,304.96,PAPC
55.8,407.74,POPE
81.33,0.86,DLPE
542.02997,522.93,DPSM
419.21002,464.05,POPC
285.63,172.16,POPC
298.99,260.47,PAPS
12.1,473.46002,PIPE
521.32,219.14,DLPE
10.12,171.67,DBSM
423.13,68.130005,DPSM
102.340004,308.1,DAPE
330.01,404.01,PIPC
14.9,434.49002,DLPE
159.3,494.19,DPSM
348.44,362.58,PAPC
7.4900002,77.06,PAPS
28.49,367.51,DPPE
370.02,357.5,POPC
483.91998,433.13,DBSM
480.48,15.089999,DLPE
366.88998,71.32,DPPC
507.11,408.5,POPC
220.56,287.03,DPPE
475.06,203.65,POPC
502.96002,414.18,POPE
165.73999,91.07001,DLPE
410.09998,250.28,POPC
440.3,53.590004,PAPC
550.12,330.41,DBSM
340.37997,145.76001,PAPS
0.67,369.38998,POPC
317.56,69.42,DPPC
71.79,284.59,POPE
397.63,466.9,PAPC
417.54,358.52002,DPPC
34.010002,448.52002,POPC
352.21002,92.49,DPSM
321.04,395.06,DPPE
56.91,559.89,DLPE
137.8,403.19,PAPC
270.52,101.25,POPC
367.41,0.32999998,DPPC
452.59998,211.34001,DPPE
333.36,131.55,DPPE
526.73,301.14,DBSM
95.13,461.32,PIPC
548.69,561.38,PIPC
35.95,171.31,POPS
177.09999,291.19,PIPC
525.1,126.0,DPPE
548.83997,519.93,POPE
308.28,6.28,DPPC
196.97,502.61002,POPE
430.46002,262.77002,POPE
273.6,328.86002,DBSM
425.50998,227.29999,PGPS
518.8,111.28,PIPC
164.19,63.829998,PIPE
19.78,23.829998,DPPC
135.47,338.54,DPPC
208.59,179.5,PAPC
128.93,63.4,POPC
432.84,297.91,POPC
121.68,56.690002,DLPE
89.96001,221.0,DPSM
55.760002,253.4,PAPC
451.81,541.18,DPPC
303.44998,53.670002,DPSM
432.19,173.65999,DPPC
296.08,78.43,PIPC
322.02,418.11002,PAPC
98.73,276.53,PIPC
422.44,569.61,DXSM
120.06,477.16,POPS
109.1,412.28,PGPS
461.30002,150.69,PIPC
106.84,276.46,DBSM
66.85,515.27,DPPC
517.07,238.3,POPC
392.81,110.54,PGPS
91.25,23.07,POPS
431.06,223.0,PIPC
425.9,158.59999,DPPE
165.70999,186.84999,PIPC
216.12,243.36,DBSM
242.45001,148.33,POPE
92.270004,416.56,POPC
207.78,263.72998,POPS
64.92,529.54,POPC
282.16,360.18002,POPE
473.69998,290.99002,DPSM
78.72,49.89,PIPC
6.08,518.74,POPS
28.47,282.98,POPC
107.89,531.45,POPC
208.84001,212.92,DBSM
45.39,481.13998,POPS
397.59,167.54999,PIPC
527.45,428.84,DPPC
333.69,264.95,PIPC
467.64,534.58997,POPC
85.509995,437.03,POPC
161.15999,485.49,DPSM
421.13,539.51,DPPC
425.81,377.85,PAPS
323.96,381.69998,POPC
361.75998,202.16998,PIPC
477.24,145.91,POPS
402.09,58.54,DBSM
381.37,248.73,POPC
329.77002,151.5,POPC
388.9,320.48,POPC
450.40002,469.96,DAPE
227.98001,65.100006,POPE
466.96,407.44,DLPE
188.71,118.74,PIPC
564.8,520.32,POPS
110.66,507.84,POPC
165.42,342.15,PAPS
140.83,163.54999,POPC
190.18999,135.45,PAPC
119.83,235.0,PAPS
176.53,427.14,POPE
142.58,47.550003,POPC
231.86002,68.58,POPE
282.67,103.49,PAPS
457.03,166.56999,PIPE
14.110001,269.48,DPPE
459.22,20.85,POPC
493.75,523.33,POPE
211.4,439.99,DBSM
83.950005,516.81,DOPE
411.98,544.26996,DPPE
409.46,325.07,PIPE
271.26,319.11,PIPC
407.94998,335.15997,DPSM
94.14,307.68,DPPE
84.94,315.28998,DPPE
481.27997,20.41,DPPC
365.14,78.21,DLPE
105.62,180.96,DXSM
306.76,362.03,PAPC
167.12,408.86002,POPC
17.27,101.64,DBSM
452.89,378.93002,DPPC
166.43999,277.62,POPC
329.88998,350.9,DPSM
285.94998,191.20001,DPPE
87.53999,282.62,PIPC
395.01,417.59998,POPC
239.79001,44.3,DPPE
516.03,494.63,PAPC
8.76,379.59,POPC
54.980003,380.62,POPC
524.51,523.69,PIPC
190.07,69.22,DOPE
127.08,343.13998,DPPE
496.19998,323.88,POPE
138.98,229.85,PIPC
437.77002,114.840004,POPC
170.33002,145.20001,POPS
280.05,352.22,POPS
255.9,520.60004,PIPC
524.73,419.74,DPPC
312.47998,53.72,POPC
271.27002,199.92001,PAPC
58.28,479.16998,DLPE
507.96002,274.32,DBSM
420.91998,260.71,PGPS
253.02,32.54,DPPC
288.5,338.33002,PIPC
229.23001,256.29,DPPC
266.93,374.46997,PIPC
256.77,237.21,DLPE
258.06,423.17,POPS
240.96,6.0699997,PIPC
207.35,432.27002,POPC
207.12,53.670002,POPE
449.53,502.65,DPPC
458.30002,306.31,PAPC
483.6,467.24,POPE
324.45,60.8,DPPC
258.44998,288.69,POPC
472.90002,447.85,POPS
202.61,59.07,POPC
470.84998,334.45,DPPC
19.52,33.989998,DPPC
143.25,386.17,POPC
551.89996,289.58002,POPC
231.51,350.6,DPPC
534.62,319.07,PAPC
481.53998,51.129997,DPPC
188.25,352.34003,POPC
84.88,429.09,POPE
131.48,206.92,DPSM
536.15,6.5899997,DPPE
134.86,120.15,DPSM
381.43002,406.96997,POPC
500.88,168.9,DLPE
249.66998,121.8,DBSM
565.73004,283.1,PAPC
375.27002,105.35,DPPC
162.77,326.73,PIPC
259.71002,24.289999,DPSM
409.74,167.07,POPC
59.52,496.11,DPPC
313.21,157.16,DBSM
401.21,416.49,DBSM
428.89,339.65,DPPC
6.21,356.73,POPE
204.55,33.940002,PAPC
200.15,300.9,DPPC
240.68001,540.34,POPC
309.00998,563.52,POPC
46.21,352.11,DPSM
250.84,315.76,POPC
64.68,23.75,POPC
60.73,129.66,POPC
318.18,2.1,DPPC
387.13,204.95001,PIPC
347.35,11.820001,DPPE
120.08,46.739998,DPSM
10.17,393.13998,PAPC
485.66003,363.72003,PIPC
8.96,563.26,PAPS
33.399998,44.73,DPPC
42.05,409.14,POPC
400.24,337.71,DPSM
431.75998,475.18002,DPPC
328.6,137.69,POPC
186.45999,139.86,PIPC
481.72,487.36,DPPC
56.79,311.87,PIPC
456.38,71.3,POPC
228.71,168.02,DPPC
62.05,103.68,POPS
150.66,205.40001,DPPC
522.84,147.77,DPPC
342.11,568.65,DLPE
37.39,190.69,POPC
328.49,217.22,DPSM
142.39,312.52002,PAPC
65.27,281.24,POPS
516.92004,64.83,PIPC
405.99,506.05,DLPE
142.98001,251.64,POPC
471.51,498.69,PGPS
535.25,169.94,DPPC
357.63,47.210003,PAPS
149.23999,159.0,PIPC
397.97,483.9,PAPC
26.429998,71.25,DLPE
71.52,66.9,DLPE
426.06,350.14,DPSM
561.0,440.36,PAPC
161.29999,511.82,POPC
30.45,564.97003,POPC
390.37,138.2,DOPE
291.25,525.49,DLPE
417.43,174.16,DPSM
513.68,207.51,POPE
204.01,393.69,POPC
336.13998,72.15,PIPC
44.710003,456.29,POPC
249.7,395.58997,POPC
205.04,73.17,PIPE
259.85,490.83002,PAPS
257.4,377.48,POPC
119.58,530.46,DBSM
70.94,192.75,DPPE
265.28,212.09999,PAPS
550.01,462.56,PGPS
561.62,37.56,POPC
527.99,146.45001,DPPC
499.87,528.92,POPS
94.23,408.47998,POPC
75.66,127.799995,PAPS
192.47,506.25,DBSM
345.9,61.95,DPPE
455.69,188.04001,POPS
347.29,152.18001,DLPE
106.27,245.68001,POPC
361.38,493.87,PIPE
272.19998,526.71,PIPC
231.88,59.2,POPS
308.75,119.18,POPE
395.37,465.44998,DBSM
195.58,461.98,PAPC
94.36,484.46,DPPC
267.93,322.65997,DPPE
86.22,252.32,PAPC
308.2,269.36002,DPPE
199.16,464.81998,DPSM
341.68,166.94,POPC
474.25998,31.49,PAPC
179.82,116.51,PAPC
505.02997,177.36,PAPC
334.36002,86.32,POPE
5.82,149.4,DPPE
143.24,208.62,DPPC
22.53,259.37,DPPE
343.27,442.78998,DPPC
156.65,50.59,POPC
103.94,447.18,PAPS
257.67,229.42,PAPS
374.72998,455.09,DPPC
359.72998,180.78,DPPE
19.279999,147.06999,POPC
281.85,289.62,DBSM
86.73,269.92,DPSM
53.660004,155.43001,PAPS
398.58002,392.37,POPC
437.55002,565.5,POPS
417.86,389.48,POPC
12.18,361.52002,DPPE
281.43,96.11,DPPC
32.780003,480.31,POPS
88.310005,376.6,DPPE
71.57,433.91998,DPSM
415.7,455.0,POPE
126.049995,329.51,POPS
531.6,149.77,DPSM
318.81,207.85999,DPPE
255.16,124.15,PIPC
116.28,386.66,DPPC
9.92,525.85,POPE
248.82,205.13,DPPC
199.90999,448.43,PIPC
145.8,443.71,POPE
102.229996,170.28,PIPC
24.400002,558.31,DBSM
336.61,82.09,POPS
174.23999,76.69,DPPC
458.34,393.80002,POPE
386.26,221.98999,DPPE
247.93,253.89,DLPE
552.24,281.53998,POPE
112.67,452.71,DPPC
155.35,239.73,DPPE
147.44,183.26001,POPC
217.73001,556.55,POPC
124.82001,122.130005,POPC
538.98,63.75,POPC
124.25,219.02,POPC
382.44998,41.0,DPPE
176.70999,159.76,POPS
405.58,397.94,DAPE
20.380001,416.55,PGPS
518.6,120.59,DBSM
528.76,288.43,DPSM
194.85,391.57,POPC
378.95,437.59,DPPC
181.38,171.81,PAPS
123.16,337.87997,DPPC
552.22,72.56,DOPE
547.37,301.0,PIPC
561.43,63.19,DPPC
166.15,369.53998,DLPE
391.58002,31.64,POPE
51.21,128.68,DPPE
176.65001,470.86,PAPC
45.079998,126.74,DPPC
252.65,81.22,POPC
12.849999,52.16,DPPE
458.39,97.98,DPPC
513.82,371.88,DPPC
392.38998,385.78998,DPPE
423.21,222.42001,POPC
191.26,389.19998,DBSM
462.59,526.2,POPC
441.29,225.5,POPC
352.91998,540.26,PGPS
521.2,496.66998,DPPE
230.69,322.78,DPPC
454.3,152.08,DXSM
497.85,115.740005,PIPC
546.53,52.940002,DPPE
378.44,553.51,POPC
209.09,249.38,POPC
316.5,9.59,PAPC
373.38,284.56,DPPC
338.56998,94.32,DLPE
552.52,453.34998,POPE
477.52,434.91,PIPC
426.96,192.90001,PIPE
243.88,418.66,DPPC
169.05,507.19,PIPC
489.27,316.76,POPC
9.68,217.78,DPSM
492.99,33.85,DXSM
331.66,41.030003,DPPC
272.58,59.829998,PIPC
453.63,565.12,PGPS
139.09,513.05,POPS
49.61,405.08,DPPC
544.54,106.74,PIPC
517.98,258.07,DBSM
346.82,427.03998,PAPC
300.93,23.73,DPSM
37.87,550.62,DBSM
516.56,89.01,DBSM
342.56,32.56,DLPE
363.12,215.83,DPPE
304.79,48.33,PAPC
306.29,99.51,DLPE
537.31,406.51,DBSM
296.02,294.12,DPPC
154.68001,354.27,DPPC
468.90997,218.92,DPPC
94.840004,151.70999,POPC
185.76001,58.3,PIPC
423.55,46.539997,DPPC
130.12,109.83,POPS
553.17004,93.74,POPS
448.25,437.36,DXSM
218.2,534.26996,DPSM
463.13998,293.06,POPC
224.76999,437.09998,DAPE
524.45,310.53,DPPC
266.68,424.88998,PAPS
515.08,150.04,POPC
373.2,215.61002,POPC
174.2,343.51,DLPE
413.81,536.44,PIPC
384.03998,357.09998,POPS
78.11,484.94,POPC
67.0,368.5,PIPE
374.87,0.29999998,POPS
133.77,382.16,DPPC
78.66,374.24,POPC
56.38,258.28,PAPS
50.92,512.61,DPPC
157.75,532.08997,POPE
293.3,443.06,PIPC
219.45999,195.55,DPSM
217.23,217.31001,POPC
435.82,304.18,DPPE
173.41,140.6,DPSM
270.57,167.22,DBSM
520.25,128.86,DOPE
459.12997,422.77002,PAPC
313.47998,283.66,PIPC
349.81998,445.80002,DPSM
201.66,455.19,PAPC
533.14996,140.95,PGPS
233.59,314.23,POPC
121.61,373.99,DPPE
403.45,313.64,POPS
105.22,374.12997,PAPS
146.56,366.29,DPPC
551.35,540.32,POPC
214.28,464.33,DPPC
87.57,117.299995,DAPE
158.14,255.59,POPS
495.40002,310.96002,POPS
448.55,236.32,POPE
123.450005,381.38,POPS
337.81,535.23,DPPC
422.91,187.70001,POPC
506.08002,40.63,DOPE
110.06,219.68001,DPPC
453.56,385.95,POPC
239.26001,258.01,POPS
400.58997,234.90999,DPPC
31.49,57.16,PAPC
104.11,300.63998,DPPC
119.61,143.79,PIPC
411.41998,523.26,DPPC
404.69,191.51,POPS
59.829998,190.79001,DPSM
341.13,551.61,DBSM
269.06,206.60999,POPE
567.94995,405.48,POPS
426.65002,359.44,PIPC
287.6,167.57999,PIPC
274.8,361.94,PAPS
230.7,144.39,DBSM
416.19,553.49,PIPC
32.0,292.19998,POPE
315.48,133.82,POPC
159.48,119.53,PIPC
16.24,176.29,DAPE
288.93,15.48,DXSM
256.21,488.13998,DPPC
380.16998,510.06,POPE
205.75,131.11,DBSM
16.369999,561.87,DPPC
218.95999,343.73,PIPC
415.83002,261.47,POPC
45.93,162.16998,DPSM
80.670006,365.99,POPC
25.94,23.310001,DPPC
104.34,482.01,PAPS
558.85,304.48,DPPC
151.42,392.01,POPC
389.08002,23.51,DPSM
248.91,521.05,DPPE
260.58002,321.98,PAPC
511.31,77.65,DPPE
89.23,58.44,POPC
566.01,28.63,PAPS
508.77,313.84,DBSM
221.69,70.85,DLPE
468.26,395.55,POPS
220.20001,383.41998,POPC
507.64,353.51,PAPC
450.78,53.11,DPPC
426.44,3.79,POPC
170.55,198.13,POPC
499.19998,204.62,PIPC
431.56,199.83,POPC
168.26001,121.32,PIPC
197.40999,490.84998,DPSM
366.75998,500.67,DPPC
196.78,274.1,POPC
231.63,297.59,DLPE
69.67,18.59,DLPE
34.67,264.0,POPC
211.14,408.11002,POPS
534.68,351.8,DPPC
2.1799998,540.43,DPSM
174.78,194.65,PIPC
564.56,363.84998,DBSM
551.89996,522.56,POPC
554.03,392.82,DPPE
365.22998,238.99,DBSM
530.92,400.37997,POPC
95.200005,515.49,DPPE
232.95,377.11,DPSM
458.28998,272.94,POPC
327.84,546.11,POPS
303.16998,128.02,DPPC
556.63,476.85,DPPE
262.27,362.86,DLPE
563.72003,454.52,PAPC
541.69,156.55,PAPS
391.87,185.3,DPSM
2.89,128.3,DAPE
342.87,264.87,PAPS
292.69,335.37997,POPS
84.32,333.87,DAPE
534.06,282.93,DPPE
43.88,552.57,POPC
50.55,2.15,DPPC
468.56998,53.769997,POPC
432.72998,151.97,DPSM
487.72,88.590004,PGPS
207.72,489.36002,POPC
174.73,180.86,DAPE
362.0,336.27997,PIPC
310.30002,220.68001,POPS
443.21,58.71,POPC
386.1,270.1,POPC
136.36,419.56,PIPC
327.7,563.14,PGPS
335.07,506.74,PAPC
439.25998,128.67,DPPC
113.27,127.56,PIPC
101.95,420.09,DPPC
558.14996,118.549995,DPSM
481.87,134.7,PIPC
301.74,9.58,POPE
399.8,155.84,POPS
217.91,456.78003,DPPE
371.53,166.84,PIPE
57.7,440.91,DPPC
344.94,159.06999,POPS
141.75,299.56,POPC
186.34001,195.02,POPS
397.68002,510.43,DAPE
225.67,248.12,PIPE
493.91998,428.36,POPE
270.56,68.32,DAPE
442.09998,525.63,DXSM
542.69,545.96,DLPE
255.37001,45.72,DPSM
487.75,212.32,POPC
395.76,151.78,DPPC
202.39,543.31,DPPC
363.91998,468.19,DBSM
165.09001,31.170002,DPPC
269.05002,176.08,DPPE
483.76,217.78,DPPE
378.59003,539.78,DPPC
348.47,297.57,DPPC
149.44,530.24,DBSM
494.19,479.97003,DPPC
306.74,360.40002,PAPS
61.98,136.83,POPC
404.75,89.630005,DBSM
557.87,468.69998,DPPE
158.22,331.23,DPSM
12.35,119.81,PAPS
310.99002,67.45,DPPE
133.79,60.77,DBSM
337.52,451.75,DPSM
320.55,474.69,DPSM
21.57,449.38998,DPPE
556.91003,297.28,POPE
291.37,317.72,DBSM
19.58,66.92,POPS
256.18,10.959999,POPE
398.33002,432.42,PIPC
535.24,2.63,DPPE
109.29,439.59,DLPE
220.67,226.1,DBSM
561.99,20.93,DPPC
80.35,39.2,DBSM
156.6,295.05,DBSM
314.08002,459.97003,PGPS
116.21001,521.82,DPSM
389.86,175.62,POPE
207.44,280.88,DPPC
302.87,171.07,POPS
380.97998,56.94,DPPC
197.88,13.16,POPC
17.92,245.07999,DPSM
300.66,485.81,PAPC
428.26,41.690002,DPPC
539.86,79.8,DPPC
478.47,286.73,POPC
136.9,353.9,DPPC
2.9499998,61.39,POPC
393.19,263.75,POPS
550.95,312.86,PAPS
472.52,233.84001,DPPE
21.64,199.43001,POPE
454.86,365.77,DPPC
425.09,413.84998,DPPC
544.85,180.89001,PAPC
372.8,422.03998,DPSM
54.97,43.600002,DBSM
438.67,338.39,POPE
185.23001,267.73,PIPC
74.159996,518.51,PIPC
235.06,101.829994,PIPC
389.16998,194.78,DPPC
488.12,520.02997,DPSM
529.47,485.81,DPPC
376.58002,377.35,PAPC
69.66,98.66,DLPE
228.03,198.46,DPSM
478.17,398.07,POPC
308.25,530.60004,DPPC
539.36,40.170002,DPSM
122.17,470.93,POPS
101.91,525.21,POPC
520.70996,70.93,PAPS
497.16998,238.65,DPSM
533.06,215.22,DPPC
413.47,344.65,DPSM
454.57,138.02,PAPS
76.52,259.79,POPS
183.13998,383.97998,PAPC
1.04,411.58002,DPPC
436.77,154.93,DPPC
8.66,91.37,POPC
530.08,495.48,POPE
349.29,181.55,DBSM
143.12,479.64,POPC
438.08997,94.44,POPE
244.25,525.44995,DPPC
153.5,46.81,DBSM
338.59003,137.5,POPE
552.64,321.13998,POPS
504.02002,555.75,POPC
233.99,524.13,PAPC
234.31999,403.19,POPC
521.59,318.57,DPSM
498.72003,490.11002,POPS
408.77,432.44,POPE
20.32,362.66998,DPPC
74.43,559.45996,DPPC
551.38,103.9,DBSM
453.13,199.38998,POPS
478.53,9.78,POPC
363.24002,89.51,DPSM
182.95999,32.47,PIPC
559.64,229.22,DPSM
566.37,443.24002,POPS
18.98,528.74,POPC
419.58002,110.79001,POPS
333.43,93.42,DPSM
298.34998,474.25998,POPC
479.78,475.87003,POPC
126.56999,25.84,DPPC
70.770004,509.56,PAPC
205.72,165.43,PAPC
86.42999,206.12,PAPC
179.56,447.82,DPSM
76.93,220.91,PIPE
558.87,516.17,POPE
124.97,136.88,DPPC
503.15,520.57996,PAPS
227.74,497.52,DBSM
306.98,152.97,DLPE
129.04001,477.12003,POPC
105.78,212.85,DPPE
272.75,157.28,DBSM
1.99,286.22,POPC
401.06,227.57,DPPC
252.98999,105.06,PGPS
443.15,94.049995,DXSM
495.54,50.82,PIPC
368.25,95.07,PIPC
46.46,521.95,DAPE
542.75,359.23,PAPC
397.07,443.45,POPC
480.14,410.5,PAPS
246.7,80.86,PAPC
128.03,151.11,DPPC
490.94,49.52,DBSM
526.52,51.78,PAPC
33.239998,228.92,DPSM
122.159996,365.01,DPPC
109.46,87.880005,DPPC
292.03,23.699999,POPC
543.66003,244.73,PAPC
428.41,61.57,DBSM
485.33002,79.33,POPS
20.97,368.77,DPPC
198.13,557.82,DXSM
373.53,466.88,PAPS
261.93,430.55,DOPE
473.02,51.690002,PAPS
400.74002,321.19998,POPC
169.09,242.90001,DPSM
157.23,368.12,PAPC
365.5,175.52,DPPE
264.16,0.48999998,DPSM
68.4,221.5,PIPC
479.57,195.45,POPS
425.43,471.49,DPPC
235.0,28.73,PIPC
34.55,68.89,DPPC
151.7,95.240005,DPPC
455.58,125.05,POPS
7.1499996,17.55,PIPC
132.0,39.39,DPPC
299.44,46.300003,POPE
385.35,166.51,POPS
532.1,126.42,PAPC
301.86002,114.87,DBSM
500.58,34.62,PIPC
259.02002,547.32,PAPS
150.26,173.78,DPPC
487.14,6.05,POPC
543.27997,223.82,PIPC
174.51999,243.74,DPPC
549.16003,0.82000005,POPC
281.53,317.22,PIPC
557.76,379.44,DPSM
448.88,28.080002,PAPC
445.66003,33.74,DPPC
431.11,232.64,POPC
366.30002,51.020004,POPS
466.96,503.31,PIPC
370.68,541.14,PAPS
307.82,464.08002,PIPE
266.61,541.97,DPPC
423.81,54.190002,POPC
515.14,440.55,PIPC
87.57,501.03,DPPE
46.18,532.41003,POPC
255.16,479.06,PIPC
303.0,63.25,PAPC
293.87,511.16,DPPC
187.59001,20.41,POPC
145.09,35.09,DAPE
472.19,273.7,POPE
99.68001,368.08,POPC
267.86,194.75,DBSM
34.05,98.19,DOPE
341.71002,356.21,DBSM
469.16,403.28998,DPSM
191.83,213.57,POPS
458.73,49.87,DPPC
409.69,235.25,PAPS
487.28,475.34,DOPE
391.5,498.16003,DAPE
503.83,309.72,POPC
208.93999,195.39,DOPE
10.85,306.78,DPSM
142.22,360.74002,DPPC
266.56,113.950005,POPC
401.21,74.4,PIPC
343.15,130.69,DPPC
122.399994,413.84998,POPE
163.93,36.72,DPPC
347.43,370.83002,POPC
450.08,48.29,POPE
386.46,402.06,PIPE
26.23,171.88998,PAPC
463.9,173.09,POPE
1.17,156.7,DPPC
124.44,437.42,POPC
53.670002,244.76,POPC
292.11002,159.12,DBSM
339.21002,503.72003,DPPE
381.5,65.520004,DPSM
26.960001,179.76999,POPC
504.96,34.86,PIPC
197.68,65.74,DPPE
260.07,91.24,PIPC
213.82999,367.68002,DLPE
245.22,160.22,PGPS
102.729996,378.9,DPSM
383.69,429.02002,PAPS
97.91,256.63,PAPC
78.49,87.85,PGPS
449.94,224.05,DPPC
351.96,119.31,DPPE
455.08,448.99,POPC
355.61002,530.02997,POPE
541.48,307.37,DPSM
199.40001,363.79,PAPC
117.52,453.66,DPPC
404.61,487.38,PAPS
412.22,461.91003,DLPE
245.09001,373.13998,PAPS
375.54,527.84,POPS
187.8,227.18001,DPPC
331.26,318.72998,DOPE
473.61,561.99,POPE
245.69,381.61,POPC
277.15,547.65,POPS
195.31999,516.95996,DOPE
504.77002,370.27002,POPC
278.7,380.94,DBSM
407.81,66.6,PAPS
141.63,496.34998,DPPC
5.5299997,328.52002,DAPE
487.31,540.60004,POPC
553.58,49.37,POPC
436.16,191.69,PAPC
125.71999,360.99,POPC
264.66998,25.599998,POPS
413.4,241.73001,DPPC
14.7300005,410.49,PIPC
553.77,479.61,POPE
517.29,465.44,PAPC
55.71,146.31,POPC
507.07,565.93,POPC
162.57,548.87,DLPE
214.2,170.83,PGPS
315.14,538.20996,POPC
151.15,141.78,PIPC
54.45,357.98,DPSM
453.69,308.23,DPSM
195.14,566.79004,DPPC
513.03,33.829998,PAPS
216.28,303.8,DPPC
8.820001,298.63,DPPC
192.94,320.31,DPPE
561.72003,430.39,POPE
76.4,62.859997,DPPE
111.51,424.92,DPPC
154.68001,408.82,POPE
319.89,251.51,DPPC
230.07999,531.39,POPC
261.83002,344.81998,DXSM
121.3,356.09003,PAPS
469.97003,353.84,PIPC
555.13,196.48001,PIPE
364.38998,162.64,PIPC
283.8,114.490005,DXSM
168.63,153.90001,PAPS
14.099999,374.38998,DLPE
124.20999,32.86,DBSM
266.43,520.61,POPC
277.67,76.39,PIPC
208.59,144.88,DPSM
32.47,520.39,PAPS
262.69,554.9,DPPE
513.16003,222.24,POPC
293.6,520.82,PAPS
66.020004,92.399994,DPPC
339.52,11.37,DXSM
338.33002,213.82999,DPPE
247.97,165.67,POPC
112.95999,558.63,DPSM
324.01,321.82,DOPE
363.43,142.34999,PAPS
101.08,387.09,PIPE
387.34003,295.89,POPC
348.21997,450.65,PIPC
437.63,514.12,PIPC
154.65,194.1,POPS
95.880005,319.08002,DPPC
92.03,51.19,POPC
567.99,467.09,POPC
109.99,465.68,DPSM
35.3,302.71,PAPS
251.78,24.630001,POPC
212.95,414.91,POPE
411.88,3.4599998,DBSM
547.51,25.480001,DPSM
366.86002,7.1600003,DLPE
166.73001,285.88,DLPE
542.68,453.04,DPPC
539.87,265.28,POPS
179.92001,337.03,POPS
189.7,193.16,PAPC
570.38,510.93,PIPE
509.31,324.02002,PIPC
519.73,227.81,PAPC
396.56,4.13,POPC
191.77,480.16998,DBSM
537.5,107.299995,PAPC
529.13,534.63,PAPC
4.64,498.0,DPPC
157.74,568.53,PAPS
410.2,256.12,POPC
552.62,12.469999,PAPC
261.18,399.93,PAPS
299.62,86.08,PIPC
132.29001,13.24,PAPC
279.88,125.9,DBSM
252.98001,173.41,PGPS
56.0,453.34,DPPC
323.79,494.03998,DPPC
148.35,78.08,POPE
473.94,483.83,POPC
74.15,434.66,DPPC
415.21,43.909996,POPC
464.76,27.420002,POPC
9.04,315.24,DOPE
457.89,77.18,PAPC
558.75,171.32999,DBSM
244.38998,211.32,PIPE
466.85,84.51,DPPE
505.39,111.79,POPE
179.66,14.22,PIPC
176.07,408.13,POPC
279.62,68.41,PAPS
76.009995,470.54,PIPC
411.92,482.38,DPPE
358.75,54.980003,DPPC
244.43001,326.47,DPPC
34.010002,205.20001,DPPE
35.829998,199.25,DLPE
42.870003,275.81,POPC
2.8799999,69.79,PIPC
221.97,565.55,DPPE
131.81,439.53998,PAPS
171.25,363.80002,PIPC
309.84,33.38,PAPS
532.86,554.33997,POPC
282.33,39.04,DPPE
211.06001,151.09,PAPS
409.33997,154.15,DPPE
259.61002,458.31,DPPC
394.64,297.59,POPC
123.170006,81.17,PIPC
230.33002,82.93,POPC
293.36002,347.09,DPPC
30.91,1.35,POPC
1.08,355.93,DPPC
347.46,230.63,POPE
6.05,568.04004,PGPS
43.660004,84.619995,POPC
536.27,531.93,POPC
86.020004,168.15001,DPPC
437.41,39.31,POPC
51.01,397.02,POPE
321.78003,562.5,DPPC
538.62,53.09,DBSM
502.65997,380.54,POPE
201.23,480.49,PIPC
243.16,399.12,POPC
509.33,69.57,PAPC
397.76,34.93,POPC
273.57,390.31,DPPE
446.41998,386.66,POPC
188.48,89.20999,DPSM
387.01,506.43002,DPPC
301.69,231.81999,DPPC
513.01,556.31,PAPS
389.4,77.96,DPPE
167.03,293.67,DPPE
502.78998,266.17,DPPC
151.25,547.78,POPC
447.83002,333.68,PIPC
33.05,37.13,DXSM
174.61,368.55,DXSM
520.64996,249.66998,DLPE
245.22,98.240005,PIPC
412.94,85.520004,POPC
291.85,556.54,PIPC
298.77002,352.93,PIPC
1.4300001,560.79,PAPC
114.350006,212.19,DXSM
527.05005,255.55,DPSM
426.45,332.74,DPPC
546.05,328.07,POPS
230.39,565.23,POPC
178.92,543.97,POPE
493.6,217.40999,POPS
149.68001,305.34,DPPC
464.03998,21.37,DLPE
110.43,0.89,DPPC
393.9,83.06,POPE
163.19,533.29,PIPC
439.91,183.77,PAPS
323.12,18.880001,POPC
156.17,15.17,POPS
502.31998,64.24,POPE
357.97,503.4,PAPC
551.27997,88.450005,DBSM
254.45999,67.89,PIPC
334.15002,495.86,POPS
365.99,44.68,PIPC
72.399994,566.79004,POPS
518.25,563.43,DPPE
179.31999,396.87,DPPC
494.81998,303.71,DPSM
500.15997,270.82,DBSM
497.44,72.29,PAPC
542.66,368.02,POPS
88.97,103.89,DPSM
16.0,475.93,PAPC
316.42,26.6,DPPC
438.61,139.04001,DPPC
236.36,479.53,DPPC
201.14,339.81,DPPC
331.94,53.81,DPPC
250.8,132.06999,DBSM
299.16998,240.99,DPPC
34.7,506.43002,PGPS
533.69,567.74,PGPS
93.380005,422.7,POPS
195.75,229.18,POPE
198.68,40.989998,DPPE
550.5,455.75,DBSM
209.64001,522.17,DOPE
13.26,47.280003,POPC
171.72,453.65002,POPE
43.62,53.649998,POPS
400.97,11.809999,DPSM
352.12003,167.11,DOPE
386.04,150.22,POPS
6.1400003,413.45,PAPC
291.71,75.64,PIPC
93.66,297.16,POPS
228.44,507.93,DPPC
349.65,437.25,POPE
31.359999,490.22,DOPE
558.26,251.66,POPS
144.38,500.32,PIPC
218.79,445.11002,POPC
124.61,18.04,DPPC
548.82,470.21,POPC
559.1,179.22,DPPC
113.88,544.21,POPC
244.53,351.15002,DPPC
477.87,249.56,PIPE
164.45,494.12,POPC
225.8,383.79,DPPC
547.82,263.37,POPC
387.58,0.099999994,POPC
64.0,71.79,DPPC
463.08,218.44,POPC
498.72003,519.41003,DPPC
29.779999,118.020004,DAPE
506.23,141.56999,POPC
472.69,117.02,DXSM
270.55,457.52,POPC
528.49,475.18002,DPSM
211.54,355.49,DAPE
119.17,22.82,PIPC
476.59,138.09,PIPC
250.15,530.12,POPS
371.96,25.650002,DPPC
93.649994,393.67,DOPE
220.93001,490.69,DPSM
154.38,166.56,POPC
528.30005,154.7,DLPE
440.65,148.95001,POPC
339.72998,123.82,POPC
541.89,553.23004,DPPE
500.27002,102.340004,POPS
355.26,322.71,POPE
430.83002,70.59,POPC
224.79001,547.65,DPSM
370.3,239.03,DBSM
15.94,225.83,PIPC
105.0,37.21,PAPS
354.94,559.7,POPC
509.77002,339.61,DPPC
94.04,120.96,POPC
88.71001,344.71002,DPPC
40.510002,13.68,DPPC
308.8,374.49002,PIPC
23.35,8.74,DPPE
99.630005,80.53001,DLPE
102.03,437.09,DPSM
274.48,89.97,DPPC
238.06,82.05,POPC
228.71,569.78,DPPC
236.8,346.16,POPC
324.46,391.17,DAPE
248.23,50.300003,DPPE
157.6,4.86,POPC
492.78998,192.56,PIPC
427.31998,85.09,POPC
378.97,506.15002,PAPS
568.06,324.1,DBSM
374.72,77.07,POPC
206.1,241.31,DPPC
34.2,106.25,DPPC
8.0199995,161.38,POPC
490.13,507.22998,POPC
186.54,565.51996,POPS
52.1,106.14,PIPC
437.84,212.38,DPSM
543.53,173.43001,POPC
99.0,130.86,POPC
133.8,432.54,DAPE
281.19,365.52,DPPC
317.63,432.59998,DPSM
18.82,284.91,POPC
328.58002,307.96,DOPE
425.82,509.0,DAPE
19.78,349.15002,POPC
159.14,247.05,PAPS
173.73,515.29,POPC
163.29001,71.64,POPC
12.22,493.31,DPPC
511.18,62.26,PIPC
562.11,235.9,DPPE
57.44,64.56,DXSM
200.20999,49.28,POPS
313.08002,195.9,DPPC
185.01,508.84,POPC
402.13,565.4,DPSM
540.08,558.13,DPPC
10.64,349.42,DPPC
188.78,235.91,DLPE
530.66003,197.12999,DLPE
60.75,222.28,PAPC
415.82,84.490005,DPPC
214.88,349.35,PIPC
554.23,555.76,POPC
281.44,452.11,DPPC
90.96,189.43001,POPS
14.5,418.62,DBSM
209.16,470.47,DPPE
401.71002,424.76,DPSM
111.990005,16.43,DBSM
230.81,204.31999,PIPC
227.75,140.48999,DPPC
446.13,263.92,DBSM
131.78,485.54,DPSM
264.5,352.69,POPC
311.22,48.64,PIPC
43.629997,104.420006,PAPS
105.84,492.42,DPSM
198.98001,4.5,DPPC
478.94,112.43,POPC
24.32,42.5,DPSM
264.09,254.56,POPC
458.16003,253.79,DPSM
529.16003,133.49,POPC
495.35,416.98,DPPC
91.13,214.76999,POPS
462.02,158.21,DPSM
97.79,529.82,DOPE
276.62,518.77,DPPC
62.239998,533.9,PAPC
133.2,558.14996,DBSM
539.3,451.32,POPC
552.28,175.35,POPC
178.19,524.89,DPPC
54.44,212.73001,POPS
492.38998,395.01,PIPC
90.02,490.54,DLPE
534.44,72.9,DPPC
545.75,281.11,DXSM
203.67001,472.52997,POPC
350.0,565.56,POPC
348.08,276.68,POPS
497.72998,422.16,DPPE
324.45,456.55,POPC
79.619995,454.4,DBSM
43.08,360.14,PAPS
442.22,425.94,POPC
38.71,3.63,POPS
497.21002,16.32,PIPE
119.57,446.13998,POPE
418.11002,143.56,POPE
449.68,421.53,POPC
447.63,168.22,PIPC
410.37,114.399994,PIPC
220.73,461.32,POPC
238.02,569.92,DPPC
172.81999,477.82,DPPC
522.51,40.57,POPS
395.31,202.29001,POPC
540.29,209.04,DPPC
25.94,79.8,PAPC
409.61,178.65999,DPPC
235.84999,557.26,POPC
102.38,538.96,DBSM
522.38,94.700005,DPPC
317.5,157.25,DLPE
158.61,220.02,DPPC
254.47,446.73,POPC
361.64,187.65,DPPC
121.149994,516.54,DPPE
213.22,30.669998,DPPC
43.4,299.05002,DBSM
323.28998,231.25,DPSM
492.66998,484.72,DPPC
305.21,146.17,POPC
309.38998,422.85,DOPE
