32.47,301.91,DOPC
217.54,299.03998,DOPC
203.13,286.66,DOPC
406.24,191.26,DOPC
286.82,66.14,DOPC
118.44,62.18,DOPC
469.4,302.18,DOPC
193.51,538.30005,DOPC
7.47,457.96002,DOPC
475.76,211.04001,DOPC
66.11,95.49,DOPC
224.54001,125.93001,DOPC
125.01,455.54,DOPC
412.51,19.92,DOPC
292.24002,202.23,DOPC
307.53,358.1,DOPC
505.87003,14.83,DOPC
370.81,214.02,DOPC
135.55,439.18,DOPC
194.16,468.67,DOPC
256.02,508.16003,DOPC
290.62,275.52,DOPC
500.35,431.69,DOPC
439.3,522.75,DOPC
494.45,461.06998,DOPC
7.93,319.25,DOPC
292.31,448.49,DOPC
22.04,269.09,DOPC
316.82,326.17,DOPC
70.97,391.43002,DOPC
212.34,65.44,DOPC
333.89,74.590004,DOPC
194.59999,376.95,DOPC
194.19,412.77002,DOPC
455.11002,469.03998,DOPC
303.52,390.39,DOPC
439.76,13.23,DOPC
161.29999,510.6,DOPC
307.6,335.63,DOPC
282.56,33.14,DOPC
101.03,276.85,DOPC
345.07,163.46,DOPC
244.26001,369.61,DOPC
296.7,407.14,DOPC
162.03,201.70999,DOPC
28.689999,423.37003,DOPC
45.079998,114.34,DOPC
493.21997,107.67999,DOPC
372.09,37.219997,DOPC
516.35,99.6,DOPC
531.13,217.65,DOPC
122.79,481.62,DOPC
324.45,262.52002,DOPC
338.76,430.34,DOPC
199.65,456.19998,DOPC
177.09999,260.5,DOPC
509.74,274.43,DOPC
408.11002,38.6,DOPC
487.54,177.81999,DOPC
10.039999,279.32,DOPC
289.95,424.85,DOPC
429.03,203.37999,DOPC
205.91998,-3.0,DOPC
486.44,422.13,DOPC
155.01001,59.850002,DOPC
430.83002,479.22,DOPC
343.94,207.91,DOPC
434.12,449.84003,DOPC
99.020004,451.86002,DOPC
413.0,6.62,DOPC
257.06,536.05,DOPC
18.029999,335.41,DOPC
57.05,284.54,DOPC
539.38,312.25,DOPC
485.37,2.57,DOPC
107.399994,270.18,DOPC
240.98,132.5,DOPC
99.770004,416.61,DOPC
286.9,339.3,DOPC
141.70999,312.34,DOPC
414.36002,227.67,DOPC
426.52002,534.57,DOPC
346.0,282.3,DOPC
318.47,290.63,DOPC
491.58002,453.11002,DOPC
82.259995,400.50998,DOPC
410.49,178.99,DOPC
284.72998,333.53,DOPC
241.98999,230.63,DOPC
291.63998,246.70999,DOPC
514.45996,133.2,DOPC
26.28,471.79,DOPC
286.04,42.07,DOPC
62.410004,76.3,DOPC
197.51,92.81999,DOPC
258.44998,351.4,DOPC
426.49,25.24,DOPC
341.12,129.31,DOPC
48.33,535.68,DOPC
163.09999,297.95,DOPC
486.49,409.68,DOPC
381.38,425.48,DOPC
438.69998,140.28,DOPC
385.77,124.39,DOPC
67.340004,338.56998,DOPC
145.12,327.78998,DOPC
169.17,226.39,DOPC
246.95,359.48,DOPC
182.08,392.34003,DOPC
462.47003,434.87,DOPC
379.27,472.87,DOPC
60.149998,508.12,DOPC
457.14,216.01,DOPC
291.98,483.19,DOPC
511.45,195.04999,DOPC
76.7,402.55002,DOPC
187.32,437.65997,DOPC
404.03998,275.12,DOPC
246.49,348.69,DOPC
517.39,107.75,DOPC
329.12997,287.57,DOPC
469.24,366.66,DOPC
21.65,54.52,DOPC
428.63998,2.6699998,DOPC
487.11,237.09,DOPC
263.38,454.38,DOPC
82.21,68.14,DOPC
168.97,307.96,DOPC
268.94,296.66,DOPC
406.66,306.55002,DOPC
112.59,357.16998,DOPC
288.36002,438.88,DOPC
429.46997,272.75998,DOPC
419.66,386.27997,DOPC
445.6,478.72003,DOPC
505.63998,56.31,DOPC
130.38,441.41998,DOPC
115.0,419.56,DOPC
184.76,536.38,DOPC
485.02997,245.48999,DOPC
455.41,492.71,DOPC
176.04001,47.57,DOPC
160.59,168.75,DOPC
258.41998,284.75,DOPC
388.68,532.79,DOPC
252.39,196.63,DOPC
486.85,137.9,DOPC
95.11,264.09,DOPC
247.28,236.7,DOPC
529.16003,3.45,DOPC
460.49,194.29001,DOPC
398.82,406.45,DOPC
121.58,359.31,DOPC
147.81,204.79999,DOPC
488.76,523.68,DOPC
333.95,100.79001,DOPC
390.22998,260.86002,DOPC
475.56,250.86,DOPC
479.69,236.54,DOPC
361.57,76.82,DOPC
398.63,350.75,DOPC
221.21,66.54,DOPC
381.45,308.39,DOPC
442.52997,425.32,DOPC
26.37,367.35,DOPC
323.08997,490.89,DOPC
263.86,71.18,DOPC
165.87,305.40002,DOPC
241.67,250.01,DOPC
312.22998,141.2,DOPC
81.56,324.33997,DOPC
218.74,310.32,DOPC
146.14,74.93,DOPC
493.69,54.260002,DOPC
313.03,135.1,DOPC
391.91003,318.01,DOPC
415.02,395.73,DOPC
253.34999,499.12997,DOPC
251.53,261.02,DOPC
335.49,220.73999,DOPC
204.23999,341.69998,DOPC
154.84999,96.07001,DOPC
220.89001,292.51,DOPC
479.72998,82.01,DOPC
220.45,179.81001,DOPC
246.13,78.41,DOPC
493.93002,254.51001,DOPC
321.19998,527.15,DOPC
391.13998,539.65,DOPC
76.78,23.98,DOPC
101.37,366.82,DOPC
14.759999,207.12,DOPC
387.5,316.34,DOPC
137.44,265.79,DOPC
291.09,306.58002,DOPC
328.54,376.34998,DOPC
68.8,70.3,DOPC
41.25,11.91,DOPC
361.18,61.97,DOPC
188.82,75.93,DOPC
45.120003,78.4,DOPC
372.22,378.91998,DOPC
181.24,257.27,DOPC
67.29,354.66998,DOPC
439.71002,403.19,DOPC
468.46002,315.65,DOPC
417.03,255.37001,DOPC
217.33,348.07,DOPC
87.659996,231.12,DOPC
121.979996,425.34,DOPC
281.48,247.34,DOPC
536.59,433.94,DOPC
533.91,235.76999,DOPC
12.460001,63.21,DOPC
143.01,237.95,DOPC
276.99,292.13,DOPC
372.71,460.69,DOPC
456.82,335.82,DOPC
461.66998,269.54,DOPC
203.93999,403.67,DOPC
305.54,242.18001,DOPC
220.12,321.43002,DOPC
162.40999,43.64,DOPC
346.94,67.979996,DOPC
396.25,29.06,DOPC
121.049995,397.16998,DOPC
81.56,534.3,DOPC
249.34,252.79,DOPC
84.89,76.4,DOPC
484.12997,112.270004,DOPC
414.25998,465.22998,DOPC
36.21,79.86,DOPC
462.54,277.43,DOPC
362.96002,196.45001,DOPC
513.88,533.49,DOPC
486.57,282.21002,DOPC
201.98999,3.25,DOPC
366.47998,205.48001,DOPC
511.61,364.94,DOPC
151.43,82.93,DOPC
5.5699997,296.09,DOPC
337.8,387.08002,DOPC
150.03,359.08002,DOPC
93.170006,522.01,DOPC
76.11,196.37,DOPC
509.85,211.95999,DOPC
189.74,205.55,DOPC
280.58002,277.67,DOPC
475.37997,56.269997,DOPC
58.16,223.95999,DOPC
9.9,46.25,DOPC
450.71,185.47,DOPC
142.37001,90.229996,DOPC
15.46,39.260002,DOPC
74.66,522.08,DOPC
43.449997,484.7,DOPC
364.25,282.63,DOPC
177.31001,409.77002,DOPC
59.43,315.34,DOPC
222.95,164.45999,DOPC
15.679999,350.18002,DOPC
342.8,533.33,DOPC
519.95,95.21,DOPC
50.75,237.26,DOPC
314.97998,534.75,DOPC
412.03998,362.75,DOPC
443.73,400.12,DOPC
338.52002,476.24,DOPC
249.43001,134.06,DOPC
441.68,215.51001,DOPC
286.6,490.44998,DOPC
255.72,27.69,DOPC
510.47,35.29,DOPC
112.799995,24.04,DOPC
150.59,274.22,DOPC
177.26999,286.84,DOPC
448.51,449.63,DOPC
226.11,308.2,DOPC
33.9,375.21,DOPC
91.37,18.48,DOPC
19.6,255.9,DOPC
148.53,10.700001,DOPC
11.12,400.63,DOPC
167.16,343.69,DOPC
453.58002,415.24,DOPC
370.34,151.0,DOPC
48.18,215.07,DOPC
450.89,212.57,DOPC
326.61,333.97,DOPC
16.970001,242.33,DOPC
270.38998,59.8,DOPC
183.59,415.41998,DOPC
212.46,230.06,DOPC
358.63998,359.25,DOPC
379.65,380.87003,DOPC
22.05,87.44,DOPC
266.14,432.14,DOPC
515.94,286.48,DOPC
438.04,336.22003,DOPC
111.17,236.35,DOPC
385.41,47.589996,DOPC
437.26,4.3399997,DOPC
129.75,212.33,DOPC
32.43,16.35,DOPC
10.950001,90.86,DOPC
473.84,338.41998,DOPC
498.44,232.63,DOPC
374.46997,450.63998,DOPC
2.35,189.45999,DOPC
382.38998,410.47,DOPC
383.74,438.84998,DOPC
445.41,24.15,DOPC
123.35,103.81,DOPC
159.38,538.42,DOPC
532.96,480.12,DOPC
381.02002,241.27,DOPC
520.89,505.37997,DOPC
440.3,169.1,DOPC
162.14001,405.65,DOPC
341.06,263.19,DOPC
230.96,391.33,DOPC
211.78,469.64,DOPC
153.93,399.99,DOPC
218.82,396.5,DOPC
136.91,211.04001,DOPC
195.42,266.53998,DOPC
399.24,341.71002,DOPC
513.83,68.44,DOPC
197.67,289.00998,DOPC
251.59,213.26999,DOPC
141.19,334.77002,DOPC
421.34,477.54,DOPC
452.15,288.86,DOPC
474.8,382.13,DOPC
96.37,94.189995,DOPC
538.2,244.0,DOPC
89.93,511.45,DOPC
383.56998,106.14,DOPC
454.77002,26.71,DOPC
128.57,244.23001,DOPC
80.03,82.659996,DOPC
217.62,171.1,DOPC
208.87,234.73,DOPC
75.549995,430.09998,DOPC
73.32,303.36002,DOPC
247.33,303.13998,DOPC
333.91998,323.06,DOPC
258.61,256.95,DOPC
539.41003,215.59,DOPC
317.98,58.449997,DOPC
443.28,527.06,DOPC
114.39,334.12,DOPC
98.409996,73.16,DOPC
376.23,372.26,DOPC
470.31,274.0,DOPC
111.549995,261.66998,DOPC
431.52002,30.720001,DOPC
444.44,177.38,DOPC
138.78,24.939999,DOPC
536.48,488.55,DOPC
435.14,112.92,DOPC
147.8,347.87997,DOPC
470.83002,239.84,DOPC
482.18,43.460003,DOPC
58.61,117.340004,DOPC
451.83997,65.82,DOPC
215.55,96.08,DOPC
532.06,241.25,DOPC
252.26,266.73,DOPC
504.81998,287.22998,DOPC
502.12003,300.46,DOPC
451.79,172.56,DOPC
179.59999,17.01,DOPC
422.87,223.57,DOPC
115.93001,378.46002,DOPC
426.22003,523.13,DOPC
347.86,220.76999,DOPC
515.73004,52.84,DOPC
48.15,91.36,DOPC
404.07,97.299995,DOPC
252.56,166.98,DOPC
84.3,224.98,DOPC
344.72998,352.15,DOPC
308.64,349.7,DOPC
490.46002,45.32,DOPC
405.56,286.24,DOPC
520.0,521.25,DOPC
447.81,265.38998,DOPC
306.59,202.04001,DOPC
183.63,331.61,DOPC
525.14,106.39,DOPC
4.43,181.31,DOPC
424.14,401.38,DOPC
212.62,303.8,DOPC
471.6,333.18,DOPC
39.4,335.65,DOPC
293.87,48.81,DOPC
242.05,339.63,DOPC
244.13,281.97,DOPC
322.75,285.25998,DOPC
255.98,362.22,DOPC
362.29,531.39,DOPC
380.27002,6.57,DOPC
139.26,48.969997,DOPC
94.71,177.81999,DOPC
141.93,17.11,DOPC
450.05002,312.31,DOPC
275.09,120.0,DOPC
118.950005,528.43,DOPC
55.149998,93.78,DOPC
27.86,315.91998,DOPC
392.12003,459.16,DOPC
265.27002,264.41,DOPC
503.33002,264.03998,DOPC
203.95001,87.69,DOPC
521.0,344.28003,DOPC
312.51,194.62,DOPC
124.58,293.5,DOPC
88.39,358.24002,DOPC
489.46,216.0,DOPC
486.5,395.82,DOPC
368.79,323.00998,DOPC
71.72,25.68,DOPC
431.41998,394.09,DOPC
258.04,41.96,DOPC
215.38,477.37,DOPC
391.26,163.22,DOPC
116.7,267.28,DOPC
489.08002,99.700005,DOPC
2.8,123.36,DOPC
518.25,416.91003,DOPC
61.72,121.22,DOPC
239.31999,539.57,DOPC
319.16998,124.18,DOPC
73.29,16.34,DOPC
244.14,418.47,DOPC
456.47998,281.61,DOPC
35.58,276.08,DOPC
174.51999,20.99,DOPC
195.59999,226.78,DOPC
79.25,365.81,DOPC
392.86,20.699999,DOPC
236.88998,230.27,DOPC
428.13,268.67,DOPC
210.31999,199.97,DOPC
456.66,286.68,DOPC
125.31999,411.24,DOPC
235.38,437.12003,DOPC
325.09,466.02002,DOPC
520.55,431.47,DOPC
94.74,396.92,DOPC
518.81,374.25,DOPC
159.32,265.74,DOPC
89.490005,329.46997,DOPC
428.55,224.09,DOPC
175.40001,383.52002,DOPC
53.13,401.13,DOPC
170.63,97.799995,DOPC
257.77002,211.47,DOPC
123.86,525.94,DOPC
408.80002,434.69,DOPC
105.43,422.03,DOPC
347.05002,537.16,DOPC
127.71,330.02,DOPC
85.45,216.32,DOPC
451.47,304.57,DOPC
119.479996,147.9,DOPC
507.52,74.82,DOPC
436.17,72.36,DOPC
46.77,326.81,DOPC
296.52002,434.55002,DOPC
177.65,128.71,DOPC
354.24,116.689995,DOPC
532.44,441.05,DOPC
294.35,499.38,DOPC
138.56,470.28,DOPC
522.45,48.19,DOPC
414.75,403.77,DOPC
169.37,365.6,DOPC
369.22,111.11,DOPC
26.259998,202.28,DOPC
310.48,210.76001,DOPC
51.01,61.73,DOPC
514.15,152.48,DOPC
314.78,421.88,DOPC
217.54,462.64,DOPC
234.79999,399.06,DOPC
111.009995,397.25,DOPC
383.06,139.43,DOPC
26.25,239.01,DOPC
197.21,447.66998,DOPC
223.65,245.07999,DOPC
426.61,321.79,DOPC
411.34998,109.049995,DOPC
348.2,288.79,DOPC
392.37,375.41998,DOPC
333.0,483.74,DOPC
300.25998,350.15997,DOPC
76.5,475.05002,DOPC
490.02997,263.02,DOPC
225.52,264.09,DOPC
376.83997,329.84003,DOPC
285.94,312.64,DOPC
452.27002,542.45996,DOPC
511.66,381.6,DOPC
5.66,351.18,DOPC
162.15,354.49002,DOPC
241.45999,302.75998,DOPC
309.59998,260.82,DOPC
42.75,358.69998,DOPC
508.12,51.22,DOPC
427.09998,178.46,DOPC
175.53,432.59998,DOPC
114.16,208.59,DOPC
519.56,83.92999,DOPC
402.87997,270.91,DOPC
355.27002,514.95,DOPC
274.24,373.75,DOPC
488.34998,372.56,DOPC
366.17,180.99,DOPC
501.34,175.39,DOPC
114.34,222.09,DOPC
305.11,279.59,DOPC
9.29,390.14,DOPC
388.49,450.32,DOPC
92.399994,469.84003,DOPC
164.1,85.11,DOPC
215.04999,73.41,DOPC
27.33,310.14,DOPC
397.96002,290.44,DOPC
517.86,305.86002,DOPC
309.11,323.39,DOPC
253.44,79.36,DOPC
119.67,352.94,DOPC
520.95,408.75,DOPC
231.67,162.66,DOPC
137.34,301.16,DOPC
466.43002,18.64,DOPC
175.53,242.45001,DOPC
435.33002,181.01999,DOPC
268.72,37.14,DOPC
162.08,96.18,DOPC
308.31,235.04,DOPC
77.96,254.45,DOPC
414.37,52.93,DOPC
491.86002,117.59,DOPC
376.21,238.63,DOPC
381.69998,481.49,DOPC
182.06,522.01,DOPC
57.449997,273.06,DOPC
419.16,243.36,DOPC
375.12,420.97,DOPC
471.30002,406.32,DOPC
235.96,256.11,DOPC
75.96,347.16998,DOPC
1.71,431.34998,DOPC
508.71,464.84003,DOPC
340.58997,369.24,DOPC
34.760002,94.68001,DOPC
370.13,62.92,DOPC
372.64,279.38,DOPC
305.47,75.34,DOPC
250.37001,206.76001,DOPC
254.16,282.75,DOPC
284.38,146.83,DOPC
336.68,265.63998,DOPC
110.869995,370.67,DOPC
508.82,452.21002,DOPC
174.27,105.03999,DOPC
247.79,285.44,DOPC
119.55,30.42,DOPC
324.12,205.16,DOPC
455.41998,187.57,DOPC
119.55,372.61002,DOPC
242.73001,267.99,DOPC
24.5,405.81,DOPC
430.19,247.59001,DOPC
91.16,430.89,DOPC
363.55,235.8,DOPC
270.04,197.81999,DOPC
243.37,138.99,DOPC
207.09999,507.69,DOPC
218.95999,485.7,DOPC
417.0,306.0,DOPC
237.68,123.83,DOPC
259.31,206.42,DOPC
378.11002,389.03,DOPC
64.4,365.3,DOPC
350.9,42.0,DOPC
26.789999,79.95,DOPC
481.29,460.81,DOPC
521.82996,391.23,DOPC
454.76,236.34001,DOPC
438.41998,242.18001,DOPC
204.72,425.69,DOPC
422.08002,196.04001,DOPC
311.52002,373.16003,DOPC
314.5,307.16,DOPC
272.91998,304.28,DOPC
319.07,362.0,DOPC
409.92,344.87,DOPC
425.21,504.46997,DOPC
280.16,316.66,DOPC
480.96002,337.37,DOPC
187.56,398.84998,DOPC
132.25,419.4,DOPC
223.59,81.409996,DOPC
157.32,164.76,DOPC
358.32,523.18,DOPC
510.68,353.6,DOPC
150.8,449.90002,DOPC
334.87,313.37,DOPC
214.12001,153.42,DOPC
304.89,434.03998,DOPC
134.62,184.82,DOPC
277.22,332.59998,DOPC
79.64,286.14,DOPC
185.12,320.73,DOPC
141.21,38.26,DOPC
469.65,374.71002,DOPC
450.26,234.38,DOPC
106.17,184.9,DOPC
203.77,250.56,DOPC
377.14,531.24,DOPC
175.51001,534.8,DOPC
117.840004,449.81998,DOPC
316.57,265.7,DOPC
397.62,450.6,DOPC
498.08997,333.65002,DOPC
294.62,265.68,DOPC
312.54,165.33002,DOPC
433.74,147.48,DOPC
245.38,209.03,DOPC
427.38998,20.039999,DOPC
500.37,440.78998,DOPC
93.850006,3.1299999,DOPC
479.49002,437.52997,DOPC
488.33002,360.43,DOPC
221.79001,19.99,DOPC
86.630005,188.86,DOPC
334.86,65.159996,DOPC
173.79999,480.93,DOPC
110.07,521.2,DOPC
16.24,448.4,DOPC
132.61,237.26999,DOPC
47.690002,297.03,DOPC
152.19,111.33,DOPC
250.61002,391.03,DOPC
467.03,286.98,DOPC
322.89,132.24,DOPC
189.85,460.21,DOPC
319.77,177.32,DOPC
541.95,328.53,DOPC
27.560001,12.059999,DOPC
251.14,474.36002,DOPC
478.51,269.45,DOPC
66.84,313.06,DOPC
336.82,403.06,DOPC
364.98,291.49,DOPC
475.12,444.91,DOPC
230.53,254.45999,DOPC
184.69,54.1,DOPC
333.19,437.15,DOPC
519.08,485.71997,DOPC
362.83002,249.97,DOPC
379.52,25.59,DOPC
310.76,249.5,DOPC
159.70999,293.8,DOPC
92.38,288.93,DOPC
492.01,33.13,DOPC
209.12001,80.63,DOPC
194.34,185.45,DOPC
96.770004,529.79,DOPC
211.7,145.75,DOPC
343.55,379.52,DOPC
145.8,277.22998,DOPC
196.75,257.41,DOPC
297.61,57.09,DOPC
348.54,493.97,DOPC
53.21,533.83997,DOPC
42.18,394.55002,DOPC
112.69,485.84,DOPC
374.33997,310.09,DOPC
539.1,375.9,DOPC
398.6,506.86002,DOPC
1.8000001,208.63,DOPC
500.0,403.5,DOPC
354.44,344.25998,DOPC
364.7,449.37,DOPC
137.19,97.99,DOPC
531.13,48.44,DOPC
119.61,13.63,DOPC
531.33997,377.28,DOPC
134.28,196.15999,DOPC
75.83,140.34,DOPC
333.11002,414.38998,DOPC
408.34998,390.12,DOPC
24.519999,273.61,DOPC
518.35,67.399994,DOPC
519.91003,226.98999,DOPC
495.68,395.84998,DOPC
140.43001,406.47,DOPC
355.40002,489.38,DOPC
385.05002,304.08002,DOPC
348.84998,240.20001,DOPC
292.71,415.44998,DOPC
430.86,158.26001,DOPC
140.1,414.12,DOPC
152.38,374.52,DOPC
161.48001,48.649998,DOPC
505.44,36.85,DOPC
481.56,189.3,DOPC
452.03,400.91998,DOPC
344.46997,424.55002,DOPC
322.01,63.51,DOPC
291.48,401.45,DOPC
464.38998,414.22,DOPC
129.5,95.63,DOPC
434.0,217.62,DOPC
314.16,431.64,DOPC
198.79999,233.79999,DOPC
502.47003,31.42,DOPC
444.59998,330.09998,DOPC
522.58,382.29,DOPC
254.03,528.16003,DOPC
52.75,298.1,DOPC
327.28,357.3,DOPC
402.51,257.11002,DOPC
276.22,239.16,DOPC
408.11002,59.980003,DOPC
190.91,65.74,DOPC
447.44998,32.5,DOPC
412.05002,236.42,DOPC
372.84,479.72998,DOPC
142.16,114.69,DOPC
535.02997,84.38,DOPC
62.140003,263.81,DOPC
111.96,491.55,DOPC
304.69998,187.67,DOPC
226.62001,411.65002,DOPC
133.02,104.67,DOPC
292.65,170.56,DOPC
502.38,209.62,DOPC
318.58,400.99,DOPC
387.5,195.26,DOPC
439.06,289.59998,DOPC
220.76001,366.37,DOPC
484.81,324.32,DOPC
439.32,463.11002,DOPC
393.39,81.26,DOPC
116.689995,454.15002,DOPC
230.99,22.73,DOPC
238.98001,76.020004,DOPC
498.04,444.78,DOPC
490.11002,67.600006,DOPC
345.15,115.76,DOPC
331.53,251.7,DOPC
70.06,524.48004,DOPC
235.97,206.98,DOPC
121.58,487.59998,DOPC
532.52997,381.95,DOPC
498.43,498.30002,DOPC
318.21,273.39,DOPC
205.3,273.37,DOPC
350.46002,337.0,DOPC
114.6,292.63,DOPC
534.93,519.56,DOPC
323.08,342.58,DOPC
372.15,248.22,DOPC
251.76001,468.75,DOPC
161.76001,378.26,DOPC
409.16998,544.67,DOPC
69.86,273.18,DOPC
355.97998,30.19,DOPC
389.81998,55.75,DOPC
454.5,435.66003,DOPC
250.43,399.91,DOPC
366.69,480.18002,DOPC
302.61,376.9,DOPC
114.420006,107.939995,DOPC
366.88998,200.22,DOPC
294.68,192.12999,DOPC
74.79,221.91,DOPC
525.43,369.92,DOPC
435.09,372.81,DOPC
273.68,30.84,DOPC
528.20996,284.68,DOPC
536.27,178.67001,DOPC
410.44,230.76001,DOPC
265.36,52.550003,DOPC
357.09,319.12,DOPC
196.36,200.35,DOPC
54.980003,374.03,DOPC
44.97,45.260002,DOPC
124.89,237.70001,DOPC
88.13,462.31998,DOPC
167.07,424.31,DOPC
515.88,204.73,DOPC
394.25,300.49,DOPC
514.63,225.55,DOPC
105.57,12.51,DOPC
227.72,206.22,DOPC
157.73,463.16003,DOPC
245.07,111.96999,DOPC
279.66,372.62,DOPC
39.260002,207.42001,DOPC
212.98001,493.56,DOPC
276.71,394.06,DOPC
266.36,537.67,DOPC
262.7,376.22003,DOPC
337.99,121.14,DOPC
245.42,324.4,DOPC
227.52,60.890003,DOPC
280.66,159.83,DOPC
536.56,186.69,DOPC
167.85,263.97,DOPC
10.690001,377.08002,DOPC
20.050001,383.27,DOPC
181.69,10.74,DOPC
36.81,304.38,DOPC
409.06,519.17,DOPC
389.66,177.64,DOPC
474.74,310.2,DOPC
269.23,237.09,DOPC
478.97,330.97998,DOPC
98.06,359.59,DOPC
169.55,245.78,DOPC
234.14,115.229996,DOPC
519.75,529.58,DOPC
411.13998,350.41998,DOPC
496.13,485.39,DOPC
351.22003,531.92004,DOPC
173.95999,8.61,DOPC
385.28,273.59,DOPC
263.34,306.88,DOPC
117.38,434.38998,DOPC
136.88,534.6,DOPC
418.89,263.34,DOPC
354.33997,281.84,DOPC
108.43001,350.75,DOPC
39.0,416.6,DOPC
167.06,407.09,DOPC
151.15,317.46,DOPC
161.51,472.02,DOPC
323.74,305.38998,DOPC
337.41,540.66003,DOPC
240.23001,359.49002,DOPC
212.52,140.22,DOPC
424.19,207.8,DOPC
19.82,366.55,DOPC
515.62,379.15002,DOPC
169.3,16.23,DOPC
357.85,466.37,DOPC
498.9,185.47,DOPC
190.56999,332.94998,DOPC
273.29,72.81,DOPC
32.7,353.96,DOPC
12.04,357.0,DOPC
171.17001,462.35,DOPC
56.36,489.23,DOPC
437.99,279.00998,DOPC
86.33,476.38,DOPC
73.56,407.76,DOPC
6.51,109.189995,DOPC
125.229996,495.81,DOPC
422.91,515.08,DOPC
510.62,217.87001,DOPC
228.59,521.35,DOPC
160.95,390.54,DOPC
535.05,164.76,DOPC
235.96,289.86,DOPC
255.40001,299.89,DOPC
457.42,450.32,DOPC
314.18,480.93,DOPC
74.95,57.7,DOPC
249.06999,67.57,DOPC
307.34,226.12,DOPC
141.03,57.589996,DOPC
294.22,393.41998,DOPC
521.55,514.65,DOPC
423.38,230.93001,DOPC
453.00998,18.710001,DOPC
327.71,31.400002,DOPC
198.37,360.84,DOPC
301.04,442.68002,DOPC
446.62,351.33,DOPC
391.75,227.25,DOPC
417.57,126.33,DOPC
486.92,105.03,DOPC
504.22,223.70001,DOPC
136.64,379.46,DOPC
453.88,345.18002,DOPC
292.47,147.75,DOPC
287.84,300.52,DOPC
103.81,307.12,DOPC
84.490005,367.0,DOPC
386.57,242.19,DOPC
231.7,447.5,DOPC
348.84,5.43,DOPC
146.98,339.5,DOPC
51.38,129.83,DOPC
144.81,250.99,DOPC
235.04999,48.18,DOPC
467.65997,68.33,DOPC
191.03,278.34998,DOPC
424.57,329.68,DOPC
451.85,196.91,DOPC
450.55,533.61,DOPC
171.18,73.3,DOPC
445.32,185.5,DOPC
93.7,460.08,DOPC
166.04001,253.31,DOPC
86.19,275.69,DOPC
387.01,114.350006,DOPC
326.83997,80.31999,DOPC
22.41,463.86002,DOPC
432.36,278.8,DOPC
201.34001,515.25,DOPC
206.0,238.57,DOPC
433.28998,38.37,DOPC
359.93,307.91998,DOPC
321.8,280.34,DOPC
533.99,94.020004,DOPC
132.73,290.61002,DOPC
448.28998,245.52,DOPC
145.29001,1.4100001,DOPC
268.23,254.31999,DOPC
387.43,159.48,DOPC
158.45999,411.69,DOPC
342.52,178.26999,DOPC
143.03,398.62,DOPC
442.18,210.78,DOPC
103.950005,268.87,DOPC
480.22998,254.92001,DOPC
397.08002,309.91,DOPC
295.65,68.28,DOPC
159.3,149.59,DOPC
115.299995,213.0,DOPC
521.95,304.78,DOPC
205.84999,294.16998,DOPC
457.49,458.53,DOPC
534.6,197.44,DOPC
227.4,184.95001,DOPC
497.76,202.11,DOPC
537.62,319.62,DOPC
372.64,295.28,DOPC
515.66003,344.99,DOPC
165.54001,498.83,DOPC
534.81,446.98,DOPC
403.47,358.02,DOPC
202.04001,175.95,DOPC
126.23,69.5,DOPC
517.39,542.38,DOPC
294.07,311.22998,DOPC
391.6,360.77,DOPC
316.39,242.43,DOPC
403.46002,350.33002,DOPC
136.73999,392.16,DOPC
394.98,485.62,DOPC
397.22998,513.01,DOPC
123.39,471.32,DOPC
81.21001,138.84,DOPC
353.95,457.82,DOPC
150.07,120.810005,DOPC
214.88,197.78,DOPC
444.90002,261.86002,DOPC
131.97,346.38,DOPC
396.30002,197.40999,DOPC
55.0,289.55,DOPC
533.18,283.16,DOPC
506.23,201.78,DOPC
442.27002,287.5,DOPC
95.13,445.71,DOPC
471.8,436.8,DOPC
233.51999,466.04,DOPC
154.5,237.36,DOPC
460.76,474.3,DOPC
192.16998,1.8299999,DOPC
517.7,117.229996,DOPC
233.82999,198.61,DOPC
421.92,454.97003,DOPC
495.68,340.69,DOPC
59.43,239.99,DOPC
466.47998,258.59,DOPC
79.68,385.71997,DOPC
402.78998,498.4,DOPC
28.12,414.37,DOPC
450.15997,333.63998,DOPC
318.53,335.61002,DOPC
264.77,479.38998,DOPC
183.49,78.78,DOPC
233.72,54.21,DOPC
312.53,23.18,DOPC
25.49,507.16,DOPC
363.52002,297.55,DOPC
273.92,101.4,DOPC
120.649994,493.37003,DOPC
262.87,401.01,DOPC
283.55,250.58,DOPC
208.71,532.16,DOPC
328.21997,242.74,DOPC
531.36,326.13,DOPC
401.57,479.46997,DOPC
358.45,84.34,DOPC
95.36,293.09,DOPC
34.54,49.59,DOPC
156.18,37.33,DOPC
154.25,539.86,DOPC
187.16998,149.81,DOPC
76.92,296.33,DOPC
122.48,35.76,DOPC
151.29,171.78,DOPC
281.46,337.16998,DOPC
132.31,370.37,DOPC
372.46,174.61,DOPC
288.85,57.12,DOPC
149.02,286.28,DOPC
115.64,186.04999,DOPC
538.70996,341.9,DOPC
188.05,359.90002,DOPC
495.14,140.62,DOPC
511.12,418.39,DOPC
348.49,172.78,DOPC
89.630005,251.15,DOPC
382.01,72.67,DOPC
300.31,184.51999,DOPC
498.13998,129.44,DOPC
350.88,272.69,DOPC
171.66,531.12,DOPC
266.8,167.34,DOPC
258.12,190.18999,DOPC
177.40999,313.97,DOPC
462.62,245.78,DOPC
53.28,21.91,DOPC
401.26,72.03,DOPC
400.6,252.76,DOPC
276.12,15.58,DOPC
99.99,300.78,DOPC
454.92,155.36,DOPC
400.28,37.149998,DOPC
189.15001,262.73,DOPC
71.68,423.0,DOPC
533.35,420.84998,DOPC
222.56,257.56,DOPC
488.51,366.08002,DOPC
235.13,212.09,DOPC
44.770004,19.57,DOPC
529.78,147.52,DOPC
143.34,322.27002,DOPC
326.79,389.65,DOPC
121.22,180.28,DOPC
531.17,123.32,DOPC
538.70996,227.72,DOPC
352.38998,428.94,DOPC
236.19,450.69,DOPC
190.38,529.97003,DOPC
58.16,229.19,DOPC
320.48,72.35,DOPC
195.0,84.96001,DOPC
385.02,387.87997,DOPC
249.12001,496.01,DOPC
13.03,461.39,DOPC
171.84,292.69,DOPC
373.84,137.64,DOPC
331.57,88.09,DOPC
96.70999,226.15,DOPC
393.4,268.91,DOPC
110.45,409.25998,DOPC
23.210001,391.37,DOPC
435.58997,62.08,DOPC
245.04,527.14,DOPC
101.619995,98.11,DOPC
355.07,399.88,DOPC
222.09,494.01,DOPC
182.16,353.68,DOPC
390.37,184.44,DOPC
527.94995,439.63,DOPC
525.39,508.36,DOPC
427.06,328.28998,DOPC
499.05,422.94998,DOPC
215.38,438.49,DOPC
125.69,277.33,DOPC
191.43999,483.94,DOPC
172.31001,264.28,DOPC
317.53,78.520004,DOPC
243.92,4.4100003,DOPC
415.66003,351.27,DOPC
278.27,182.76,DOPC
280.91,51.68,DOPC
98.97,376.24,DOPC
262.16,53.81,DOPC
216.84,86.53,DOPC
340.97,354.19998,DOPC
196.84999,407.7,DOPC
188.36,350.97998,DOPC
24.820002,216.39,DOPC
91.79,374.06,DOPC
145.16,452.46,DOPC
142.04001,120.08,DOPC
519.78,199.12001,DOPC
41.07,376.43002,DOPC
247.81,506.27997,DOPC
63.82,375.77,DOPC
215.23001,334.01,DOPC
81.61,203.05,DOPC
4.6,489.85,DOPC
9.5,296.63,DOPC
284.65,321.9,DOPC
400.09998,8.55,DOPC
333.6,172.94,DOPC
85.71999,207.79,DOPC
47.18,271.72,DOPC
100.57,249.5,DOPC
454.12997,246.86002,DOPC
12.200001,31.259998,DOPC
208.87,6.2699995,DOPC
361.38,128.77,DOPC
225.31999,468.68,DOPC
68.92,41.230003,DOPC
51.170002,100.340004,DOPC
335.73,79.67,DOPC
494.45,348.93002,DOPC
417.38,522.33,DOPC
347.16,35.33,DOPC
517.14,389.66998,DOPC
364.81,473.02,DOPC
343.03003,311.2,DOPC
200.99,278.85,DOPC
125.8,187.70999,DOPC
462.96002,108.83,DOPC
517.32,466.73,DOPC
500.19,338.28998,DOPC
126.22,195.76001,DOPC
30.09,56.11,DOPC
96.94,510.44,DOPC
423.89,461.94,DOPC
539.39,167.56,DOPC
484.19,51.85,DOPC
408.82,426.34,DOPC
160.48999,430.2,DOPC
210.96,15.54,DOPC
350.22998,191.29999,DOPC
16.05,272.66,DOPC
431.41998,266.25,DOPC
35.17,517.33,DOPC
418.41,419.0,DOPC
514.73,477.91,DOPC
526.68,289.33002,DOPC
16.71,504.7,DOPC
402.54,102.56,DOPC
361.96997,330.50998,DOPC
144.7,260.30002,DOPC
216.31,312.18,DOPC
226.20001,402.06,DOPC
177.98999,513.79004,DOPC
12.76,251.12,DOPC
533.33997,342.46,DOPC
72.99,321.40997,DOPC
119.619995,341.65002,DOPC
285.18,111.979996,DOPC
219.58,435.37997,DOPC
420.76,105.0,DOPC
20.539999,454.53998,DOPC
496.68,530.1,DOPC
267.32,188.54001,DOPC
38.2,387.75,DOPC
509.03998,254.40001,DOPC
242.39,223.65,DOPC
483.54,224.19,DOPC
206.34001,395.81,DOPC
492.7,210.11,DOPC
443.05,333.81,DOPC
5.56,132.42,DOPC
127.08,63.22,DOPC
80.85,27.019999,DOPC
63.42,472.15,DOPC
414.71002,117.75,DOPC
234.69,2.75,DOPC
300.91,454.69,DOPC
340.91998,189.25,DOPC
130.69,411.56,DOPC
279.16,94.08,DOPC
530.32,313.13998,DOPC
525.60004,229.15001,DOPC
454.53998,273.8,DOPC
381.91003,523.75,DOPC
503.86002,256.14,DOPC
155.53,366.53998,DOPC
80.41,409.87,DOPC
526.13,235.47,DOPC
523.33,134.66,DOPC
323.81,156.44,DOPC
286.36,378.13,DOPC
460.28998,324.88998,DOPC
495.48,121.12,DOPC
282.22,368.58002,DOPC
481.34,23.670002,DOPC
147.84,367.55002,DOPC
273.15,493.83,DOPC
62.15,140.48001,DOPC
59.809998,527.91003,DOPC
230.59999,457.43,DOPC
74.03,355.13,DOPC
321.96,221.56,DOPC
119.24,254.98,DOPC
3.1200001,255.23001,DOPC
544.88,61.81,DOPC
430.50998,329.88998,DOPC
425.77,384.92,DOPC
79.79,182.54,DOPC
154.09,267.38,DOPC
256.12,60.92,DOPC
54.79,434.15002,DOPC
317.67,319.44,DOPC
342.96002,217.09,DOPC
312.15,467.54,DOPC
194.76999,69.22,DOPC
3.26,389.52,DOPC
152.70999,439.58002,DOPC
341.81,411.25,DOPC
17.970001,221.66,DOPC
103.26,94.98,DOPC
451.85,190.76001,DOPC
514.58997,248.79,DOPC
273.79,510.0,DOPC
298.74,21.5,DOPC
445.47,357.03998,DOPC
225.54001,93.82,DOPC
293.32,233.54999,DOPC
422.91998,276.69,DOPC
427.72998,54.53,DOPC
136.79,353.84998,DOPC
306.14,147.77,DOPC
182.08,286.82,DOPC
218.89,132.95999,DOPC
152.31,395.28998,DOPC
65.43,384.21002,DOPC
134.91,277.35,DOPC
264.03998,514.66,DOPC
420.11002,168.95999,DOPC
347.87,405.66003,DOPC
237.67,267.88998,DOPC
98.56,119.3,DOPC
73.42,97.55,DOPC
509.63,60.06,DOPC
303.81,138.97,DOPC
128.65,29.2,DOPC
410.41998,313.0,DOPC
98.49,348.79,DOPC
415.06,508.19,DOPC
494.66998,355.56,DOPC
519.08,239.18,DOPC
538.43,96.53,DOPC
5.2999997,285.44,DOPC
203.39001,12.43,DOPC
462.52997,300.61002,DOPC
491.19,381.12,DOPC
489.23,463.34,DOPC
435.22,429.33,DOPC
334.7,422.27002,DOPC
390.3,505.28998,DOPC
357.57,495.53003,DOPC
373.68,284.9,DOPC
157.17,497.65997,DOPC
305.63,425.67,DOPC
496.68,273.72998,DOPC
110.63,98.84,DOPC
505.82,188.70001,DOPC
326.47998,461.04,DOPC
449.87,338.63998,DOPC
133.93,224.62,DOPC
433.31,104.03,DOPC
352.97,311.52002,DOPC
315.46,203.0,DOPC
4.31,156.44,DOPC
48.76,53.04,DOPC
69.11,252.35,DOPC
492.18,305.31,DOPC
84.46,45.14,DOPC
191.12,39.170002,DOPC
17.17,215.68001,DOPC
96.149994,110.78,DOPC
251.60999,440.15,DOPC
205.91998,280.61002,DOPC
43.390003,445.50998,DOPC
519.58997,423.83,DOPC
33.78,415.55,DOPC
184.87,140.65,DOPC
469.90002,142.03,DOPC
16.32,93.75,DOPC
540.27,497.31,DOPC
314.59,232.56,DOPC
350.68,185.76001,DOPC
33.88,422.65,DOPC
443.44,190.55,DOPC
398.46002,365.39,DOPC
456.44,44.190002,DOPC
15.2,196.1,DOPC
187.68999,476.16,DOPC
539.86,81.31,DOPC
448.90997,362.84,DOPC
68.18,294.47,DOPC
20.130001,342.11,DOPC
528.69,90.21,DOPC
193.68,249.23001,DOPC
245.12,452.14,DOPC
148.18,142.41,DOPC
74.73,311.87,DOPC
241.55,518.36,DOPC
64.98,7.69,DOPC
305.78,304.52,DOPC
363.88,488.56998,DOPC
193.86,166.52,DOPC
22.75,155.71,DOPC
160.02,191.58002,DOPC
513.70996,452.90002,DOPC
224.31999,377.90002,DOPC
241.65001,157.42,DOPC
64.299995,285.27002,DOPC
340.67,158.93,DOPC
338.2,115.8,DOPC
86.08,453.18,DOPC
306.0,415.78998,DOPC
176.8,66.71,DOPC
526.1,501.92,DOPC
140.41,221.17001,DOPC
160.47,505.97998,DOPC
419.79,88.649994,DOPC
103.76,205.31999,DOPC
362.7,123.63,DOPC
412.06,499.66998,DOPC
172.56,400.95,DOPC
460.15997,373.05,DOPC
50.41,380.39,DOPC
281.47,434.84003,DOPC
199.27,530.41003,DOPC
118.71001,392.2,DOPC
159.35,211.20001,DOPC
79.01,335.81,DOPC
380.24,315.15,DOPC
154.64,12.869999,DOPC
461.81,419.87,DOPC
209.53,131.98,DOPC
391.73,111.6,DOPC
207.18001,345.68,DOPC
424.12997,246.17001,DOPC
356.22003,505.74002,DOPC
184.51999,385.15,DOPC
479.02002,526.88,DOPC
235.07,12.24,DOPC
478.18,482.22,DOPC
508.74,428.4,DOPC
56.8,214.36002,DOPC
337.08002,211.64,DOPC
350.56,349.27,DOPC
213.13,500.48,DOPC
163.49,320.55,DOPC
438.99,361.47998,DOPC
15.71,433.67,DOPC
210.02,521.32,DOPC
469.0,392.62,DOPC
30.98,499.07,DOPC
493.00998,310.9,DOPC
217.28,22.060001,DOPC
489.88,513.46,DOPC
275.28,310.63,DOPC
82.32001,60.59,DOPC
186.97,251.22,DOPC
402.43,294.15002,DOPC
402.86,242.48,DOPC
394.11,388.16003,DOPC
529.62,185.7,DOPC
116.619995,73.1,DOPC
395.33002,97.770004,DOPC
168.74,313.32,DOPC
34.260002,267.16998,DOPC
286.87,155.4,DOPC
26.6,454.83002,DOPC
516.05,329.63,DOPC
321.36002,371.24,DOPC
-0.46999997,467.03,DOPC
19.99,10.2,DOPC
447.37,98.74,DOPC
249.34999,85.96,DOPC
260.63,311.79,DOPC
357.68002,473.47,DOPC
103.87,534.22003,DOPC
50.42,197.70999,DOPC
437.44,441.96997,DOPC
465.62,193.09999,DOPC
342.87997,101.920006,DOPC
263.4,289.94,DOPC
235.83,416.19,DOPC
370.35,218.84001,DOPC
8.47,243.82,DOPC
257.62,87.81,DOPC
60.68,249.16,DOPC
224.96,334.69,DOPC
451.95,139.9,DOPC
423.28,261.63998,DOPC
39.51,87.86,DOPC
123.54,54.59,DOPC
244.29001,289.24,DOPC
450.87003,476.1,DOPC
63.010002,407.65997,DOPC
358.02,52.84,DOPC
276.33,212.33,DOPC
518.54,291.12,DOPC
295.51,83.97,DOPC
534.89,145.57,DOPC
101.27,81.13,DOPC
117.89,275.27002,DOPC
58.660004,192.70999,DOPC
82.229996,133.45999,DOPC
92.56,144.9,DOPC
30.580002,99.659996,DOPC
135.74,486.17,DOPC
331.27997,494.46,DOPC
422.22998,495.62,DOPC
213.25,324.51,DOPC
59.260002,497.27002,DOPC
315.06,280.82,DOPC
88.28,385.26,DOPC
235.14,366.13998,DOPC
245.02,312.98,DOPC
190.8,176.56999,DOPC
314.31,-1.8199999,DOPC
451.22003,260.97998,DOPC
112.229996,417.08002,DOPC
75.869995,517.2,DOPC
472.91998,47.309998,DOPC
6.31,372.27002,DOPC
15.41,71.799995,DOPC
415.86,441.92,DOPC
402.22,319.38998,DOPC
367.86,344.3,DOPC
202.15,356.96997,DOPC
61.440002,217.65,DOPC
413.33002,298.62,DOPC
173.15001,376.68,DOPC
300.88,329.11,DOPC
289.78,393.53,DOPC
516.86,334.33997,DOPC
200.17,208.85,DOPC
10.570001,231.58002,DOPC
338.52002,149.92,DOPC
227.19,362.61002,DOPC
479.36002,423.47998,DOPC
133.41,70.630005,DOPC
79.72,280.04,DOPC
74.840004,65.549995,DOPC
329.72,528.58,DOPC
191.14,365.02,DOPC
530.34,356.75,DOPC
17.2,238.4,DOPC
224.27,371.36002,DOPC
244.74,13.67,DOPC
397.41,249.65,DOPC
69.71,441.82,DOPC
382.27002,195.70999,DOPC
203.51,225.04,DOPC
282.49,419.76,DOPC
401.22003,112.69,DOPC
226.39,453.81,DOPC
268.83,80.19,DOPC
81.16,515.46,DOPC
302.01,238.59,DOPC
101.619995,128.15,DOPC
426.92,151.98,DOPC
300.41,419.94,DOPC
356.17,234.87,DOPC
33.92,253.93999,DOPC
13.65,362.09,DOPC
43.25,518.7,DOPC
70.76,436.47998,DOPC
264.16,319.11,DOPC
446.24,509.12,DOPC
464.32,219.28,DOPC
84.98,411.57,DOPC
249.81001,104.86,DOPC
489.69,25.079998,DOPC
10.53,441.09003,DOPC
107.39,142.03,DOPC
535.11,206.0,DOPC
335.91998,349.85,DOPC
51.57,391.31,DOPC
486.36002,143.11,DOPC
505.97998,246.7,DOPC
21.730001,418.66,DOPC
3.5,19.06,DOPC
480.71,282.22998,DOPC
289.69,21.66,DOPC
150.76001,239.83,DOPC
541.44,114.71,DOPC
300.38998,154.29,DOPC
376.19998,123.07,DOPC
356.88998,179.22,DOPC
27.75,294.23,DOPC
358.37003,227.84,DOPC
400.16998,123.53,DOPC
-2.46,289.65,DOPC
208.02,253.26001,DOPC
153.34,263.21,DOPC
282.04,401.08002,DOPC
346.17,362.7,DOPC
4.53,454.37,DOPC
165.9,469.1,DOPC
93.78999,423.19,DOPC
230.58,138.98,DOPC
478.25,318.24,DOPC
276.57,39.85,DOPC
187.5,342.98,DOPC
91.149994,343.31,DOPC
194.33,193.82,DOPC
465.73,160.43,DOPC
57.1,455.55,DOPC
511.04,321.04,DOPC
268.19,108.549995,DOPC
311.91,327.59998,DOPC
261.36,343.82,DOPC
88.170006,9.74,DOPC
117.299995,86.350006,DOPC
261.55002,294.95,DOPC
334.22,301.88998,DOPC
186.18,301.09,DOPC
377.51,366.17,DOPC
34.809998,62.53,DOPC
332.96002,291.27002,DOPC
353.81,325.40002,DOPC
36.47,198.74,DOPC
10.950001,314.28,DOPC
263.21,528.85,DOPC
254.62,231.15999,DOPC
355.37997,408.88,DOPC
60.260002,423.9,DOPC
116.23,381.94,DOPC
163.12,5.2200003,DOPC
239.99,529.11,DOPC
310.78,275.08,DOPC
305.89,60.35,DOPC
182.03,280.9,DOPC
7.3799996,213.48,DOPC
154.62,3.57,DOPC
162.53,531.79004,DOPC
251.67,372.91,DOPC
7.86,362.59998,DOPC
401.91003,21.22,DOPC
118.96,429.45,DOPC
165.89001,104.83,DOPC
119.59,323.82,DOPC
54.879997,424.11,DOPC
382.35,258.13998,DOPC
416.88998,449.1,DOPC
320.41998,532.76,DOPC
94.08,246.66,DOPC
376.32,201.97,DOPC
58.21,338.44,DOPC
233.57,336.02002,DOPC
289.88,498.53,DOPC
53.71,255.55,DOPC
242.28,200.56999,DOPC
210.43,97.700005,DOPC
12.11,120.600006,DOPC
102.130005,257.71,DOPC
435.55,253.06,DOPC
83.33,246.17001,DOPC
513.77,404.15002,DOPC
469.7,320.5,DOPC
418.23,492.52,DOPC
377.11,410.54,DOPC
451.58002,294.22,DOPC
33.05,343.76,DOPC
344.29,292.03,DOPC
12.790001,414.94,DOPC
372.36,356.05,DOPC
239.0,173.91,DOPC
222.57999,267.72,DOPC
229.82,318.72,DOPC
360.97,481.96997,DOPC
192.15,100.299995,DOPC
87.53999,202.42001,DOPC
40.72,428.13,DOPC
18.45,302.16,DOPC
232.92,405.14,DOPC
221.15999,282.95,DOPC
195.87,339.03,DOPC
72.76,450.57,DOPC
344.66998,397.44,DOPC
353.72003,394.5,DOPC
233.37,276.33,DOPC
282.55,73.67,DOPC
139.12,431.11,DOPC
301.24,290.72,DOPC
60.960003,355.47,DOPC
530.86,471.53,DOPC
323.62,297.14,DOPC
399.76,399.32,DOPC
190.73999,315.77,DOPC
238.08,347.14,DOPC
283.98,127.59,DOPC
209.66998,433.6,DOPC
50.41,113.0,DOPC
328.69998,485.69,DOPC
399.09,204.73,DOPC
12.18,370.63998,DOPC
112.48,284.41,DOPC
413.88,529.71,DOPC
377.11,118.04,DOPC
17.029999,406.78003,DOPC
93.74,411.59,DOPC
174.38998,58.08,DOPC
262.84,44.89,DOPC
90.75,536.86,DOPC
293.02,270.2,DOPC
356.75,267.88998,DOPC
499.46997,290.8,DOPC
291.85,35.13,DOPC
185.48001,68.64,DOPC
316.29,94.18,DOPC
121.88,438.0,DOPC
355.21,366.24,DOPC
310.97,416.01,DOPC
195.02,427.37,DOPC
495.83002,18.630001,DOPC
484.09,269.97,DOPC
204.9,268.52,DOPC
334.19998,241.15,DOPC
42.68,245.56,DOPC
457.44998,140.26,DOPC
242.6,401.94,DOPC
212.24,540.57,DOPC
4.6,337.27002,DOPC
172.29999,154.94,DOPC
457.94998,264.78,DOPC
477.63,70.560005,DOPC
196.39,281.14,DOPC
10.48,342.25,DOPC
268.01,522.18,DOPC
282.61,355.65,DOPC
79.55,438.86002,DOPC
250.34,520.39,DOPC
368.79,366.96,DOPC
352.97,60.65,DOPC
351.68,108.73,DOPC
269.41,485.26,DOPC
208.0,108.63,DOPC
443.03003,374.12997,DOPC
136.99,529.68,DOPC
300.97,227.29001,DOPC
210.17,42.74,DOPC
16.0,439.22,DOPC
37.39,233.87,DOPC
365.07,300.53,DOPC
286.0,355.68,DOPC
82.91,290.22,DOPC
140.57,207.26,DOPC
488.84998,277.77002,DOPC
368.47,257.88,DOPC
366.99002,524.09,DOPC
76.52,245.04,DOPC
337.77002,395.36,DOPC
322.29,-0.19999999,DOPC
188.59,273.28,DOPC
119.24,319.51,DOPC
334.79,374.44,DOPC
414.05,379.51,DOPC
517.41003,160.28,DOPC
345.58,518.9,DOPC
209.26001,486.27997,DOPC
476.26,75.229996,DOPC
24.98,221.6,DOPC
359.74,342.68002,DOPC
47.729996,387.63,DOPC
531.93,530.72,DOPC
353.02,211.35,DOPC
474.19,135.48999,DOPC
523.42,257.49,DOPC
353.63998,255.42,DOPC
254.36002,453.6,DOPC
383.1,457.62,DOPC
342.16998,183.85,DOPC
371.31,3.25,DOPC
102.11,384.92,DOPC
247.09,96.490005,DOPC
145.29001,532.91003,DOPC
533.9,63.33,DOPC
293.74,349.94,DOPC
513.01996,256.95,DOPC
505.11002,45.67,DOPC
411.18,172.38,DOPC
264.56,218.82,DOPC
284.25,430.93,DOPC
515.1,187.2,DOPC
91.56,210.67,DOPC
334.68,11.71,DOPC
429.16,425.36,DOPC
498.46002,327.22998,DOPC
353.89,122.22,DOPC
73.38,325.08,DOPC
209.51001,320.58997,DOPC
102.41,239.19,DOPC
127.47,433.5,DOPC
229.22,439.05,DOPC
212.95,214.56,DOPC
445.44,7.3199997,DOPC
406.44,422.58,DOPC
395.67,244.88,DOPC
361.08002,271.3,DOPC
58.730003,415.22,DOPC
340.41,526.45,DOPC
503.05,146.32,DOPC
18.64,135.56,DOPC
128.69,253.78,DOPC
311.26,90.649994,DOPC
57.010002,327.22998,DOPC
23.68,302.06,DOPC
402.08002,386.34,DOPC
217.98999,303.23,DOPC
56.88,537.56,DOPC
193.56001,55.6,DOPC
156.75,201.01999,DOPC
467.38998,54.08,DOPC
427.87,253.05,DOPC
536.22003,54.89,DOPC
278.65,123.850006,DOPC
383.91998,292.07,DOPC
195.79001,19.27,DOPC
153.47,325.63,DOPC
245.1,241.27,DOPC
264.8,99.69,DOPC
119.06,473.88,DOPC
258.3,318.51,DOPC
346.34,487.14,DOPC
390.13,421.96,DOPC
171.19,502.85,DOPC
90.62,135.93001,DOPC
108.14,245.56,DOPC
220.66,403.74,DOPC
44.18,283.44,DOPC
535.51996,459.18,DOPC
83.020004,430.07,DOPC
243.3,165.06,DOPC
419.72998,115.11,DOPC
332.46,207.42001,DOPC
10.92,77.41,DOPC
241.41,383.26,DOPC
360.39,451.66,DOPC
407.83002,440.87003,DOPC
58.76,362.06,DOPC
295.7,341.71002,DOPC
211.29,355.80002,DOPC
225.3,227.06,DOPC
234.08002,238.95001,DOPC
104.59,-0.39000002,DOPC
135.54,247.63,DOPC
465.15,456.39,DOPC
288.68,50.760002,DOPC
527.96,40.59,DOPC
74.02,236.84,DOPC
179.59,474.66,DOPC
56.129997,6.04,DOPC
380.36,212.46,DOPC
271.4,47.08,DOPC
386.66,169.76999,DOPC
183.01001,60.229996,DOPC
482.91,184.47,DOPC
458.95,114.85,DOPC
127.56,357.52997,DOPC
419.12997,177.51,DOPC
199.1,27.720001,DOPC
533.12,329.29,DOPC
108.67,21.11,DOPC
398.96,222.46,DOPC
452.34003,390.84998,DOPC
315.46,298.28,DOPC
229.76999,281.47,DOPC
225.33002,222.06,DOPC
118.77,299.18,DOPC
130.84,157.75,DOPC
475.18002,519.06,DOPC
67.020004,400.34,DOPC
120.61,518.33,DOPC
496.77,310.82,DOPC
436.93,121.28999,DOPC
107.37,427.8,DOPC
427.16998,452.54,DOPC
358.06,337.96002,DOPC
167.23,161.29999,DOPC
480.06,396.88998,DOPC
451.85,370.46002,DOPC
512.89,143.95999,DOPC
503.66,352.54,DOPC
285.23,395.53003,DOPC
52.85,122.44,DOPC
418.81,414.19998,DOPC
-3.24,372.46,DOPC
79.78,41.86,DOPC
494.05,427.41,DOPC
224.34,274.66,DOPC
186.4,229.56,DOPC
231.24,87.99,DOPC
302.51,168.51999,DOPC
391.37,220.1,DOPC
70.35,146.85,DOPC
522.87,425.40002,DOPC
441.78003,234.64001,DOPC
265.51,61.339996,DOPC
403.47998,210.94,DOPC
175.63998,120.520004,DOPC
89.87,38.329998,DOPC
270.11,23.32,DOPC
79.35,265.1,DOPC
247.23,27.14,DOPC
303.29,198.26001,DOPC
199.62999,168.18001,DOPC
387.7,309.29,DOPC
122.729996,405.55,DOPC
167.08,383.73,DOPC
350.15,230.5,DOPC
155.81,227.24,DOPC
169.15001,175.25,DOPC
416.8,61.95,DOPC
478.88,103.450005,DOPC
112.75,446.40997,DOPC
178.26001,319.09,DOPC
139.05,459.42,DOPC
285.58002,209.75,DOPC
372.14,234.96,DOPC
348.08,477.54,DOPC
426.8,312.74,DOPC
137.84,449.19998,DOPC
145.98,406.51,DOPC
119.22,6.45,DOPC
197.07,59.55,DOPC
468.86002,427.22998,DOPC
149.55,344.29,DOPC
26.689999,374.98,DOPC
505.02,423.16003,DOPC
325.89,140.06,DOPC
60.83,439.77002,DOPC
216.95999,162.93,DOPC
303.05,83.7,DOPC
409.25,322.91,DOPC
525.69,354.05,DOPC
411.69998,241.06001,DOPC
186.91,375.49,DOPC
436.46,223.9,DOPC
524.6,59.97,DOPC
222.64,156.18,DOPC
388.38,286.47,DOPC
152.05,24.68,DOPC
202.90001,144.13,DOPC
124.01,79.439995,DOPC
531.38,109.75,DOPC
540.55,437.86,DOPC
8.98,325.27002,DOPC
527.62,404.57,DOPC
190.18999,26.22,DOPC
516.02,27.26,DOPC
426.36002,337.68002,DOPC
487.78,435.57,DOPC
439.66998,366.75,DOPC
295.49,375.13,DOPC
386.88998,32.57,DOPC
7.0,539.74,DOPC
425.28,293.8,DOPC
470.69,464.74,DOPC
30.39,476.02002,DOPC
466.37,333.45,DOPC
63.44,206.94,DOPC
293.21,196.76001,DOPC
447.08002,275.68,DOPC
53.590004,411.93,DOPC
172.44,391.16,DOPC
184.88,165.66,DOPC
478.58002,402.22,DOPC
34.28,507.58,DOPC
459.09,51.89,DOPC
37.8,68.060005,DOPC
133.22,14.759999,DOPC
134.05,308.9,DOPC
322.78,249.74,DOPC
474.14,182.83002,DOPC
418.86002,184.59999,DOPC
161.88998,367.65,DOPC
124.97,225.13,DOPC
397.41,103.67,DOPC
502.18,418.28,DOPC
520.54004,145.18,DOPC
415.15997,341.98,DOPC
319.49,212.81,DOPC
362.28,368.77997,DOPC
140.02,106.04,DOPC
174.2,82.159996,DOPC
102.740005,408.31,DOPC
87.869995,362.24,DOPC
383.84,404.84003,DOPC
86.7,443.79,DOPC
106.56,75.64,DOPC
417.3,363.87,DOPC
461.38,202.29999,DOPC
527.67,336.99002,DOPC
486.52002,483.21,DOPC
36.77,408.04,DOPC
311.73,101.12,DOPC
340.28998,517.32,DOPC
259.25,245.28,DOPC
478.13,201.5,DOPC
119.399994,203.95001,DOPC
331.23,359.58002,DOPC
24.09,359.77002,DOPC
175.56,297.3,DOPC
97.07,342.11,DOPC
451.0,51.129997,DOPC
368.02,143.57,DOPC
256.79,92.939995,DOPC
267.93,4.3,DOPC
103.16,395.02,DOPC
224.51999,435.61002,DOPC
418.07,468.71,DOPC
126.47,112.35,DOPC
488.97998,132.76,DOPC
120.62,542.25,DOPC
380.63,344.03998,DOPC
314.56,346.8,DOPC
279.94,282.80002,DOPC
71.020004,245.94,DOPC
313.58,386.71002,DOPC
372.72,393.97998,DOPC
11.45,85.83,DOPC
410.15997,279.2,DOPC
513.54,385.84,DOPC
176.75,158.56,DOPC
375.56,425.71,DOPC
43.699997,255.99,DOPC
112.98,327.13,DOPC
118.100006,172.83002,DOPC
97.11,53.0,DOPC
127.45,9.83,DOPC
363.38,459.33,DOPC
312.7,57.760002,DOPC
465.26,135.36,DOPC
170.73999,284.44,DOPC
416.92,369.72998,DOPC
57.410004,54.829998,DOPC
97.1,194.44,DOPC
131.95,61.19,DOPC
69.82,59.58,DOPC
385.41,259.9,DOPC
426.57,188.54999,DOPC
225.37001,341.52002,DOPC
138.03,290.84,DOPC
538.83,357.55002,DOPC
247.53,120.240005,DOPC
217.29999,342.71,DOPC
377.63,337.25,DOPC
197.88,121.33,DOPC
434.77002,459.32,DOPC
528.01,486.96,DOPC
481.56,385.19,DOPC
6.58,424.05,DOPC
168.23,130.94,DOPC
263.78,158.1,DOPC
525.64,24.32,DOPC
359.86,385.01,DOPC
454.38998,81.5,DOPC
285.15,465.56,DOPC
405.01,382.16998,DOPC
54.61,133.69,DOPC
206.77,442.09,DOPC
439.11,504.23,DOPC
8.0,433.03003,DOPC
138.94,7.0599995,DOPC
66.19,162.34,DOPC
438.24002,394.24,DOPC
250.43,182.2,DOPC
248.13,364.71002,DOPC
133.33,265.16,DOPC
527.54004,463.00998,DOPC
201.13,104.91,DOPC
234.69,90.950005,DOPC
412.14,133.37,DOPC
237.62,145.07,DOPC
276.38,267.05,DOPC
111.81,6.16,DOPC
86.090004,253.4,DOPC
255.1,381.13998,DOPC
515.02,58.75,DOPC
90.869995,316.62,DOPC
497.59998,219.04,DOPC
328.63,178.95001,DOPC
330.48,198.34,DOPC
181.32,203.84001,DOPC
418.00998,218.46,DOPC
483.16003,452.24,DOPC
10.900001,0.65999997,DOPC
349.31,527.37,DOPC
479.19,471.64,DOPC
57.989998,395.41998,DOPC
507.41,445.08,DOPC
150.20001,327.56,DOPC
181.77,146.02,DOPC
131.99,437.38998,DOPC
497.49,333.84,DOPC
26.91,443.37003,DOPC
207.4,515.39,DOPC
14.58,405.0,DOPC
487.61002,278.75,DOPC
507.93,420.54,DOPC
185.13,53.88,DOPC
32.05,141.15,DOPC
338.84998,533.0,DOPC
533.22,25.25,DOPC
200.75,274.07,DOPC
306.9,429.14,DOPC
125.84,212.48,DOPC
140.06,437.94998,DOPC
175.87999,305.01,DOPC
350.19,414.19,DOPC
292.31,312.97,DOPC
513.79004,196.95999,DOPC
320.6,381.6,DOPC
454.69,312.37,DOPC
100.83,278.58,DOPC
484.12997,283.26,DOPC
1.99,498.47,DOPC
371.24,246.29,DOPC
310.12,14.22,DOPC
274.57,4.45,DOPC
118.21,32.98,DOPC
497.15,371.40997,DOPC
115.85,155.36,DOPC
454.74,321.62997,DOPC
209.95001,415.49,DOPC
342.7,288.06,DOPC
296.46,281.8,DOPC
137.81,481.74,DOPC
257.15,365.05002,DOPC
203.74,331.34,DOPC
416.26,365.73,DOPC
466.83997,223.31,DOPC
53.54,168.08,DOPC
29.37,19.92,DOPC
22.95,144.48,DOPC
537.48,410.96002,DOPC
211.15999,297.02,DOPC
469.79,534.49,DOPC
48.17,409.75,DOPC
15.94,327.55002,DOPC
65.49,95.9,DOPC
337.82,311.42,DOPC
334.07,31.730001,DOPC
490.37,203.44,DOPC
219.25,0.95,DOPC
144.51999,266.33,DOPC
232.70999,517.02997,DOPC
155.98,524.14,DOPC
421.39,477.25,DOPC
249.72,406.73,DOPC
260.34,343.55,DOPC
455.91,36.07,DOPC
412.37,444.72998,DOPC
506.75998,492.09,DOPC
273.78,276.34,DOPC
375.34,59.58,DOPC
277.61,285.11,DOPC
146.79,307.94,DOPC
118.78999,62.82,DOPC
73.08,361.88,DOPC
403.58002,128.54999,DOPC
195.38,327.68002,DOPC
220.84,390.34,DOPC
455.09998,220.58,DOPC
112.67999,524.48004,DOPC
15.039999,247.06,DOPC
65.409996,221.34001,DOPC
53.449997,324.5,DOPC
123.66,242.52,DOPC
82.95999,160.87,DOPC
285.57,231.98999,DOPC
308.06,159.33,DOPC
512.02997,442.27002,DOPC
410.87003,397.05002,DOPC
87.700005,7.7999997,DOPC
298.91,465.22,DOPC
373.00998,348.69,DOPC
176.24,71.950005,DOPC
294.15002,191.54,DOPC
413.23,202.22,DOPC
117.72,215.94,DOPC
531.16003,145.22,DOPC
431.23,41.11,DOPC
63.29,148.52,DOPC
408.61,191.39,DOPC
481.38,351.88,DOPC
517.02,420.43,DOPC
218.18001,312.28,DOPC
325.95,24.779999,DOPC
466.26,384.7,DOPC
529.72,260.22,DOPC
516.4,389.78,DOPC
53.13,526.04,DOPC
49.8,54.42,DOPC
88.100006,327.31998,DOPC
291.57,275.99002,DOPC
515.64,22.4,DOPC
399.16998,418.81,DOPC
279.57,497.3,DOPC
304.69998,304.41,DOPC
349.22,200.45,DOPC
527.2,2.75,DOPC
297.87,371.71002,DOPC
219.01,329.8,DOPC
297.02,200.22,DOPC
188.98001,76.22,DOPC
491.93,373.61,DOPC
350.37997,81.31,DOPC
344.01,97.41,DOPC
322.42,255.5,DOPC
149.86,371.15002,DOPC
52.719997,62.44,DOPC
442.49,237.68,DOPC
20.78,459.99,DOPC
192.68999,226.20001,DOPC
63.11,463.87,DOPC
121.020004,361.39,DOPC
380.48,376.94,DOPC
63.62,47.129997,DOPC
273.85,353.4,DOPC
246.87,354.94998,DOPC
505.16998,49.52,DOPC
219.10999,517.54004,DOPC
128.51,270.41,DOPC
491.15002,288.34,DOPC
81.36,465.66003,DOPC
166.12,520.05,DOPC
40.4,486.88,DOPC
37.89,271.34,DOPC
463.47,60.97,DOPC
239.68001,470.19,DOPC
-0.39999998,161.43999,DOPC
304.44,530.33,DOPC
474.91,384.5,DOPC
28.61,382.86,DOPC
416.66998,438.34,DOPC
511.68,214.10999,DOPC
22.6,283.89,DOPC
168.89,395.76,DOPC
53.75,348.58002,DOPC
44.69,334.43,DOPC
523.87,299.79,DOPC
312.74,109.54001,DOPC
533.27997,436.56,DOPC
514.97003,284.66998,DOPC
17.050001,295.83002,DOPC
453.32,228.73,DOPC
142.17,365.27002,DOPC
400.63,383.02,DOPC
276.19,226.58002,DOPC
535.47003,528.7,DOPC
166.81999,125.77,DOPC
160.26,57.16,DOPC
22.78,408.89,DOPC
258.06,304.69998,DOPC
234.7,329.79,DOPC
127.19,305.13,DOPC
421.77,234.59999,DOPC
527.61,361.99002,DOPC
181.88,427.33002,DOPC
54.15,461.53998,DOPC
512.9,311.6,DOPC
442.05002,77.600006,DOPC
88.170006,154.53,DOPC
297.64,498.82,DOPC
414.43,76.090004,DOPC
425.99,94.28001,DOPC
8.27,148.7,DOPC
171.22,81.56,DOPC
413.27,506.13,DOPC
7.56,413.34,DOPC
191.52,360.84,DOPC
46.38,454.96,DOPC
220.79001,162.98999,DOPC
489.4,367.38998,DOPC
113.12,69.49,DOPC
454.71002,360.06,DOPC
48.47,492.86,DOPC
250.96,218.62,DOPC
330.13,272.97,DOPC
260.58002,499.55002,DOPC
517.34,223.43001,DOPC
375.15,407.16,DOPC
388.43,138.72,DOPC
153.11,446.47998,DOPC
475.78998,8.71,DOPC
480.99,414.18,DOPC
10.14,434.62003,DOPC
15.07,314.69998,DOPC
467.76,438.66,DOPC
204.58,488.18,DOPC
429.59,405.69,DOPC
400.0,463.4,DOPC
374.18,336.53998,DOPC
211.93001,458.4,DOPC
314.94,486.94,DOPC
130.34,523.49,DOPC
221.21,210.96,DOPC
285.88,456.34998,DOPC
4.64,281.9,DOPC
2.48,462.14,DOPC
319.65,269.03998,DOPC
285.89,451.03,DOPC
390.78,321.18,DOPC
447.59998,215.72,DOPC
393.04,64.97,DOPC
284.53,356.34998,DOPC
124.020004,208.79999,DOPC
366.5,229.33,DOPC
520.18,447.8,DOPC
113.82,201.75,DOPC
141.91,532.5,DOPC
226.41,259.34,DOPC
307.03,230.76001,DOPC
149.25,241.43999,DOPC
524.0,321.64,DOPC
27.720001,255.35,DOPC
477.69,407.42,DOPC
368.21,394.84003,DOPC
142.6,1.11,DOPC
376.13998,529.0,DOPC
46.030003,285.8,DOPC
287.4,29.119999,DOPC
15.34,11.97,DOPC
457.51,190.8,DOPC
472.38,362.63,DOPC
124.97,263.76,DOPC
97.840004,424.11,DOPC
381.58002,415.97,DOPC
82.89,405.78998,DOPC
107.85,370.65,DOPC
319.89,342.3,DOPC
209.62,538.16003,DOPC
-1.4499999,109.98,DOPC
177.67,505.91998,DOPC
313.24,534.68,DOPC
477.19,193.11002,DOPC
117.28,444.68,DOPC
45.57,484.87,DOPC
192.47,470.65,DOPC
401.06,277.78998,DOPC
516.08,397.25,DOPC
135.41,342.28,DOPC
533.47,401.81,DOPC
365.81,58.69,DOPC
480.12,62.22,DOPC
519.01,30.76,DOPC
298.1,425.34,DOPC
29.86,44.0,DOPC
394.90002,367.38,DOPC
317.93,240.81,DOPC
96.27,55.2,DOPC
234.17,501.53998,DOPC
373.1,309.37,DOPC
461.22003,403.27,DOPC
359.46,7.9799995,DOPC
370.47,363.89,DOPC
511.05,389.83002,DOPC
306.11,440.80002,DOPC
445.33002,390.54,DOPC
489.96,70.31,DOPC
309.0,521.56,DOPC
531.13,280.32,DOPC
139.56999,103.89,DOPC
328.9,354.88998,DOPC
353.03003,258.59,DOPC
312.16,264.37,DOPC
6.3599997,426.03,DOPC
457.59998,101.75,DOPC
90.25,341.24,DOPC
259.48,273.49002,DOPC
331.78003,227.51,DOPC
469.72998,231.76001,DOPC
193.04001,204.86,DOPC
41.04,387.66998,DOPC
290.17,126.53,DOPC
139.4,45.2,DOPC
376.83,500.02997,DOPC
65.54,371.45,DOPC
534.55005,206.84999,DOPC
128.49,136.98,DOPC
480.97998,238.37,DOPC
311.3,308.03,DOPC
329.01,507.52,DOPC
201.79001,447.93,DOPC
523.52,182.2,DOPC
58.699997,5.71,DOPC
477.41,449.29,DOPC
289.97,230.07999,DOPC
505.13,356.5,DOPC
401.93,273.07,DOPC
69.98,388.33002,DOPC
234.57,50.87,DOPC
284.59,537.48,DOPC
178.72,262.47,DOPC
458.84998,153.29001,DOPC
69.19,192.68999,DOPC
170.76999,256.15,DOPC
268.83,4.63,DOPC
505.19,336.40997,DOPC
125.520004,90.909996,DOPC
522.21,64.520004,DOPC
223.89,491.6,DOPC
291.26,112.57,DOPC
308.87,340.09998,DOPC
86.22,145.15001,DOPC
471.79,410.50998,DOPC
30.57,303.29,DOPC
166.5,485.02,DOPC
462.98,420.67,DOPC
219.36002,89.350006,DOPC
381.61,461.05,DOPC
508.19,210.69,DOPC
1.81,21.35,DOPC
480.11002,95.71999,DOPC
71.46,216.78,DOPC
44.239998,442.78,DOPC
141.34,150.43001,DOPC
368.4,311.44,DOPC
147.2,140.07,DOPC
321.5,232.56,DOPC
19.550001,449.83002,DOPC
236.45001,282.93,DOPC
87.86,203.6,DOPC
218.56001,64.29,DOPC
508.21997,222.14001,DOPC
134.97,224.88,DOPC
73.11,454.14,DOPC
1.0899999,388.83,DOPC
143.41,89.83,DOPC
178.59,12.139999,DOPC
226.86002,98.64,DOPC
363.08,385.18002,DOPC
396.92,254.62999,DOPC
450.05002,349.55002,DOPC
11.58,358.07,DOPC
179.23001,465.35,DOPC
497.52997,280.66998,DOPC
388.21997,42.870003,DOPC
13.070001,299.54,DOPC
422.98,190.87,DOPC
309.13998,38.14,DOPC
380.09998,221.5,DOPC
246.22,501.09003,DOPC
401.56,293.95,DOPC
373.23,383.72003,DOPC
105.66,251.63,DOPC
483.0,373.94,DOPC
423.0,532.7,DOPC
87.130005,101.79,DOPC
11.96,269.84,DOPC
46.85,269.59,DOPC
195.86,270.18,DOPC
257.32,260.83002,DOPC
207.81999,424.88,DOPC
307.0,391.85,DOPC
87.92,224.66,DOPC
115.41,24.43,DOPC
331.66,93.590004,DOPC
184.04,184.68001,DOPC
499.4,208.67001,DOPC
117.659996,501.0,DOPC
383.49,442.0,DOPC
527.28,211.73999,DOPC
265.91,79.58,DOPC
348.97,529.64,DOPC
423.94,461.37,DOPC
312.47,506.13998,DOPC
25.880001,70.59,DOPC
357.66998,274.02002,DOPC
465.47,240.33002,DOPC
183.32,325.7,DOPC
106.75,339.02002,DOPC
435.13,135.54,DOPC
520.79,44.87,DOPC
128.73999,66.07,DOPC
46.73,46.620003,DOPC
194.85,314.03998,DOPC
254.54001,337.21002,DOPC
183.20999,311.06,DOPC
504.43,514.19,DOPC
530.26,131.2,DOPC
295.88,181.09,DOPC
250.8,422.96002,DOPC
39.44,380.74002,DOPC
403.94,409.62003,DOPC
33.800003,190.33002,DOPC
464.53,395.11002,DOPC
294.68,236.52,DOPC
259.87,147.95999,DOPC
99.799995,378.28,DOPC
494.5,196.20001,DOPC
298.01,170.66,DOPC
528.29,453.90997,DOPC
388.34998,158.29001,DOPC
332.59998,3.9700003,DOPC
66.08,472.41,DOPC
283.24,106.850006,DOPC
263.92,387.31998,DOPC
395.63,259.5,DOPC
224.3,195.56999,DOPC
425.78998,7.1,DOPC
362.21002,213.73,DOPC
325.95,174.62999,DOPC
476.01,278.09,DOPC
461.65002,288.44,DOPC
212.01001,448.44,DOPC
526.07,270.71,DOPC
271.4,96.23,DOPC
487.36,536.26,DOPC
63.96,438.59003,DOPC
19.81,528.54,DOPC
339.38,375.66003,DOPC
191.29,172.4,DOPC
440.58,217.95999,DOPC
330.21,531.29004,DOPC
11.66,42.11,DOPC
373.6,191.32999,DOPC
443.39,272.94,DOPC
442.21002,317.42,DOPC
67.18,165.81,DOPC
401.61,66.64,DOPC
117.399994,427.15,DOPC
517.29,346.37,DOPC
53.72,127.24,DOPC
209.7,232.88,DOPC
344.49002,122.85,DOPC
257.49,208.95999,DOPC
73.73,407.81,DOPC
346.88,486.83,DOPC
517.18,276.82,DOPC
9.72,242.04001,DOPC
503.80002,274.47,DOPC
248.54001,186.21,DOPC
323.47998,434.68,DOPC
412.35,474.62003,DOPC
428.90997,396.15002,DOPC
209.06,270.57,DOPC
323.88,218.57,DOPC
460.75,204.93,DOPC
266.48,259.86,DOPC
271.24,455.93,DOPC
240.76999,223.4,DOPC
315.79,303.79,DOPC
167.4,45.18,DOPC
533.22,383.13,DOPC
76.56,166.87,DOPC
76.6,310.54,DOPC
265.27002,478.62,DOPC
133.84,489.19,DOPC
258.52,200.58,DOPC
223.03,472.81,DOPC
517.99,300.33002,DOPC
39.66,130.17,DOPC
385.14,338.81,DOPC
273.23,328.97998,DOPC
260.83002,383.5,DOPC
153.18,107.01,DOPC
421.08002,207.98001,DOPC
315.07,375.41998,DOPC
374.27,2.78,DOPC
430.41998,100.29,DOPC
356.83,318.32,DOPC
322.55002,209.65,DOPC
159.33,43.839996,DOPC
223.34999,3.9899998,DOPC
29.57,530.51996,DOPC
350.37,371.32,DOPC
341.05,432.8,DOPC
455.91,79.05,DOPC
383.89,357.57,DOPC
72.22,459.25,DOPC
265.16,433.08,DOPC
439.56,390.37997,DOPC
304.15002,282.19,DOPC
327.01,15.559999,DOPC
438.46002,99.92,DOPC
68.0,9.58,DOPC
289.41,304.21,DOPC
126.06,56.95,DOPC
238.48,171.07,DOPC
391.12,212.95,DOPC
462.58,225.14,DOPC
341.96,302.6,DOPC
184.76,5.1499996,DOPC
473.99,203.76,DOPC
321.4,147.27,DOPC
235.5,69.14,DOPC
237.43,59.4,DOPC
107.19,22.349998,DOPC
286.84,263.43,DOPC
344.59,13.25,DOPC
522.34,516.78,DOPC
228.79,389.01,DOPC
226.04001,426.43002,DOPC
120.64,375.37,DOPC
117.29,512.45,DOPC
439.49002,503.81,DOPC
170.23001,184.92001,DOPC
325.84998,326.99002,DOPC
89.759995,466.88,DOPC
503.84998,226.27,DOPC
293.87,21.75,DOPC
96.490005,249.55,DOPC
303.72998,107.46001,DOPC
11.610001,261.53,DOPC
370.36,262.71,DOPC
276.31,307.68,DOPC
377.16,523.05,DOPC
199.45999,397.91998,DOPC
439.28003,303.09,DOPC
467.03,345.65,DOPC
15.53,281.22,DOPC
109.96001,422.75,DOPC
370.9,536.29004,DOPC
129.79999,450.88,DOPC
131.32,149.96,DOPC
125.57,127.740005,DOPC
296.06,58.74,DOPC
496.34,542.56,DOPC
361.69,505.34,DOPC
34.64,263.81,DOPC
184.12001,254.09,DOPC
292.7,88.73,DOPC
509.75,194.2,DOPC
179.88,250.86,DOPC
504.37,253.95999,DOPC
244.59,314.93,DOPC
7.9900002,350.04,DOPC
52.410004,172.75,DOPC
139.55,384.94,DOPC
379.44,398.37003,DOPC
303.44,457.72998,DOPC
341.08002,256.48,DOPC
116.5,356.05,DOPC
205.79001,529.1,DOPC
516.29004,523.0,DOPC
463.49,30.41,DOPC
432.69,442.36,DOPC
380.47,299.75,DOPC
263.12,325.6,DOPC
300.09,407.63,DOPC
296.22998,248.26999,DOPC
316.28,144.27,DOPC
341.85,220.41,DOPC
187.01999,536.6,DOPC
389.27,133.97,DOPC
140.17,81.53,DOPC
529.88,302.18,DOPC
133.85,454.42,DOPC
29.14,182.90001,DOPC
317.75998,37.21,DOPC
150.3,42.95,DOPC
218.47,40.56,DOPC
431.33,272.99,DOPC
208.2,361.83997,DOPC
162.12999,87.799995,DOPC
302.29,364.21002,DOPC
374.58002,164.02,DOPC
138.83,133.34,DOPC
33.73,397.42,DOPC
110.42,80.57,DOPC
353.0,275.13,DOPC
102.130005,438.49,DOPC
8.55,393.18,DOPC
536.24,490.93,DOPC
397.08002,40.45,DOPC
132.9,412.54,DOPC
357.26,399.65,DOPC
299.62,280.06,DOPC
334.52,289.83,DOPC
12.259999,189.14,DOPC
182.08,413.80002,DOPC
530.37,16.07,DOPC
352.66998,210.56,DOPC
85.57,170.13,DOPC
465.27002,149.96,DOPC
214.57,438.86002,DOPC
500.84,506.49,DOPC
378.9,171.66,DOPC
157.67,377.37,DOPC
26.310001,166.63,DOPC
196.91,44.899998,DOPC
347.97,268.57,DOPC
140.42,505.88,DOPC
51.24,198.05,DOPC
308.51,416.31,DOPC
396.98,17.39,DOPC
225.94,9.32,DOPC
361.21,481.06998,DOPC
47.379997,9.02,DOPC
273.02,378.52002,DOPC
284.2,490.49,DOPC
84.83,267.88998,DOPC
336.23,90.45,DOPC
357.87997,345.33002,DOPC
537.42,243.09999,DOPC
165.20001,461.53,DOPC
118.2,82.25,DOPC
85.92,428.86002,DOPC
370.73,279.13998,DOPC
23.46,275.66,DOPC
447.15,119.54001,DOPC
39.38,185.31999,DOPC
454.53998,366.95,DOPC
351.8,433.24002,DOPC
421.62,36.19,DOPC
332.93,389.93,DOPC
137.84,8.18,DOPC
261.61,292.95,DOPC
324.68,394.25998,DOPC
95.909996,489.66,DOPC
433.1,31.94,DOPC
310.19,216.78,DOPC
73.35,159.14,DOPC
260.91,335.02,DOPC
372.22,440.44,DOPC
333.2,454.72,DOPC
71.5,224.98,DOPC
93.7,428.51,DOPC
20.52,262.25,DOPC
41.300003,105.99,DOPC
272.18,369.66998,DOPC
181.70999,282.18,DOPC
191.66,148.2,DOPC
352.22998,136.52,DOPC
266.06,237.24,DOPC
118.079994,337.22,DOPC
27.539999,60.52,DOPC
227.98001,198.78,DOPC
346.53998,510.91998,DOPC
273.75,435.37,DOPC
327.94,383.61,DOPC
312.12,43.44,DOPC
476.13,321.04,DOPC
18.0,417.01,DOPC
234.99,186.67,DOPC
122.53999,235.18999,DOPC
458.52002,386.49,DOPC
164.83,37.079998,DOPC
190.5,302.16998,DOPC
344.63,496.92,DOPC
203.34999,159.36,DOPC
149.69,311.43,DOPC
513.82,449.51,DOPC
128.13,30.3,DOPC
86.82,83.33,DOPC
334.84003,281.14,DOPC
282.71,394.22,DOPC
288.18,426.39,DOPC
141.98,377.25,DOPC
235.66,525.44995,DOPC
333.94,205.20999,DOPC
54.920002,252.39,DOPC
490.71997,105.909996,DOPC
488.43,421.9,DOPC
141.86,316.79,DOPC
211.58002,160.07999,DOPC
386.99002,194.31,DOPC
505.54,453.56,DOPC
497.09998,221.15,DOPC
306.78,115.9,DOPC
154.12,123.28,DOPC
264.64,145.94,DOPC
140.1,537.28,DOPC
416.19998,31.380001,DOPC
103.09,273.26,DOPC
259.33002,251.07,DOPC
518.85,290.28998,DOPC
373.66,491.41998,DOPC
183.65999,243.37999,DOPC
178.06,293.9,DOPC
482.08002,226.60999,DOPC
210.48001,510.09,DOPC
315.48,202.6,DOPC
412.94,26.23,DOPC
517.98,268.41,DOPC
443.82,101.42999,DOPC
454.01,297.84,DOPC
327.59,341.43002,DOPC
442.08002,312.26,DOPC
202.45001,287.26,DOPC
120.0,110.61,DOPC
401.82,519.79,DOPC
103.21,471.92,DOPC
168.06999,51.269997,DOPC
531.0,5.27,DOPC
281.06,384.42,DOPC
319.1,442.43,DOPC
126.79,278.18,DOPC
182.98001,359.46997,DOPC
498.77997,380.89,DOPC
476.06,436.55,DOPC
467.02,219.58,DOPC
511.33,260.97998,DOPC
517.93,357.22,DOPC
122.36,343.4,DOPC
168.43001,533.64,DOPC
516.35,17.4,DOPC
354.56,362.44998,DOPC
269.74002,318.63,DOPC
190.91,370.24,DOPC
307.78,319.95,DOPC
245.06,244.51001,DOPC
307.42,173.34999,DOPC
500.34,360.56,DOPC
144.25,74.63,DOPC
459.36002,374.31,DOPC
338.04,66.91,DOPC
397.26,208.59,DOPC
407.94998,391.47998,DOPC
541.27,123.84,DOPC
115.579994,46.85,DOPC
362.37,393.82,DOPC
485.61002,214.5,DOPC
420.26,69.36,DOPC
458.17,380.28,DOPC
198.04001,487.5,DOPC
109.619995,99.52,DOPC
322.81,358.6,DOPC
467.85,23.269999,DOPC
135.9,351.79,DOPC
343.51,294.36002,DOPC
541.92004,26.830002,DOPC
2.44,169.65,DOPC
136.07,119.99,DOPC
457.7,258.77002,DOPC
477.43,288.89,DOPC
540.43,146.96,DOPC
329.08002,480.66003,DOPC
42.03,115.09,DOPC
497.82,420.76,DOPC
391.88,5.52,DOPC
219.87,10.91,DOPC
417.26,514.41003,DOPC
435.31,48.51,DOPC
156.58,175.66,DOPC
30.39,490.32,DOPC
247.62,319.1,DOPC
169.01,439.45,DOPC
312.80002,459.05,DOPC
304.41,482.29,DOPC
308.18,362.11,DOPC
326.30002,145.48001,DOPC
234.2,261.2,DOPC
487.42,353.15,DOPC
103.310005,86.47,DOPC
27.9,298.96,DOPC
40.260002,447.49,DOPC
446.62997,459.07,DOPC
61.100002,378.52002,DOPC
201.08,416.06,DOPC
69.380005,354.69,DOPC
265.54,188.2,DOPC
358.38,267.88,DOPC
238.56001,364.43,DOPC
99.399994,339.38998,DOPC
524.73,196.04001,DOPC
379.81,132.48999,DOPC
252.44,453.18,DOPC
373.41998,360.44,DOPC
2.8799999,368.25,DOPC
481.66,472.2,DOPC
217.35,50.13,DOPC
220.22,82.340004,DOPC
356.96,177.33,DOPC
90.12,461.55,DOPC
28.94,229.72,DOPC
481.74,189.26001,DOPC
366.38,109.0,DOPC
136.92,497.42,DOPC
371.29,32.01,DOPC
226.69,404.66998,DOPC
12.7699995,368.38,DOPC
218.88,197.52,DOPC
255.87999,460.19,DOPC
55.229996,334.29,DOPC
411.33,282.41,DOPC
450.35,414.53,DOPC
86.82,235.93001,DOPC
284.0,431.29,DOPC
176.47,201.55,DOPC
209.3,342.15,DOPC
82.840004,250.31999,DOPC
-0.44,80.68,DOPC
173.5,429.45,DOPC
79.83,233.46,DOPC
482.26,423.66,DOPC
458.53,467.35,DOPC
128.71,485.22,DOPC
479.33997,203.72,DOPC
203.89,79.229996,DOPC
405.49,336.33,DOPC
318.61,162.52,DOPC
473.63998,541.92004,DOPC
203.20999,318.24,DOPC
146.9,416.0,DOPC
249.95001,371.95,DOPC
410.22998,521.15,DOPC
233.16,246.4,DOPC
519.09,538.38,DOPC
514.92,469.92,DOPC
422.57,513.46,DOPC
36.04,61.01,DOPC
267.96,442.44998,DOPC
395.75,306.8,DOPC
352.82,503.68,DOPC
278.27,335.13,DOPC
47.010002,356.02002,DOPC
213.36,476.68,DOPC
500.81,170.07,DOPC
1.76,438.67,DOPC
52.89,187.36,DOPC
107.299995,12.92,DOPC
289.86,414.81998,DOPC
116.64,73.86,DOPC
246.97,153.02,DOPC
406.17,75.89,DOPC
304.71002,150.73,DOPC
205.47,280.40002,DOPC
298.05,415.75,DOPC
163.34999,210.45,DOPC
280.6,252.5,DOPC
45.45,369.27,DOPC
455.39,401.87,DOPC
377.86,193.98001,DOPC
361.58002,299.87,DOPC
84.85,313.34998,DOPC
10.219999,470.28,DOPC
38.800003,7.6200004,DOPC
473.90997,373.95,DOPC
282.77002,6.28,DOPC
417.36,492.93,DOPC
276.88,113.82,DOPC
117.85,229.54001,DOPC
7.07,341.40997,DOPC
234.66,10.73,DOPC
298.69,289.8,DOPC
98.43001,221.19,DOPC
92.67,216.11,DOPC
330.81,243.86,DOPC
514.03,244.37,DOPC
398.99,510.53003,DOPC
110.43,236.88998,DOPC
303.09,323.2,DOPC
435.08,419.38998,DOPC
311.37,377.49,DOPC
62.09,342.3,DOPC
457.07,12.92,DOPC
195.94,280.15,DOPC
7.1,196.72,DOPC
71.939995,151.23,DOPC
102.09,262.59,DOPC
108.6,350.84,DOPC
19.58,505.22998,DOPC
337.91,407.11,DOPC
464.08002,435.07,DOPC
59.2,102.09,DOPC
209.66998,328.69,DOPC
62.82,398.83,DOPC
5.06,296.32,DOPC
539.45996,12.130001,DOPC
447.76,72.38,DOPC
293.9,102.38,DOPC
474.96,443.13,DOPC
333.11002,372.11,DOPC
94.89,147.52,DOPC
429.19,190.97,DOPC
299.52,157.26,DOPC
234.27,477.62,DOPC
0.67,448.1,DOPC
440.97,20.02,DOPC
381.81,449.08002,DOPC
413.41,129.18001,DOPC
215.04,18.66,DOPC
41.67,224.10999,DOPC
384.53,218.34999,DOPC
433.12,151.44,DOPC
373.97998,414.31,DOPC
188.25,344.59,DOPC
302.09,41.43,DOPC
247.19,438.69998,DOPC
486.29,467.16,DOPC
286.69,123.409996,DOPC
345.2,407.19,DOPC
436.17,538.57,DOPC
269.41,466.04,DOPC
458.00998,3.14,DOPC
117.53999,418.34998,DOPC
111.2,478.21997,DOPC
181.45999,396.98,DOPC
442.46,337.94,DOPC
465.37,415.50998,DOPC
521.15,337.06,DOPC
133.52,380.41998,DOPC
165.53,316.66,DOPC
373.26,144.44,DOPC
148.94,82.59,DOPC
396.79,455.26,DOPC
108.170006,302.56,DOPC
479.22,399.0,DOPC
494.81,305.57,DOPC
477.05002,336.78003,DOPC
10.290001,57.29,DOPC
107.399994,429.33,DOPC
38.6,203.6,DOPC
190.07,177.37,DOPC
240.24,276.05,DOPC
8.7699995,207.59001,DOPC
467.40002,68.93,DOPC
133.71,465.69,DOPC
145.59,464.86,DOPC
496.1,122.229996,DOPC
223.09999,336.18,DOPC
437.03,196.94,DOPC
299.84,245.26,DOPC
1.3,203.02,DOPC
263.34,363.96,DOPC
120.64,402.87997,DOPC
408.0,60.4,DOPC
117.67,346.30002,DOPC
356.19,511.88,DOPC
55.27,155.23,DOPC
9.139999,375.91998,DOPC
182.95,300.51,DOPC
365.9,350.67,DOPC
134.98999,361.64,DOPC
50.260002,225.63998,DOPC
447.34003,384.7,DOPC
376.53,94.99,DOPC
60.359997,351.39,DOPC
166.55,178.04001,DOPC
226.19,76.05,DOPC
232.54999,238.72,DOPC
208.18001,444.64,DOPC
403.08997,433.93002,DOPC
376.46,54.15,DOPC
45.86,251.08,DOPC
381.66998,87.46001,DOPC
111.58,491.62997,DOPC
199.58,340.25,DOPC
228.22,253.99,DOPC
104.28001,394.55002,DOPC
108.310005,185.27,DOPC
469.12997,358.0,DOPC
138.34,286.9,DOPC
317.25,211.39,DOPC
206.70999,143.25,DOPC
508.2,273.88,DOPC
191.73999,500.14,DOPC
270.52,12.58,DOPC
279.19,402.56,DOPC
439.51,142.1,DOPC
185.23001,384.24,DOPC
113.75,122.81999,DOPC
15.94,203.98001,DOPC
346.87,322.91998,DOPC
333.28,55.8,DOPC
362.72998,438.6,DOPC
414.79,483.61,DOPC
347.81,176.03,DOPC
151.14,90.0,DOPC
127.43,35.87,DOPC
11.160001,440.40002,DOPC
453.75,211.22,DOPC
190.93001,251.6,DOPC
127.38,149.13,DOPC
79.68,391.86002,DOPC
206.83,258.4,DOPC
141.56,53.32,DOPC
58.99,55.58,DOPC
462.42,315.51,DOPC
101.61,287.97,DOPC
365.12,542.98,DOPC
326.78003,441.0,DOPC
297.91998,324.79,DOPC
176.81,447.11,DOPC
419.98,27.509998,DOPC
323.26,402.71,DOPC
177.66,535.46,DOPC
274.15002,505.31,DOPC
487.82,95.380005,DOPC
449.76,203.4,DOPC
463.45,89.29,DOPC
10.629999,499.22,DOPC
350.13,219.01,DOPC
446.40997,206.92,DOPC
280.15,461.99002,DOPC
495.28998,98.66,DOPC
243.59,284.72,DOPC
221.29,107.19,DOPC
240.84,243.33,DOPC
96.56999,505.33002,DOPC
181.66,391.95,DOPC
34.61,375.56,DOPC
274.59,54.69,DOPC
232.64,5.3399997,DOPC
347.62,105.810005,DOPC
12.37,227.18001,DOPC
166.23,154.2,DOPC
338.90997,245.1,DOPC
139.70999,309.12,DOPC
191.09,505.58,DOPC
492.07,358.24002,DOPC
84.270004,474.37,DOPC
168.04001,120.600006,DOPC
22.75,302.75,DOPC
16.65,126.93,DOPC
240.91998,34.63,DOPC
160.84999,442.14,DOPC
92.33,481.5,DOPC
297.7,86.31,DOPC
-0.24000001,402.37,DOPC
475.19,230.59999,DOPC
494.22,227.23,DOPC
33.329998,14.110001,DOPC
38.38,398.02,DOPC
480.81,263.58,DOPC
61.199997,367.38998,DOPC
355.21,187.49,DOPC
102.43,192.28,DOPC
365.96002,94.96001,DOPC
433.84,21.23,DOPC
341.32,67.14,DOPC
119.41,206.11,DOPC
438.52002,246.48001,DOPC
456.6,342.18,DOPC
289.94,184.48,DOPC
533.27997,115.66,DOPC
269.15002,220.59,DOPC
360.83002,456.69998,DOPC
437.93,354.83002,DOPC
294.05002,490.91,DOPC
426.62997,421.62,DOPC
262.51,355.68,DOPC
408.38,27.57,DOPC
9.26,213.77,DOPC
430.52,502.01,DOPC
383.18,165.45999,DOPC
532.18,321.58002,DOPC
536.86,254.41,DOPC
450.47,186.64,DOPC
96.32,79.74,DOPC
158.26999,25.050001,DOPC
220.95,285.28998,DOPC
101.04,242.8,DOPC
241.94,179.44,DOPC
383.52002,332.46,DOPC
162.45001,216.67,DOPC
398.95,448.13,DOPC
141.56999,263.13998,DOPC
3.57,487.87997,DOPC
255.89001,7.0,DOPC
8.93,125.880005,DOPC
26.029999,235.48001,DOPC
427.99,446.04,DOPC
240.83,518.69,DOPC
59.8,78.68,DOPC
307.04,348.28,DOPC
468.46002,271.75,DOPC
224.61,268.07,DOPC
225.98,52.719997,DOPC
407.16,544.6,DOPC
447.21002,12.740001,DOPC
426.85,353.88,DOPC
218.46,419.36002,DOPC
398.25,482.87,DOPC
287.14,440.66003,DOPC
499.31,348.84,DOPC
503.32,154.63,DOPC
379.96,536.99,DOPC
541.27997,214.3,DOPC
102.399994,363.41998,DOPC
334.8,236.75,DOPC
276.47,363.08,DOPC
272.22998,514.88,DOPC
88.88,263.28,DOPC
485.44998,476.45,DOPC
40.33,463.13998,DOPC
508.27,172.33,DOPC
227.68999,224.08002,DOPC
288.34998,250.93001,DOPC
526.79004,378.1,DOPC
195.13,508.71,DOPC
384.19998,107.11,DOPC
53.07,204.1,DOPC
186.62001,126.08,DOPC
115.62,263.2,DOPC
358.77997,371.56,DOPC
263.57,43.25,DOPC
126.4,466.29,DOPC
309.47,382.42,DOPC
171.66,60.5,DOPC
490.3,413.37003,DOPC
443.72003,262.52002,DOPC
419.23,151.85,DOPC
59.920002,329.22,DOPC
73.33,293.5,DOPC
389.03998,509.56,DOPC
152.85,392.8,DOPC
417.38998,61.420002,DOPC
127.36,203.97,DOPC
439.02002,415.09998,DOPC
333.4,414.24,DOPC
510.9,536.97,DOPC
47.729996,469.56,DOPC
17.16,380.9,DOPC
156.59,152.57,DOPC
98.11,514.19995,DOPC
251.18,504.23,DOPC
378.11002,366.43002,DOPC
404.72,263.34998,DOPC
518.22,201.84,DOPC
450.57,253.84001,DOPC
489.91,449.18,DOPC
202.54,347.66998,DOPC
69.97,508.15,DOPC
485.3,405.52,DOPC
399.46997,27.01,DOPC
363.63,290.46,DOPC
301.11,272.08002,DOPC
163.9,477.26,DOPC
186.91,168.61,DOPC
66.350006,108.88,DOPC
197.79,462.68002,DOPC
166.95999,450.91,DOPC
281.48,202.22,DOPC
244.09,47.43,DOPC
23.68,319.74002,DOPC
267.38,287.31,DOPC
56.95,217.79,DOPC
189.43001,28.48,DOPC
104.55,418.71,DOPC
59.920002,177.35,DOPC
29.34,265.63998,DOPC
55.98,239.86,DOPC
310.25,404.52,DOPC
244.62999,306.44,DOPC
482.21002,1.48,DOPC
52.92,310.1,DOPC
193.95999,318.57,DOPC
298.85,315.71,DOPC
365.18002,489.72,DOPC
370.02997,36.91,DOPC
406.06,242.33,DOPC
385.44998,290.94998,DOPC
176.78,481.95,DOPC
176.78,126.8,DOPC
374.38,319.13,DOPC
223.67001,417.89,DOPC
121.86,99.14,DOPC
402.91,472.94,DOPC
372.37,372.22,DOPC
152.55,520.47003,DOPC
208.16,349.8,DOPC
95.11,359.23,DOPC
15.809999,150.95999,DOPC
195.65001,407.74,DOPC
15.9800005,375.91998,DOPC
279.89,340.41998,DOPC
230.87,469.27,DOPC
79.55,271.8,DOPC
186.78,332.19,DOPC
42.12,477.51,DOPC
80.96,259.36002,DOPC
460.09,510.84998,DOPC
216.75,396.85,DOPC
140.8,238.56001,DOPC
535.64,215.07999,DOPC
149.69,438.95,DOPC
166.03,279.82,DOPC
414.32,311.59,DOPC
58.43,297.15,DOPC
63.3,11.66,DOPC
180.37001,460.04,DOPC
499.46,515.57996,DOPC
235.17,138.86,DOPC
376.99002,283.52,DOPC
291.82,395.55,DOPC
299.56,310.87,DOPC
384.91,96.44,DOPC
286.73,257.88,DOPC
461.12,278.31,DOPC
434.7,172.68,DOPC
273.78,421.15002,DOPC
437.06,225.45999,DOPC
158.16,83.909996,DOPC
186.01,349.07,DOPC
290.25998,362.21002,DOPC
217.72,498.68,DOPC
38.989998,154.17,DOPC
6.42,111.990005,DOPC
160.48999,137.70001,DOPC
248.64,278.03,DOPC
481.43002,380.24,DOPC
354.94998,249.01,DOPC
480.37997,89.91,DOPC
299.86,399.68,DOPC
433.00998,529.45,DOPC
388.75,399.11,DOPC
525.43,423.11002,DOPC
179.41,186.53,DOPC
3.49,348.26,DOPC
83.4,446.30002,DOPC
355.22998,233.05,DOPC
470.49,529.17,DOPC
156.21,60.27,DOPC
110.43,200.52,DOPC
298.7,376.79,DOPC
529.08,533.77,DOPC
376.94,384.03,DOPC
123.84,348.89,DOPC
26.67,124.350006,DOPC
350.5,6.49,DOPC
93.64,326.34998,DOPC
522.37,437.12003,DOPC
32.550003,27.939999,DOPC
170.31,323.87,DOPC
388.44,537.91003,DOPC
296.39,354.42,DOPC
474.65,349.06,DOPC
120.950005,277.88,DOPC
120.69,238.29001,DOPC
365.62,277.16998,DOPC
54.039997,407.08002,DOPC
152.61,337.28,DOPC
84.189995,318.82,DOPC
257.68,491.04,DOPC
142.44,369.07,DOPC
47.05,376.75998,DOPC
264.07,317.16998,DOPC
319.27,371.82,DOPC
137.54,68.42,DOPC
411.44,343.68,DOPC
522.31,58.730003,DOPC
83.5,117.79,DOPC
57.43,187.36,DOPC
444.77002,45.21,DOPC
314.95,434.01,DOPC
85.57,520.96,DOPC
121.31,270.37,DOPC
369.66,483.1,DOPC
527.01,313.22,DOPC
465.53003,38.41,DOPC
95.950005,290.97,DOPC
226.03,161.04999,DOPC
418.28998,424.01,DOPC
392.91,406.9,DOPC
282.29,367.71,DOPC
182.6,39.77,DOPC
400.06,424.88998,DOPC
390.89,389.44,DOPC
504.68,427.22998,DOPC
264.07,472.78998,DOPC
153.98,427.87997,DOPC
36.21,455.31,DOPC
358.71,472.16,DOPC
127.59,160.23001,DOPC
67.72,403.26,DOPC
445.40002,268.55,DOPC
143.01,193.06999,DOPC
267.86,487.61002,DOPC
523.01,264.48,DOPC
120.62,453.30002,DOPC
503.45,97.59,DOPC
350.53003,404.79,DOPC
51.21,178.22,DOPC
200.35,-4.51,DOPC
307.21002,424.24,DOPC
407.03,225.8,DOPC
327.44998,188.89,DOPC
485.7,506.83,DOPC
283.69,53.78,DOPC
315.91,468.12,DOPC
540.82,90.41,DOPC
268.03,416.75,DOPC
43.699997,419.65,DOPC
286.6,479.53,DOPC
85.979996,351.79,DOPC
480.62,247.12,DOPC
107.39,226.58002,DOPC
100.66,457.71,DOPC
185.58,452.52997,DOPC
540.16,104.83,DOPC
325.86,275.76,DOPC
119.6,247.19,DOPC
203.19,520.81,DOPC
190.87999,240.95,DOPC
537.66,72.18,DOPC
498.38,414.98,DOPC
510.71,398.36,DOPC
176.25,222.88,DOPC
121.96999,519.69,DOPC
305.32,244.71,DOPC
254.79999,87.53,DOPC
433.99,327.3,DOPC
302.07,437.5,DOPC
228.59,335.97,DOPC
243.34,448.67,DOPC
392.11,517.11,DOPC
352.33002,34.71,DOPC
427.44998,464.45,DOPC
357.91,88.58,DOPC
232.4,324.7,DOPC
100.57,463.86002,DOPC
46.0,206.38,DOPC
489.44,485.13,DOPC
107.62,516.54,DOPC
196.5,259.27,DOPC
211.35,388.4,DOPC
416.57,89.759995,DOPC
374.27,233.71,DOPC
115.880005,406.34998,DOPC
183.19,527.82,DOPC
6.0,223.51,DOPC
513.47,433.62,DOPC
355.50998,241.95,DOPC
411.94,361.51,DOPC
358.84,254.19,DOPC
348.45,125.93001,DOPC
302.11002,472.94,DOPC
251.49,293.37,DOPC
297.19,297.31,DOPC
283.71,221.95999,DOPC
422.21002,272.52002,DOPC
49.42,447.19,DOPC
52.51,2.87,DOPC
120.62,479.56,DOPC
406.93,252.26999,DOPC
427.62,182.59001,DOPC
34.96,416.32,DOPC
371.41998,93.27,DOPC
471.55,476.21,DOPC
402.28,326.91003,DOPC
418.63,51.620003,DOPC
257.02,77.41,DOPC
72.41,88.240005,DOPC
74.89,2.57,DOPC
363.9,142.48999,DOPC
462.3,443.96,DOPC
340.62,493.80002,DOPC
220.14,250.18,DOPC
170.25,224.28,DOPC
333.94,424.16,DOPC
101.549995,77.94,DOPC
51.090004,301.07,DOPC
467.94998,293.57,DOPC
103.26,333.91998,DOPC
223.69,516.0,DOPC
395.99,195.20999,DOPC
505.63,314.89,DOPC
146.43,162.95,DOPC
21.53,222.48,DOPC
503.61,325.13,DOPC
452.05002,181.79001,DOPC
214.38,374.12,DOPC
132.08,83.76,DOPC
218.20999,342.54,DOPC
72.18,465.02,DOPC
263.04,512.64,DOPC
410.40002,460.86,DOPC
430.87003,412.22998,DOPC
5.9700003,387.25,DOPC
158.36,282.27,DOPC
28.09,476.45,DOPC
83.100006,217.49,DOPC
123.509995,300.38998,DOPC
67.69,338.84998,DOPC
114.270004,254.64001,DOPC
517.44,67.0,DOPC
150.02,345.0,DOPC
236.73001,205.11,DOPC
268.0,510.7,DOPC
293.25,539.95,DOPC
526.6,442.51,DOPC
319.66,31.64,DOPC
180.48001,219.05,DOPC
506.88998,15.67,DOPC
250.03,202.35,DOPC
140.64,244.66,DOPC
28.06,391.1,DOPC
511.92,118.32,DOPC
478.75,243.12,DOPC
450.32,80.64,DOPC
214.33,125.78,DOPC
27.81,425.12,DOPC
517.07,484.38,DOPC
65.67,52.04,DOPC
51.760002,363.32,DOPC
276.68,345.3,DOPC
145.95999,121.009995,DOPC
463.63,176.45999,DOPC
386.51,173.29001,DOPC
500.48,470.25,DOPC
498.52002,14.21,DOPC
332.25,253.82999,DOPC
445.58997,18.47,DOPC
230.42,533.18,DOPC
155.44,11.219999,DOPC
202.05,323.2,DOPC
402.52997,303.15,DOPC
472.01,59.1,DOPC
71.6,309.48,DOPC
362.66998,244.54001,DOPC
356.37,207.52,DOPC
482.97,346.58002,DOPC
217.36,73.87,DOPC
362.21002,131.54001,DOPC
248.26001,135.55,DOPC
45.739998,508.46002,DOPC
341.18,152.12,DOPC
20.93,43.11,DOPC
19.62,335.94,DOPC
128.43001,295.66998,DOPC
406.47998,320.81,DOPC
286.42,418.97,DOPC
228.70001,478.87,DOPC
486.61,145.85,DOPC
326.34,497.3,DOPC
398.38,135.05,DOPC
52.03,191.73001,DOPC
74.2,381.40997,DOPC
46.149998,123.82,DOPC
408.93002,466.22003,DOPC
173.13,403.69998,DOPC
172.16,193.13998,DOPC
309.12,239.37,DOPC
247.66,412.72998,DOPC
123.990005,492.94,DOPC
317.64,401.6,DOPC
56.67,70.04,DOPC
86.27,376.13,DOPC
160.09001,236.83,DOPC
533.12,422.2,DOPC
504.16,396.26,DOPC
409.66998,427.41,DOPC
384.62003,482.2,DOPC
52.1,207.47,DOPC
194.83,366.82,DOPC
47.92,17.72,DOPC
493.4,398.77,DOPC
390.15,24.349998,DOPC
408.47,431.61,DOPC
60.03,301.76,DOPC
422.43,442.22,DOPC
31.830002,485.68,DOPC
145.88,184.65,DOPC
147.72,454.79,DOPC
231.91,339.4,DOPC
515.96,493.84998,DOPC
129.76,323.32,DOPC
259.28,373.51,DOPC
73.6,397.44998,DOPC
512.73,269.82,DOPC
279.03998,92.61,DOPC
526.17,37.6,DOPC
55.229996,392.52,DOPC
430.99,302.96,DOPC
353.25,532.15,DOPC
25.85,329.57,DOPC
515.08997,329.84003,DOPC
424.38,114.95,DOPC
129.98999,310.49,DOPC
312.78,526.19,DOPC
213.51,93.42,DOPC
291.94,371.96,DOPC
367.86,9.72,DOPC
60.370003,281.12,DOPC
272.55,480.48,DOPC
2.5900002,132.13,DOPC
391.92,248.33,DOPC
297.56,228.32,DOPC
243.37,261.03,DOPC
210.73,406.75,DOPC
497.93,293.03,DOPC
26.919998,197.09,DOPC
74.39,176.56999,DOPC
445.37,334.28003,DOPC
69.72,446.21,DOPC
511.57,361.55,DOPC
177.85999,334.94,DOPC
24.5,241.03,DOPC
326.88998,164.34,DOPC
258.9,242.59001,DOPC
328.87,65.68,DOPC
58.54,425.41,DOPC
491.61,345.07,DOPC
456.65002,377.02,DOPC
458.53,301.08,DOPC
375.78998,225.5,DOPC
140.44,471.88998,DOPC
74.6,414.96,DOPC
48.699997,534.23,DOPC
540.04004,194.38998,DOPC
320.97,54.37,DOPC
524.11,225.78,DOPC
63.44,511.38,DOPC
531.74,390.99,DOPC
387.64,199.81001,DOPC
417.78,257.58,DOPC
111.96,433.15,DOPC
115.71,139.68001,DOPC
276.01,43.08,DOPC
316.97,28.050001,DOPC
380.80002,326.27,DOPC
199.12001,150.16,DOPC
391.74,300.99002,DOPC
301.12,449.33,DOPC
113.409996,379.19,DOPC
459.77002,411.94,DOPC
202.38,182.88,DOPC
21.989998,400.61002,DOPC
416.32,296.2,DOPC
114.840004,316.16,DOPC
34.4,230.62,DOPC
511.32,133.06,DOPC
411.13998,291.25,DOPC
353.0,223.48,DOPC
194.06999,416.4,DOPC
264.47,280.01,DOPC
367.51,424.72998,DOPC
161.36,458.2,DOPC
75.66,371.13,DOPC
410.02,50.4,DOPC
468.21997,146.91,DOPC
476.11,403.77997,DOPC
285.54,320.57,DOPC
250.45999,520.14,DOPC
404.38,122.95,DOPC
343.71,207.56,DOPC
436.96997,187.46,DOPC
119.14,390.9,DOPC
373.72003,115.35,DOPC
355.32,488.05,DOPC
80.25,326.13,DOPC
226.64,330.36,DOPC
422.63,319.96,DOPC
136.87,429.15002,DOPC
0.35,302.88998,DOPC
192.09,289.09,DOPC
101.17,406.33,DOPC
540.04004,429.77002,DOPC
366.25,127.43,DOPC
440.78,541.55,DOPC
503.91998,341.82,DOPC
391.5,229.06,DOPC
269.46,273.51,DOPC
272.31,337.93,DOPC
292.99,472.3,DOPC
46.43,516.76,DOPC
83.549995,411.8,DOPC
225.07999,534.8,DOPC
279.19,244.06999,DOPC
30.29,68.24,DOPC
524.01,281.09,DOPC
278.72,217.65,DOPC
68.979996,289.31,DOPC
278.92,193.74,DOPC
330.27002,197.87001,DOPC
252.12999,146.58,DOPC
435.07,402.2,DOPC
111.17,113.549995,DOPC
185.35,221.91,DOPC
253.68,38.68,DOPC
343.34,20.480001,DOPC
42.5,176.6,DOPC
24.779999,152.9,DOPC
82.15,276.16,DOPC
400.91,378.90997,DOPC
50.43,293.23,DOPC
157.61,438.1,DOPC
485.15997,180.09001,DOPC
493.11002,493.31,DOPC
443.03003,27.77,DOPC
511.03,205.48999,DOPC
236.25,316.7,DOPC
408.25,96.95,DOPC
40.21,294.92,DOPC
37.82,45.510002,DOPC
501.34998,540.98,DOPC
110.22,387.5,DOPC
245.96,511.55,DOPC
516.4,529.35004,DOPC
249.56,107.259995,DOPC
394.99,55.14,DOPC
163.70001,385.9,DOPC
43.86,62.059998,DOPC
181.45999,474.35,DOPC
525.80005,490.12,DOPC
85.59,126.630005,DOPC
338.89,317.33,DOPC
281.6,326.47,DOPC
150.11,148.90001,DOPC
357.38998,102.72,DOPC
51.510002,501.40997,DOPC
17.07,491.83997,DOPC
283.53,470.75,DOPC
268.61,299.12,DOPC
156.79,200.06,DOPC
158.09,537.69,DOPC
504.66998,365.81,DOPC
275.05,105.17999,DOPC
533.98,355.86,DOPC
453.5,458.52002,DOPC
215.03,289.07,DOPC
170.39,465.07,DOPC
53.920002,289.33002,DOPC
309.32,209.66,DOPC
254.05,22.48,DOPC
239.93,233.58,DOPC
163.79999,77.18,DOPC
258.82,445.26,DOPC
500.86,390.88,DOPC
167.85,-2.42,DOPC
481.38,85.03,DOPC
37.56,502.78998,DOPC
382.40002,390.54,DOPC
347.0,246.45999,DOPC
339.46997,198.56001,DOPC
438.28,256.12,DOPC
318.44,14.54,DOPC
489.76,313.85,DOPC
169.40001,293.37,DOPC
33.75,499.46997,DOPC
537.52997,260.61002,DOPC
229.10999,61.020004,DOPC
386.46,187.91,DOPC
28.710001,364.06,DOPC
21.88,187.76,DOPC
462.89,15.15,DOPC
431.66998,218.64,DOPC
168.11002,406.55,DOPC
362.69,423.86002,DOPC
492.87997,192.47,DOPC
97.62,474.0,DOPC
438.73,214.34999,DOPC
304.85,252.07,DOPC
348.34998,361.40997,DOPC
183.54999,364.71002,DOPC
445.96002,451.78003,DOPC
453.88,157.31,DOPC
176.91,285.77,DOPC
201.88998,140.41,DOPC
519.07,315.23,DOPC
277.03,483.54,DOPC
408.62,513.27,DOPC
50.56,137.9,DOPC
519.69,214.64001,DOPC
442.18,325.02997,DOPC
9.47,158.28,DOPC
234.09,221.04999,DOPC
10.74,97.45,DOPC
85.94,438.06,DOPC
422.40002,401.53,DOPC
201.95,293.27,DOPC
79.05,95.22,DOPC
538.82,67.11,DOPC
471.91003,421.69,DOPC
454.63,334.77002,DOPC
466.75,256.24,DOPC
14.759999,408.06,DOPC
421.96997,59.640003,DOPC
427.75,386.73,DOPC
356.62,303.95,DOPC
493.97,406.51,DOPC
34.11,470.43,DOPC
541.98004,508.54,DOPC
304.3,516.63,DOPC
168.54001,358.59003,DOPC
494.22,177.21,DOPC
529.32996,240.55,DOPC
287.91,296.37,DOPC
349.55002,306.7,DOPC
341.09003,418.13998,DOPC
1.39,118.78,DOPC
104.39,68.340004,DOPC
264.64,120.39,DOPC
72.99,277.77002,DOPC
273.2,91.490005,DOPC
408.34,83.16,DOPC
383.76,3.94,DOPC
320.93,527.88,DOPC
194.9,403.02,DOPC
498.17,485.32,DOPC
444.19998,366.57,DOPC
194.03,134.06999,DOPC
481.77,171.25,DOPC
491.05,509.36002,DOPC
249.45,237.56,DOPC
299.72,65.6,DOPC
280.5,159.56999,DOPC
25.539999,191.38,DOPC
333.34998,365.77,DOPC
252.11,330.87003,DOPC
215.41,169.62,DOPC
454.55002,464.58002,DOPC
235.91998,373.41998,DOPC
526.39,110.100006,DOPC
261.56,51.199997,DOPC
209.01,304.41998,DOPC
48.76,276.36,DOPC
5.4500003,74.24,DOPC
363.63998,119.659996,DOPC
217.53,431.55,DOPC
64.5,421.86002,DOPC
66.55,276.28,DOPC
126.47,220.31,DOPC
35.050003,522.82,DOPC
91.38,313.12,DOPC
500.14,439.57,DOPC
357.38,282.09,DOPC
146.33,408.08997,DOPC
278.66,27.43,DOPC
437.52,345.31,DOPC
270.97,62.07,DOPC
373.05,178.43001,DOPC
296.07,272.66,DOPC
411.66,68.72,DOPC
4.75,522.83,DOPC
232.76,177.89,DOPC
253.32,399.14,DOPC
429.18,145.33,DOPC
103.96,381.15002,DOPC
371.47998,301.79,DOPC
115.82,298.89,DOPC
136.55,36.09,DOPC
372.38,460.14,DOPC
470.33002,302.58,DOPC
490.02997,255.84,DOPC
474.03,196.41,DOPC
169.40001,346.59,DOPC
240.72,334.96,DOPC
427.18,343.59003,DOPC
52.04,439.55002,DOPC
14.700001,390.65,DOPC
482.15,453.6,DOPC
472.12003,239.37,DOPC
125.71999,417.72998,DOPC
536.55,124.659996,DOPC
433.68,75.39,DOPC
456.33,530.92,DOPC
476.99002,78.26,DOPC
263.47998,419.19998,DOPC
377.16998,391.47,DOPC
167.21,302.47,DOPC
-3.5,17.43,DOPC
256.14,58.88,DOPC
236.49,461.45,DOPC
316.91,316.82,DOPC
210.41,314.49,DOPC
90.26,497.59,DOPC
229.41,444.69,DOPC
87.67999,77.69,DOPC
474.72,491.81,DOPC
209.81001,78.78,DOPC
155.97,494.28003,DOPC
507.16,244.66,DOPC
244.9,38.05,DOPC
194.38998,341.83,DOPC
383.63,230.9,DOPC
126.33,370.08,DOPC
307.94,263.97,DOPC
43.14,217.22,DOPC
157.41,401.09003,DOPC
242.12,453.99,DOPC
338.54,538.01996,DOPC
160.70999,294.81,DOPC
146.35,527.42,DOPC
291.59,120.84,DOPC
365.37,377.55002,DOPC
75.19,334.38998,DOPC
519.32,308.55,DOPC
334.66,26.08,DOPC
51.58,330.32,DOPC
346.34,40.84,DOPC
78.15,286.72,DOPC
499.45,242.15,DOPC
5.65,507.22998,DOPC
316.25,136.22,DOPC
427.78,369.28003,DOPC
64.58,303.13,DOPC
217.18001,528.24,DOPC
36.1,254.76999,DOPC
127.119995,117.15,DOPC
337.13,351.17,DOPC
131.21,354.84003,DOPC
392.03998,46.29,DOPC
452.97,109.28001,DOPC
408.87,531.52,DOPC
16.91,440.14,DOPC
39.67,492.5,DOPC
146.28,226.29999,DOPC
427.74,318.15,DOPC
473.66,140.67,DOPC
138.7,269.97,DOPC
244.73,462.37,DOPC
393.36,103.0,DOPC
440.09998,424.68,DOPC
316.28,249.66998,DOPC
56.68,386.69,DOPC
290.53,382.87,DOPC
178.58,161.15,DOPC
301.05,214.14,DOPC
176.41,381.24,DOPC
420.81,101.54,DOPC
443.46002,378.47998,DOPC
306.0,501.5,DOPC
328.56998,212.72,DOPC
49.780003,415.44998,DOPC
62.309998,167.51,DOPC
223.84001,33.440002,DOPC
298.28,114.38,DOPC
252.52,530.85,DOPC
258.34998,400.61002,DOPC
320.96002,17.83,DOPC
204.08002,248.41,DOPC
32.51,317.83002,DOPC
44.09,427.16998,DOPC
149.31,267.14,DOPC
529.13,414.5,DOPC
303.12,264.13998,DOPC
226.84999,308.25,DOPC
368.79,47.519997,DOPC
94.86,37.56,DOPC
509.97003,506.49,DOPC
148.22,332.08002,DOPC
170.70999,29.449999,DOPC
501.86002,535.57996,DOPC
149.18001,192.2,DOPC
532.43,283.43,DOPC
126.96,501.33,DOPC
353.73,440.47,DOPC
235.33002,41.020004,DOPC
83.21999,370.53003,DOPC
331.5,516.68,DOPC
339.72998,329.55002,DOPC
123.09,12.22,DOPC
148.98,389.51,DOPC
165.7,420.84998,DOPC
244.1,96.32,DOPC
236.54,383.77997,DOPC
335.55,446.81,DOPC
189.47,224.37,DOPC
55.2,504.84003,DOPC
360.91,308.54,DOPC
179.96,111.95,DOPC
96.87,200.48001,DOPC
64.68,157.08,DOPC
293.6,320.62,DOPC
221.20001,138.89,DOPC
426.47,160.16,DOPC
93.21999,61.83,DOPC
12.68,238.01001,DOPC
536.32,376.43002,DOPC
344.84003,398.39,DOPC
481.55,321.57,DOPC
435.2,306.35,DOPC
407.81,40.72,DOPC
137.75,215.61002,DOPC
127.05,85.49,DOPC
375.44,104.46999,DOPC
361.92,30.529999,DOPC
137.46,185.45,DOPC
86.03,305.06,DOPC
136.04001,403.49,DOPC
391.55,180.96,DOPC
399.37,248.76,DOPC
290.69,37.149998,DOPC
294.99,523.7,DOPC
367.57,221.88998,DOPC
280.97998,515.44,DOPC
341.71002,366.44,DOPC
224.82,276.87,DOPC
77.84,198.68,DOPC
77.08,86.44,DOPC
323.08,429.01,DOPC
218.95999,442.63,DOPC
251.12,484.99,DOPC
161.03,4.5699997,DOPC
352.91998,89.52,DOPC
415.22,405.6,DOPC
153.02,432.07,DOPC
227.74,28.699999,DOPC
125.240005,251.67,DOPC
493.08,534.62,DOPC
204.33,235.81,DOPC
132.97,142.27,DOPC
489.78,244.26001,DOPC
329.48,178.46,DOPC
236.31,156.94,DOPC
498.69998,131.34,DOPC
55.85,47.46,DOPC
451.22003,149.5,DOPC
250.37001,254.83,DOPC
253.88,447.24,DOPC
63.23,236.4,DOPC
82.79,179.38,DOPC
520.04004,107.08,DOPC
323.38,388.77,DOPC
69.01,364.69,DOPC
351.91003,316.98,DOPC
538.16003,535.21,DOPC
118.27,120.5,DOPC
421.39,131.49,DOPC
128.59999,5.98,DOPC
371.94,377.42,DOPC
398.18,95.950005,DOPC
153.66,166.98999,DOPC
374.86,275.05,DOPC
524.25,506.45,DOPC
113.57001,37.620003,DOPC
180.63998,61.36,DOPC
36.300003,249.78,DOPC
246.70999,330.82,DOPC
93.64,191.31,DOPC
198.37999,423.33002,DOPC
245.5,339.83002,DOPC
467.29,3.4,DOPC
54.61,10.38,DOPC
160.24,160.83,DOPC
270.71,310.84998,DOPC
143.99,210.59,DOPC
468.15,162.76,DOPC
285.41,349.27,DOPC
193.64,36.600002,DOPC
296.42,440.81,DOPC
449.33,140.45,DOPC
475.91,218.92,DOPC
430.25,431.88998,DOPC
374.53,266.69,DOPC
182.49,230.61002,DOPC
482.16,103.28,DOPC
408.47998,490.53003,DOPC
114.899994,364.78,DOPC
318.58,294.56,DOPC
365.04,73.25,DOPC
467.93,298.22,DOPC
3.11,219.1,DOPC
421.96997,291.57,DOPC
197.62,493.07,DOPC
445.76,161.13,DOPC
380.76,437.41,DOPC
317.64,420.05002,DOPC
86.13,284.72998,DOPC
201.56,98.97,DOPC
414.38998,118.56,DOPC
31.68,86.409996,DOPC
285.86002,284.5,DOPC
290.93,242.45001,DOPC
228.13,418.82,DOPC
435.96002,495.36,DOPC
243.81,405.06,DOPC
100.94,14.62,DOPC
338.93002,343.41,DOPC
169.59,332.65,DOPC
329.23,299.82,DOPC
101.8,22.7,DOPC
366.49,409.1,DOPC
79.33,42.5,DOPC
430.13,167.31001,DOPC
250.79001,385.15997,DOPC
210.56999,378.45,DOPC
49.2,242.72,DOPC
62.54,248.18001,DOPC
296.71,30.050001,DOPC
248.57,162.70999,DOPC
140.28,95.79001,DOPC
473.73,102.29,DOPC
371.83997,212.70001,DOPC
195.56999,389.56,DOPC
141.02,333.62,DOPC
384.79,430.35,DOPC
284.13998,44.21,DOPC
231.45999,206.56999,DOPC
474.94998,39.059998,DOPC
70.59,373.04,DOPC
131.47,532.0,DOPC
416.75998,5.2,DOPC
333.52002,269.07,DOPC
457.59998,482.65997,DOPC
487.07,293.89,DOPC
519.67,239.76999,DOPC
69.81,30.179998,DOPC
419.99,280.25,DOPC
221.15999,187.08,DOPC
116.53,130.7,DOPC
278.54,51.160004,DOPC
279.85,424.90002,DOPC
218.64,382.83002,DOPC
418.28998,181.0,DOPC
372.61002,467.72998,DOPC
