405.62,463.56,DPPC
225.99,170.20001,DPPC
276.74,541.06,DPPC
24.18,72.56,DPPC
247.12,125.62,DPPC
469.58002,35.76,DPPC
188.88,429.32,DPPC
465.53003,472.55002,DPPC
461.51,36.07,DPPC
368.41998,115.950005,DPPC
480.73,130.19,DPPC
237.21,62.329998,DPPC
250.63,445.80002,DPPC
435.68,85.439995,DPPC
478.1,160.29,DPPC
54.17,176.06001,DPPC
321.24,457.40002,DPPC
236.75,324.38998,DPPC
405.06,527.35,DPPC
216.8,49.82,DPPC
474.18,22.679998,DPPC
292.37,111.65,DPPC
536.24,116.24,DPPC
324.22,481.91003,DPPC
202.2,229.75,DPPC
23.32,441.99002,DPPC
55.960003,84.38,DPPC
456.52002,387.81,DPPC
447.52997,485.75,DPPC
341.69,32.63,DPPC
68.88,498.66,DPPC
468.56,309.13998,DPPC
75.03,165.58,DPPC
315.24,149.77,DPPC
476.88998,125.79001,DPPC
5.62,228.5,DPPC
450.48,78.0,DPPC
114.93,53.41,DPPC
430.76,374.24,DPPC
269.64,127.939995,DPPC
133.3,525.69,DPPC
399.86,490.37997,DPPC
428.24002,443.77,DPPC
153.82,514.69,DPPC
41.04,404.35,DPPC
17.710001,47.670002,DPPC
145.27,42.16,DPPC
172.57999,456.75998,DPPC
480.57,29.55,DPPC
342.91998,501.13,DPPC
365.66003,-1.0,DPPC
310.43,360.84998,DPPC
15.92,263.94,DPPC
64.0,530.76,DPPC
508.67,510.86,DPPC
211.94,250.16,DPPC
407.06,362.40002,DPPC
472.28,397.36,DPPC
26.15,62.239998,DPPC
268.43,362.8,DPPC
303.04,468.24002,DPPC
15.0,324.94,DPPC
363.56,14.51,DPPC
277.16998,403.95,DPPC
310.04,32.99,DPPC
268.0,228.34999,DPPC
418.83,270.93,DPPC
56.84,465.08,DPPC
212.48,106.03,DPPC
489.48,202.93,DPPC
181.06001,181.0,DPPC
328.53,444.94,DPPC
530.64,259.03,DPPC
59.36,131.67,DPPC
343.03003,466.44,DPPC
31.27,156.53,DPPC
391.88,402.56,DPPC
418.77997,46.26,DPPC
540.38,270.31,DPPC
33.57,5.21,DPPC
468.37003,502.42,DPPC
188.09999,417.48,DPPC
146.66,128.69,DPPC
372.18,527.52,DPPC
281.01,167.70999,DPPC
303.98,297.09998,DPPC
336.73,25.91,DPPC
447.42,251.11,DPPC
332.82,350.83002,DPPC
216.32,118.43001,DPPC
231.65001,487.72998,DPPC
129.98999,204.65,DPPC
37.550003,216.72,DPPC
203.84001,459.05,DPPC
403.65002,183.95999,DPPC
81.590004,152.67,DPPC
426.55,36.64,DPPC
13.93,115.7,DPPC
254.57,156.84,DPPC
270.54,397.47003,DPPC
335.13,95.8,DPPC
246.73999,149.94,DPPC
350.52,467.2,DPPC
139.09,231.21,DPPC
411.30002,183.44,DPPC
442.13,50.79,DPPC
291.15,133.82,DPPC
488.31,76.799995,DPPC
392.41,140.87,DPPC
488.97,37.1,DPPC
458.65002,129.62,DPPC
87.91,528.56,DPPC
394.81,525.83997,DPPC
26.49,115.579994,DPPC
486.26,71.36,DPPC
315.91,249.23001,DPPC
227.46,13.41,DPPC
100.7,222.73001,DPPC
142.51001,363.46002,DPPC
108.850006,333.95,DPPC
32.95,40.11,DPPC
291.14,10.84,DPPC
221.34001,-0.99,DPPC
106.479996,365.44998,DPPC
257.80002,462.2,DPPC
241.26,391.36002,DPPC
511.06998,474.0,DPPC
211.23,362.96002,DPPC
317.13,100.08,DPPC
372.37,411.99002,DPPC
534.1,33.5,DPPC
29.400002,106.020004,DPPC
102.340004,59.55,DPPC
80.83,213.95001,DPPC
266.68,173.12,DPPC
334.21002,502.37,DPPC
474.49002,169.59,DPPC
432.55002,211.11,DPPC
492.65997,9.92,DPPC
258.96,77.89,DPPC
467.74,106.73,DPPC
75.29,146.04999,DPPC
390.41998,488.47998,DPPC
515.97,447.19,DPPC
34.85,141.89,DPPC
335.15997,58.23,DPPC
42.550003,168.08,DPPC
272.68,214.66998,DPPC
371.18,52.5,DPPC
243.89,260.0,DPPC
498.11002,111.36,DPPC
199.02,49.22,DPPC
34.260002,292.04,DPPC
263.77002,419.44,DPPC
470.97,82.48,DPPC
139.72,141.17,DPPC
199.42,418.21,DPPC
100.520004,209.26001,DPPC
210.97,126.07001,DPPC
485.67,124.25,DPPC
40.73,534.37,DPPC
456.08002,533.27997,DPPC
403.25,171.48001,DPPC
224.14,38.26,DPPC
90.439995,117.61,DPPC
6.2,170.81,DPPC
182.73001,453.72003,DPPC
248.20999,407.91,DPPC
227.16,5.39,DPPC
463.15,519.79,DPPC
465.22998,45.67,DPPC
356.83997,278.37,DPPC
130.54,47.989998,DPPC
44.65,307.4,DPPC
53.390003,338.77,DPPC
76.12,74.03,DPPC
436.26,319.03998,DPPC
506.15002,106.630005,DPPC
14.16,153.62001,DPPC
438.94,89.72,DPPC
330.26,56.85,DPPC
26.45,346.31,DPPC
187.85,17.65,DPPC
297.69,475.93,DPPC
80.93001,104.41,DPPC
271.97,379.32,DPPC
504.09,193.73,DPPC
448.96,112.19,DPPC
256.08,411.8,DPPC
50.75,37.91,DPPC
303.99,163.17,DPPC
120.880005,89.759995,DPPC
79.79,484.37,DPPC
398.17,470.7,DPPC
45.760002,152.70999,DPPC
166.04001,166.81,DPPC
268.15,273.87,DPPC
26.919998,325.71,DPPC
388.28,103.66,DPPC
111.350006,319.02002,DPPC
341.66998,135.85,DPPC
46.269997,527.41003,DPPC
110.66,132.25,DPPC
350.52,364.15002,DPPC
510.61002,172.68999,DPPC
238.39001,498.77,DPPC
309.53,517.2,DPPC
310.09,180.61002,DPPC
324.5,52.1,DPPC
57.940002,202.2,DPPC
44.53,435.99,DPPC
366.01,135.63,DPPC
59.69,517.71,DPPC
204.08002,498.79,DPPC
82.86,469.28003,DPPC
46.92,262.4,DPPC
166.87,485.41998,DPPC
398.18,56.989998,DPPC
318.04,391.47998,DPPC
279.58002,60.65,DPPC
221.06001,191.14,DPPC
483.67,7.45,DPPC
7.8500004,141.43,DPPC
77.659996,173.63,DPPC
258.9,440.12,DPPC
216.15999,357.0,DPPC
245.67,428.17,DPPC
80.649994,455.21,DPPC
522.02,20.46,DPPC
66.36,260.18,DPPC
175.70999,251.06001,DPPC
402.09,440.36,DPPC
259.08002,7.09,DPPC
215.12,35.46,DPPC
323.46002,45.03,DPPC
408.96,492.34003,DPPC
315.04,441.1,DPPC
65.65,31.51,DPPC
103.09,53.32,DPPC
203.37,382.38,DPPC
524.19,478.67,DPPC
44.050003,353.34,DPPC
51.149998,191.29999,DPPC
22.77,526.07,DPPC
534.93,253.62,DPPC
400.41998,0.5,DPPC
299.72998,521.59,DPPC
153.1,46.300003,DPPC
493.41,470.73,DPPC
67.45,343.53,DPPC
278.12,364.31,DPPC
97.9,500.61002,DPPC
240.12,407.59998,DPPC
39.12,57.11,DPPC
506.31,438.39,DPPC
406.88,514.79,DPPC
227.32,325.22,DPPC
59.68,69.39,DPPC
501.86002,467.61002,DPPC
329.46,119.020004,DPPC
104.41,479.5,DPPC
26.41,434.16998,DPPC
398.23,52.08,DPPC
447.31998,495.44998,DPPC
258.62,2.83,DPPC
178.56001,434.05,DPPC
165.73999,56.53,DPPC
282.21002,102.64,DPPC
259.16998,433.07,DPPC
133.26001,506.65002,DPPC
46.49,417.31998,DPPC
269.77,312.38,DPPC
237.33,81.829994,DPPC
179.23001,143.33,DPPC
266.75,498.05,DPPC
193.73,11.38,DPPC
120.49,287.97,DPPC
426.40997,83.06,DPPC
128.53,131.09,DPPC
435.97998,419.98,DPPC
471.13,174.34999,DPPC
480.01,296.85,DPPC
83.96,99.68001,DPPC
327.35,308.56,DPPC
42.789997,60.47,DPPC
268.43,330.52,DPPC
394.16,495.95,DPPC
400.25,460.28998,DPPC
294.33002,102.52,DPPC
468.54,233.47,DPPC
4.2,405.95,DPPC
492.83002,436.32,DPPC
327.93,17.4,DPPC
282.01,457.22998,DPPC
408.33002,124.350006,DPPC
158.26999,68.119995,DPPC
204.38998,183.2,DPPC
50.03,472.78998,DPPC
356.08002,202.70999,DPPC
41.370003,345.41,DPPC
424.08002,485.84,DPPC
226.32999,533.4,DPPC
129.43,52.81,DPPC
160.14,274.85,DPPC
68.61,104.81,DPPC
373.47,159.03,DPPC
403.94,151.25,DPPC
183.01001,106.95,DPPC
289.13,90.600006,DPPC
184.92001,467.06,DPPC
298.93,114.57,DPPC
26.7,355.22998,DPPC
387.26,27.460001,DPPC
156.09,474.12,DPPC
300.17,130.45999,DPPC
283.92,4.38,DPPC
371.44,435.35,DPPC
238.98001,21.329998,DPPC
427.16998,93.09,DPPC
356.82,415.37997,DPPC
207.39,34.100002,DPPC
255.02,33.37,DPPC
473.74,458.08,DPPC
177.35,37.65,DPPC
325.48,500.57,DPPC
316.03,115.36,DPPC
109.52,220.99,DPPC
471.78003,218.75,DPPC
45.6,69.91,DPPC
483.97998,468.77997,DPPC
350.47,131.62,DPPC
354.46997,21.49,DPPC
349.91,384.52,DPPC
407.47003,472.34003,DPPC
184.55,506.49,DPPC
105.29,528.27,DPPC
333.89,467.89,DPPC
109.52,65.770004,DPPC
403.62,450.6,DPPC
53.41,222.70001,DPPC
179.84,327.55002,DPPC
532.33,137.38,DPPC
217.51,532.45996,DPPC
431.17,468.47,DPPC
125.17,212.98001,DPPC
261.06,21.240002,DPPC
226.94,134.79001,DPPC
42.940002,185.3,DPPC
147.61,270.45,DPPC
219.08002,522.49,DPPC
163.26001,460.24,DPPC
19.65,108.07,DPPC
232.94,374.71002,DPPC
365.61002,103.26,DPPC
516.24,128.16,DPPC
530.81,75.74,DPPC
8.28,497.72998,DPPC
367.94998,337.61002,DPPC
353.32,480.48,DPPC
240.56999,103.310005,DPPC
64.64,186.01,DPPC
361.92,99.52,DPPC
349.86,440.15997,DPPC
206.41,452.09998,DPPC
196.8,151.03,DPPC
526.48,535.56,DPPC
88.89,141.08,DPPC
516.24,22.25,DPPC
204.97,21.04,DPPC
59.66,39.739998,DPPC
144.31,487.65,DPPC
196.01999,175.23001,DPPC
393.32,14.960001,DPPC
505.87003,394.88998,DPPC
451.36002,501.66,DPPC
86.27,175.52,DPPC
82.270004,16.619999,DPPC
277.75,134.0,DPPC
453.87,59.190002,DPPC
260.84,125.54,DPPC
260.58002,195.73999,DPPC
293.43,221.12,DPPC
78.97,447.58,DPPC
442.55002,127.14,DPPC
398.4,279.94,DPPC
514.58997,42.659996,DPPC
506.91003,235.45999,DPPC
505.40002,532.44,DPPC
264.05002,410.80002,DPPC
418.37003,150.58,DPPC
278.64,448.84,DPPC
490.84,338.96,DPPC
396.5,338.12,DPPC
531.5,448.04,DPPC
320.52,15.0,DPPC
347.25,137.81999,DPPC
411.1,-2.63,DPPC
358.73,423.73,DPPC
101.26,318.89,DPPC
455.88,123.77,DPPC
251.01999,6.8599997,DPPC
262.42,386.62997,DPPC
345.53003,49.55,DPPC
464.96,156.9,DPPC
103.369995,158.05,DPPC
497.98,88.86,DPPC
181.18,528.27,DPPC
5.29,151.59,DPPC
104.59,112.35,DPPC
491.83,160.39,DPPC
219.2,415.58997,DPPC
116.68,137.8,DPPC
376.43002,45.61,DPPC
368.18,510.58997,DPPC
331.71002,512.78,DPPC
276.38,5.6,DPPC
41.100002,318.67,DPPC
508.91998,335.76,DPPC
161.7,345.08,DPPC
447.2,468.63,DPPC
518.64,212.73001,DPPC
95.509995,478.77,DPPC
422.28,8.3,DPPC
225.02,72.659996,DPPC
373.05,338.31,DPPC
405.46002,506.93,DPPC
504.08002,122.35,DPPC
276.43,109.6,DPPC
317.16,192.39,DPPC
102.85,494.43,DPPC
95.14,434.61,DPPC
164.94,479.5,DPPC
376.41998,351.62,DPPC
344.23,96.490005,DPPC
343.31,59.69,DPPC
36.62,32.68,DPPC
274.58002,195.65001,DPPC
453.65002,361.65002,DPPC
123.57001,170.63,DPPC
214.89,276.83002,DPPC
384.25,499.94998,DPPC
294.92,283.47998,DPPC
293.5,302.11002,DPPC
340.48,234.12001,DPPC
106.84,498.08,DPPC
359.58002,163.5,DPPC
374.66998,403.08997,DPPC
142.27,71.79,DPPC
362.31998,440.3,DPPC
12.09,306.63,DPPC
293.77002,122.08,DPPC
94.11,271.6,DPPC
306.56,53.660004,DPPC
252.8,333.66,DPPC
357.87,533.36,DPPC
86.56999,110.29,DPPC
456.56,302.39,DPPC
71.799995,505.44,DPPC
172.94,198.67001,DPPC
326.34,8.3,DPPC
403.47998,334.96,DPPC
270.83002,391.66998,DPPC
42.870003,1.61,DPPC
29.6,192.15,DPPC
281.94,511.08002,DPPC
329.8,317.68,DPPC
489.75,296.35,DPPC
244.66998,189.25,DPPC
77.2,205.3,DPPC
250.26,416.98,DPPC
348.88,128.93,DPPC
534.26,265.49,DPPC
349.1,89.1,DPPC
300.44,497.85,DPPC
405.50998,219.13,DPPC
7.97,23.970001,DPPC
276.08,416.56,DPPC
116.23,514.82,DPPC
343.56998,319.82,DPPC
82.47,339.88,DPPC
160.68001,31.189999,DPPC
87.91,54.190002,DPPC
368.19,166.31,DPPC
172.38,340.13,DPPC
342.34003,416.23,DPPC
305.97,538.65,DPPC
85.57,239.97,DPPC
20.98,166.56,DPPC
403.15,62.47,DPPC
502.87,76.51,DPPC
283.27,268.79,DPPC
167.26,69.94,DPPC
177.70999,218.6,DPPC
506.66998,85.71,DPPC
131.21,177.70999,DPPC
177.56,114.1,DPPC
362.15,213.84001,DPPC
197.06,4.55,DPPC
68.060005,16.96,DPPC
309.62,6.6000004,DPPC
126.21001,221.20001,DPPC
70.700005,122.64,DPPC
520.80005,297.87,DPPC
535.96,-1.0,DPPC
295.77,127.200005,DPPC
504.87,117.340004,DPPC
77.42,500.67,DPPC
153.26001,218.12,DPPC
512.47003,124.6,DPPC
356.64,8.679999,DPPC
32.43,115.14,DPPC
346.01,21.619999,DPPC
384.65,95.670006,DPPC
186.93001,491.12,DPPC
143.11,199.0,DPPC
410.24,481.27997,DPPC
514.69,85.96,DPPC
95.17,69.61,DPPC
175.42,438.77997,DPPC
307.0,98.26,DPPC
499.35,279.97,DPPC
438.4,345.53003,DPPC
295.79,491.77,DPPC
218.51,58.71,DPPC
63.43,177.81,DPPC
454.21002,524.49,DPPC
426.18,409.22,DPPC
152.66,384.61,DPPC
266.78,118.46,DPPC
139.02,519.58997,DPPC
420.63,202.93,DPPC
242.81999,439.3,DPPC
153.89,124.69,DPPC
370.22998,184.02,DPPC
538.27,453.63,DPPC
348.95,27.18,DPPC
302.09998,318.19,DPPC
512.23,519.57,DPPC
322.09998,36.93,DPPC
50.57,230.48001,DPPC
42.589996,105.35,DPPC
212.62,413.05,DPPC
84.420006,161.48001,DPPC
435.40002,163.56001,DPPC
152.53,156.36,DPPC
262.0,232.77,DPPC
206.79001,477.02,DPPC
375.11002,77.47,DPPC
236.87,329.90002,DPPC
440.43,80.509995,DPPC
349.96,415.44998,DPPC
159.66,423.47998,DPPC
452.85,178.88,DPPC
182.78,35.739998,DPPC
67.59,138.54001,DPPC
28.050001,490.67,DPPC
247.01001,174.59999,DPPC
533.01996,12.29,DPPC
195.31999,131.81,DPPC
85.380005,416.68,DPPC
423.87,437.15,DPPC
284.63,163.95001,DPPC
172.94,356.81,DPPC
519.29004,262.14,DPPC
120.13,99.37,DPPC
89.28001,93.9,DPPC
264.18,440.6,DPPC
461.43002,21.06,DPPC
533.07,405.18002,DPPC
382.72,161.60999,DPPC
164.66,121.979996,DPPC
155.06,193.43001,DPPC
200.84999,484.84003,DPPC
114.97,229.06,DPPC
339.37,460.71,DPPC
155.56,299.2,DPPC
96.7,11.690001,DPPC
274.61002,244.38,DPPC
198.09999,32.91,DPPC
426.29,132.46,DPPC
527.45996,213.54001,DPPC
448.38,346.91003,DPPC
324.69,383.91998,DPPC
473.77,255.35999,DPPC
482.29,293.62,DPPC
475.63,497.09,DPPC
126.31,388.34,DPPC
168.13,453.5,DPPC
106.21001,215.91,DPPC
45.739998,220.02,DPPC
273.31,160.55,DPPC
-0.21,511.85,DPPC
309.96,492.84,DPPC
141.77,149.68001,DPPC
394.58002,445.74002,DPPC
476.74,1.51,DPPC
163.97,520.49,DPPC
123.66,531.22003,DPPC
500.56,137.97,DPPC
431.62,69.86,DPPC
117.32001,116.899994,DPPC
345.3,509.8,DPPC
73.61,131.56999,DPPC
303.76,269.59998,DPPC
386.53,446.72,DPPC
66.62,539.19995,DPPC
525.83,399.61,DPPC
89.01,499.33997,DPPC
438.80002,31.15,DPPC
237.44,473.87,DPPC
168.97,6.19,DPPC
442.84,102.98,DPPC
68.0,475.13,DPPC
444.99,58.36,DPPC
45.42,97.18001,DPPC
217.62,113.509995,DPPC
363.37003,4.35,DPPC
380.63998,248.23999,DPPC
519.14,174.43001,DPPC
325.57,193.99,DPPC
259.1,36.57,DPPC
442.41,435.24,DPPC
339.4,199.19,DPPC
345.41998,249.48,DPPC
503.36,516.24,DPPC
314.4,496.95,DPPC
265.52,326.04,DPPC
302.63,246.52,DPPC
229.36002,462.03998,DPPC
318.25,518.17004,DPPC
26.429998,139.49,DPPC
410.24,28.759998,DPPC
466.93,450.09,DPPC
1.06,5.59,DPPC
33.010002,404.14,DPPC
51.339996,167.07,DPPC
324.71002,403.84,DPPC
450.44998,324.99,DPPC
-1.48,71.009995,DPPC
65.31,510.91998,DPPC
406.47,140.38,DPPC
482.02,325.52,DPPC
168.09999,276.8,DPPC
105.950005,164.84,DPPC
35.21,260.40002,DPPC
411.49,457.41,DPPC
257.05,55.93,DPPC
200.20999,261.35,DPPC
12.280001,164.3,DPPC
147.20999,51.339996,DPPC
20.69,122.53,DPPC
360.68,109.54001,DPPC
53.55,46.7,DPPC
184.64001,266.02,DPPC
525.66003,142.72,DPPC
412.81,99.04,DPPC
470.9,278.51,DPPC
143.95999,383.08,DPPC
431.19,316.93,DPPC
72.32,263.04,DPPC
331.52002,133.1,DPPC
378.04,491.22003,DPPC
357.2,45.149998,DPPC
457.99,516.4,DPPC
102.840004,28.68,DPPC
224.31999,478.59003,DPPC
60.4,101.68,DPPC
166.49,205.53,DPPC
438.32,350.25,DPPC
67.42,226.78,DPPC
266.05,350.69,DPPC
284.83,500.58,DPPC
90.36,70.159996,DPPC
524.65,204.86,DPPC
90.17999,154.34,DPPC
98.71001,433.47,DPPC
238.28,26.300001,DPPC
482.74,178.43001,DPPC
41.739998,36.82,DPPC
309.78,126.95,DPPC
205.15,152.95999,DPPC
134.73,94.259995,DPPC
92.56,125.78,DPPC
501.32,477.93,DPPC
296.42,151.28,DPPC
213.26001,403.32,DPPC
305.61002,495.36,DPPC
534.82,503.97998,DPPC
295.6,63.16,DPPC
285.96002,82.29,DPPC
410.46002,417.37,DPPC
434.74,155.59,DPPC
231.21,231.09,DPPC
21.37,32.44,DPPC
444.88998,295.35,DPPC
218.41998,425.89,DPPC
366.78003,241.98999,DPPC
61.339996,541.24,DPPC
367.15,55.089996,DPPC
496.69998,101.619995,DPPC
302.46,105.340004,DPPC
1.9599999,320.01,DPPC
448.80002,462.03,DPPC
407.46,397.09,DPPC
194.76,112.229996,DPPC
532.01,393.84,DPPC
131.91,79.81,DPPC
294.02002,467.06,DPPC
113.240005,534.88,DPPC
188.39001,446.38,DPPC
94.6,27.1,DPPC
170.96,183.86,DPPC
532.05005,156.35,DPPC
537.52997,43.850002,DPPC
477.77002,350.18002,DPPC
470.81,486.71002,DPPC
130.89,482.86,DPPC
26.57,277.75998,DPPC
344.77002,168.46,DPPC
467.56,517.42,DPPC
263.63,133.65,DPPC
166.04999,138.23,DPPC
71.52,179.82,DPPC
289.15002,386.13998,DPPC
58.93,14.759999,DPPC
178.01001,451.74,DPPC
373.73,109.490005,DPPC
430.37,126.13,DPPC
270.1,150.84,DPPC
403.26,402.97,DPPC
103.67,136.12001,DPPC
312.87,14.190001,DPPC
421.86002,158.62001,DPPC
91.08,300.47,DPPC
362.3,25.09,DPPC
157.13,141.21,DPPC
148.54001,491.06998,DPPC
253.3,292.25,DPPC
515.61,353.38,DPPC
40.27,25.23,DPPC
509.48,483.97,DPPC
270.41998,447.46,DPPC
421.75998,71.1,DPPC
482.0,119.68001,DPPC
495.68,178.17,DPPC
436.6,495.80002,DPPC
525.08,97.880005,DPPC
157.95999,104.1,DPPC
201.45999,323.55,DPPC
252.95,342.07,DPPC
399.1,323.18,DPPC
35.8,366.72,DPPC
449.12997,88.020004,DPPC
178.64,543.14996,DPPC
23.18,531.52,DPPC
482.65997,350.80002,DPPC
411.43002,218.06999,DPPC
335.75,283.6,DPPC
105.13,106.19,DPPC
270.33002,283.09,DPPC
31.58,87.869995,DPPC
198.05,506.47998,DPPC
268.95,222.72,DPPC
230.13,176.09,DPPC
433.62,307.37,DPPC
151.12001,40.77,DPPC
299.36002,94.130005,DPPC
407.97,14.93,DPPC
280.11,537.06,DPPC
249.90999,433.95,DPPC
2.8600001,354.07,DPPC
129.33,233.06999,DPPC
511.25,8.37,DPPC
293.05,293.43,DPPC
300.35,208.3,DPPC
438.31,207.54999,DPPC
323.17,185.91,DPPC
420.55,541.75,DPPC
499.21002,539.58,DPPC
146.41,194.72,DPPC
271.68,141.13,DPPC
415.06,431.22003,DPPC
125.03999,123.06,DPPC
493.75,169.66,DPPC
126.07001,44.920002,DPPC
148.94,89.03,DPPC
51.0,156.22,DPPC
28.689999,148.57,DPPC
31.830002,209.79001,DPPC
159.79999,118.020004,DPPC
320.31,434.02002,DPPC
108.850006,509.29,DPPC
493.81,75.840004,DPPC
329.66,234.08002,DPPC
259.08002,521.06,DPPC
347.91998,499.62003,DPPC
83.8,498.58002,DPPC
452.99,40.48,DPPC
386.38,147.28,DPPC
328.44,102.57,DPPC
536.33997,464.58002,DPPC
412.52,157.16,DPPC
104.799995,512.62,DPPC
524.29004,153.43001,DPPC
471.62997,510.26,DPPC
111.850006,461.38,DPPC
428.69998,524.66,DPPC
21.259998,27.27,DPPC
266.28,462.84,DPPC
469.28003,526.12,DPPC
279.44,221.08,DPPC
23.72,482.02,DPPC
159.03,481.96997,DPPC
393.02,64.46,DPPC
197.81999,243.08,DPPC
201.42,330.65,DPPC
494.16998,241.01,DPPC
376.53998,226.04001,DPPC
427.11,72.399994,DPPC
364.25,429.24,DPPC
230.42,69.590004,DPPC
333.13998,182.73001,DPPC
388.84,205.04999,DPPC
281.52002,526.83997,DPPC
43.590004,479.36002,DPPC
418.56998,356.18,DPPC
392.94,86.06,DPPC
459.06,72.89,DPPC
231.64,287.55,DPPC
311.25,73.56,DPPC
348.61,459.32,DPPC
177.57999,490.13,DPPC
360.33002,187.64,DPPC
239.23001,284.09,DPPC
240.73,42.210003,DPPC
256.26,175.1,DPPC
271.81,530.55,DPPC
246.69,511.82,DPPC
231.53,347.87,DPPC
214.66,271.36,DPPC
1.31,344.84003,DPPC
352.87997,77.51,DPPC
150.55,334.12997,DPPC
279.78,24.279999,DPPC
498.26,26.989998,DPPC
258.33002,12.83,DPPC
422.34003,17.93,DPPC
276.15,86.009995,DPPC
31.84,133.1,DPPC
165.27,148.01,DPPC
191.97,438.84,DPPC
99.130005,171.5,DPPC
152.36,426.83997,DPPC
141.11,344.16998,DPPC
178.87,368.21,DPPC
380.57,39.08,DPPC
49.35,161.1,DPPC
313.97,184.13,DPPC
29.48,175.99,DPPC
477.44,503.74,DPPC
310.32,175.83,DPPC
62.210003,110.75,DPPC
303.8,45.890003,DPPC
419.96,316.53,DPPC
321.66,271.7,DPPC
153.71,489.07,DPPC
521.46,183.43001,DPPC
252.91,321.01,DPPC
503.69,491.6,DPPC
202.21,469.55002,DPPC
43.62,179.65,DPPC
435.28998,471.26,DPPC
347.63,389.31,DPPC
145.41,511.96997,DPPC
123.990005,394.29,DPPC
107.78,193.49,DPPC
523.66003,192.23,DPPC
448.71,367.78,DPPC
428.33002,416.15002,DPPC
114.96001,470.09,DPPC
441.6,38.96,DPPC
505.33002,368.88,DPPC
461.06998,317.87,DPPC
74.770004,47.129997,DPPC
272.57,334.12,DPPC
410.87003,43.940002,DPPC
479.97003,139.75,DPPC
302.38,284.21,DPPC
212.09999,385.91,DPPC
42.57,148.77,DPPC
231.41,429.14,DPPC
497.28,152.64,DPPC
293.96,253.31,DPPC
324.5,436.9,DPPC
414.88,38.010002,DPPC
229.81001,32.47,DPPC
32.32,71.83,DPPC
130.74,295.97998,DPPC
2.73,505.25,DPPC
440.81,454.68,DPPC
316.8,353.1,DPPC
115.579994,243.82999,DPPC
388.24002,250.91998,DPPC
2.05,520.99,DPPC
83.33,524.86,DPPC
23.16,97.08,DPPC
83.35,35.59,DPPC
140.39,135.26,DPPC
136.92,511.08002,DPPC
41.28,465.97,DPPC
484.62003,207.23,DPPC
160.41,230.07,DPPC
48.909996,30.43,DPPC
124.96001,505.76,DPPC
466.30002,462.93,DPPC
284.47,386.57,DPPC
219.72,126.990005,DPPC
540.64,527.28,DPPC
216.4,222.24,DPPC
449.72998,439.86,DPPC
178.33,172.16998,DPPC
48.489998,430.32,DPPC
354.1,226.23,DPPC
121.479996,161.12,DPPC
180.22,346.5,DPPC
108.950005,121.91,DPPC
540.75,220.03,DPPC
534.01,25.480001,DPPC
3.16,216.75,DPPC
501.22003,507.3,DPPC
532.27,58.260002,DPPC
108.69,84.51,DPPC
381.38,296.28,DPPC
375.21,536.32,DPPC
499.28003,162.57999,DPPC
261.49,144.86,DPPC
533.53,429.52,DPPC
314.24,38.940002,DPPC
33.37,282.62,DPPC
388.82,277.03,DPPC
521.42,74.68,DPPC
185.40001,115.979996,DPPC
386.58002,8.97,DPPC
309.93,381.94,DPPC
206.92,387.18,DPPC
15.83,475.15,DPPC
327.25,214.04,DPPC
89.5,287.86,DPPC
284.55,117.41,DPPC
115.71,304.89,DPPC
384.99,490.40002,DPPC
516.68,166.01,DPPC
491.65002,289.89,DPPC
306.74,532.87,DPPC
221.56,215.43,DPPC
260.99002,470.82,DPPC
160.70999,131.37999,DPPC
308.08002,11.56,DPPC
302.57,217.81999,DPPC
354.53998,246.21,DPPC
468.06,97.57,DPPC
30.79,243.87,DPPC
144.44,158.19,DPPC
391.83997,344.84003,DPPC
456.51,330.09998,DPPC
142.70001,527.45,DPPC
206.67,221.25,DPPC
416.31,479.56,DPPC
77.63,305.99002,DPPC
390.52,40.78,DPPC
3.1200001,79.270004,DPPC
127.869995,149.15,DPPC
259.3,106.75,DPPC
143.42,304.09,DPPC
240.69,488.5,DPPC
159.74,236.58002,DPPC
462.69,81.24,DPPC
342.5,304.68,DPPC
135.48999,260.62,DPPC
195.59999,522.96,DPPC
42.940002,195.29,DPPC
197.36,272.15,DPPC
321.0,312.78,DPPC
514.38,370.09998,DPPC
101.75,231.04001,DPPC
131.59,336.27997,DPPC
189.34,287.09998,DPPC
496.17,302.94,DPPC
192.70001,508.12,DPPC
180.45,338.81,DPPC
466.81,8.03,DPPC
379.87,98.170006,DPPC
13.43,332.65,DPPC
227.88,103.84,DPPC
175.03,506.13,DPPC
67.33,114.72,DPPC
151.63,504.91,DPPC
325.44998,94.83,DPPC
539.22003,149.05,DPPC
502.87997,458.58002,DPPC
167.31001,528.67,DPPC
23.61,41.46,DPPC
229.02,111.53,DPPC
514.5,502.98,DPPC
266.83002,13.8,DPPC
93.509995,382.8,DPPC
68.33,469.7,DPPC
331.61,157.33,DPPC
337.02,445.52,DPPC
334.03998,43.72,DPPC
127.119995,378.0,DPPC
326.83997,519.57,DPPC
206.65001,191.04001,DPPC
186.4,179.04,DPPC
127.729996,397.3,DPPC
157.24,383.05,DPPC
50.31,496.66,DPPC
464.23,402.01,DPPC
476.09003,154.04001,DPPC
301.9,120.71,DPPC
35.03,270.45,DPPC
425.44998,63.13,DPPC
453.68,110.4,DPPC
334.35,333.52002,DPPC
477.87997,227.33,DPPC
193.26001,298.38,DPPC
23.570002,131.09,DPPC
170.56,45.100002,DPPC
394.86,155.19,DPPC
173.95001,365.02,DPPC
149.98999,66.76,DPPC
410.54,274.41998,DPPC
248.45,534.95,DPPC
108.520004,38.06,DPPC
343.25,225.86,DPPC
379.87,290.6,DPPC
441.16,21.84,DPPC
472.63,105.670006,DPPC
395.32,170.63998,DPPC
408.68,373.80002,DPPC
478.55,428.79,DPPC
189.47,91.93,DPPC
228.28,79.81,DPPC
341.68,45.219997,DPPC
249.84,48.82,DPPC
173.39001,522.15,DPPC
50.510002,461.51,DPPC
368.21997,227.68,DPPC
120.36,462.8,DPPC
116.11,500.15,DPPC
283.04,200.22,DPPC
320.31,473.06,DPPC
212.35,291.58002,DPPC
490.11002,187.40999,DPPC
183.97,189.38,DPPC
33.66,190.07,DPPC
190.73999,158.28,DPPC
542.2,28.710001,DPPC
198.2,436.15002,DPPC
73.979996,33.36,DPPC
375.54,344.32,DPPC
12.55,531.72003,DPPC
226.07,46.66,DPPC
167.75,36.82,DPPC
103.09,180.72,DPPC
255.22,477.38,DPPC
231.8,357.61002,DPPC
-1.35,106.689995,DPPC
85.4,25.050001,DPPC
245.33002,33.11,DPPC
316.9,168.68,DPPC
418.30002,30.14,DPPC
110.270004,150.63,DPPC
311.25,117.67,DPPC
342.78998,272.91,DPPC
488.97998,351.83,DPPC
329.88,422.52,DPPC
378.62,544.18,DPPC
63.909996,500.61002,DPPC
335.68,451.27997,DPPC
140.78,284.08002,DPPC
86.5,324.63,DPPC
520.81,125.63,DPPC
348.79,373.21,DPPC
460.81,183.08,DPPC
321.91003,86.8,DPPC
172.36,92.83,DPPC
268.0,250.12,DPPC
290.74,458.2,DPPC
135.29001,64.49,DPPC
138.77,494.93,DPPC
481.88998,213.34999,DPPC
189.14,31.210001,DPPC
317.42,258.34998,DPPC
256.16,151.72,DPPC
409.24,258.19,DPPC
327.13,450.36,DPPC
11.219999,221.76001,DPPC
169.41,113.32,DPPC
498.74,52.23,DPPC
161.68,158.07,DPPC
287.06,238.54999,DPPC
144.12,168.54999,DPPC
341.68,18.21,DPPC
356.21,302.88,DPPC
178.75,191.08,DPPC
411.81,198.13,DPPC
225.18,52.54,DPPC
142.28,503.51,DPPC
270.31,243.76,DPPC
493.72003,374.07,DPPC
236.43999,189.23001,DPPC
24.779999,538.66003,DPPC
379.27,63.82,DPPC
67.29,418.55,DPPC
259.92,481.36002,DPPC
284.69,226.04001,DPPC
282.90002,176.12,DPPC
463.63998,231.7,DPPC
220.78,470.82,DPPC
97.46001,161.98999,DPPC
176.04999,271.96,DPPC
-1.24,20.95,DPPC
425.71,447.22998,DPPC
16.3,538.17004,DPPC
379.15002,186.14,DPPC
384.56,225.33002,DPPC
113.380005,121.79,DPPC
477.58,165.41,DPPC
146.64,477.2,DPPC
377.40002,270.74,DPPC
412.09,523.55,DPPC
413.94,77.2,DPPC
512.91003,241.38,DPPC
290.05,138.7,DPPC
448.0,280.93,DPPC
429.16998,117.259995,DPPC
344.98,54.42,DPPC
32.219997,465.39,DPPC
50.57,442.8,DPPC
471.34998,114.23,DPPC
267.93,288.87,DPPC
305.77,509.43,DPPC
473.44,358.02,DPPC
369.14,404.19,DPPC
124.65,466.32,DPPC
289.48,532.41003,DPPC
6.52,473.83,DPPC
222.67,104.15,DPPC
276.08,342.64,DPPC
-0.77,157.36,DPPC
412.75,387.31,DPPC
276.26,385.62,DPPC
446.83997,151.89,DPPC
446.4,383.62,DPPC
154.65,88.549995,DPPC
180.84,305.83002,DPPC
150.23,61.65,DPPC
479.87,414.52,DPPC
510.40002,294.38,DPPC
437.12003,96.91,DPPC
282.72,476.95,DPPC
382.38,88.87,DPPC
230.55,527.88,DPPC
78.4,8.94,DPPC
333.39,535.01,DPPC
425.88,305.63,DPPC
145.66,98.82,DPPC
373.91998,88.12,DPPC
113.590004,36.8,DPPC
457.78,88.56,DPPC
45.65,382.76,DPPC
130.87,21.68,DPPC
19.36,79.09,DPPC
482.98,95.47,DPPC
368.73,21.170002,DPPC
371.72,518.74,DPPC
355.06,-0.83,DPPC
427.34003,494.08002,DPPC
450.22998,159.41,DPPC
2.78,264.51,DPPC
201.62001,217.5,DPPC
542.67,480.73,DPPC
236.6,99.729996,DPPC
15.14,524.5,DPPC
27.19,336.8,DPPC
329.32,475.88,DPPC
419.97003,322.47003,DPPC
230.12,492.54,DPPC
300.49,516.35,DPPC
299.97998,459.53998,DPPC
466.98,379.32,DPPC
525.77,468.51,DPPC
314.18,510.15,DPPC
43.42,363.69,DPPC
28.56,523.72003,DPPC
453.68,508.46002,DPPC
141.25,374.68,DPPC
474.63,532.14,DPPC
39.170002,121.4,DPPC
215.40001,443.53,DPPC
99.78,35.3,DPPC
297.38,538.63,DPPC
46.100002,202.12999,DPPC
420.57,140.55,DPPC
116.11,162.95,DPPC
166.73001,24.16,DPPC
239.93,108.549995,DPPC
480.77,149.9,DPPC
185.73999,135.48001,DPPC
304.33002,65.29,DPPC
483.95,307.13,DPPC
509.19998,139.23999,DPPC
262.67,381.55,DPPC
161.77,77.62,DPPC
87.79,127.259995,DPPC
366.22003,88.009995,DPPC
300.49,483.63,DPPC
308.55,397.62,DPPC
293.09,29.519999,DPPC
402.43,86.64,DPPC
495.3,409.96,DPPC
88.46,184.03,DPPC
451.93,149.46,DPPC
327.91,124.96001,DPPC
538.91,472.74,DPPC
389.59,430.62,DPPC
497.31,83.54,DPPC
41.739998,129.9,DPPC
422.47003,79.06,DPPC
208.45,28.789999,DPPC
506.34,91.56999,DPPC
503.63998,309.78,DPPC
486.66,16.91,DPPC
35.93,398.08997,DPPC
303.51,526.04,DPPC
410.43,148.59,DPPC
205.09001,523.67,DPPC
157.19,246.12,DPPC
516.49,76.4,DPPC
54.45,70.47,DPPC
176.88,405.33002,DPPC
305.91998,343.13998,DPPC
332.65,28.800001,DPPC
274.03998,229.19,DPPC
274.99,174.87,DPPC
490.44,388.54,DPPC
220.45999,109.01,DPPC
120.100006,245.0,DPPC
477.28,290.13,DPPC
170.73999,31.070002,DPPC
224.98,426.73,DPPC
13.29,262.14,DPPC
92.399994,59.87,DPPC
182.29001,234.48999,DPPC
476.40997,394.62003,DPPC
321.79,420.93,DPPC
122.56,305.14,DPPC
474.8,89.58,DPPC
202.32,311.62,DPPC
75.53,-0.0,DPPC
193.06,122.81,DPPC
269.35,181.69,DPPC
212.77,381.13,DPPC
123.240005,318.23,DPPC
249.54001,158.86,DPPC
217.98001,453.46002,DPPC
463.56,210.68001,DPPC
153.25,180.68001,DPPC
374.69,14.440001,DPPC
289.95,218.01001,DPPC
350.37,161.98999,DPPC
346.65002,153.85,DPPC
286.2,184.87,DPPC
370.40002,270.6,DPPC
430.82,61.020004,DPPC
16.18,427.97,DPPC
527.98,429.79,DPPC
402.48,45.149998,DPPC
63.79,198.08,DPPC
495.84,509.23,DPPC
118.36,413.46002,DPPC
103.82,356.27997,DPPC
232.54,517.47003,DPPC
195.31,491.92,DPPC
90.56,334.81,DPPC
210.11,56.539997,DPPC
481.58002,490.52,DPPC
274.47,474.75,DPPC
61.030003,126.38,DPPC
87.52,104.090004,DPPC
373.80002,71.16,DPPC
316.37,50.71,DPPC
206.28,72.17,DPPC
246.12,381.93,DPPC
150.4,443.97998,DPPC
469.08002,355.27002,DPPC
29.869999,123.78999,DPPC
103.54,485.31,DPPC
366.26,422.03,DPPC
62.16,276.75,DPPC
60.370003,150.67,DPPC
84.83,543.31,DPPC
235.02,169.25,DPPC
482.8,62.75,DPPC
457.69,428.66,DPPC
169.27,189.48999,DPPC
505.43,154.86,DPPC
398.11002,374.90002,DPPC
313.99,451.49,DPPC
533.54,5.88,DPPC
250.56,484.87,DPPC
114.52,14.58,DPPC
70.21,459.65,DPPC
230.17,383.94,DPPC
14.84,129.03,DPPC
404.09,156.37999,DPPC
39.77,452.36,DPPC
128.06,533.7,DPPC
267.56,207.61,DPPC
36.5,312.80002,DPPC
241.69,181.21,DPPC
186.35,8.41,DPPC
296.86002,74.65,DPPC
475.27002,6.31,DPPC
138.62001,500.08,DPPC
157.18001,256.01,DPPC
485.71,166.95999,DPPC
95.979996,307.66,DPPC
192.4,214.61,DPPC
60.019997,381.61,DPPC
341.1,242.77,DPPC
436.11,532.72,DPPC
483.80002,158.77,DPPC
104.130005,445.2,DPPC
400.19,164.59,DPPC
18.44,113.71001,DPPC
67.7,89.46,DPPC
279.68,501.82,DPPC
179.9,401.85,DPPC
283.96,295.97,DPPC
376.31,167.68999,DPPC
359.83002,36.77,DPPC
253.79999,377.16,DPPC
450.67,515.5,DPPC
172.46,233.22,DPPC
96.22,185.52,DPPC
473.34998,41.550003,DPPC
370.58997,442.83002,DPPC
345.24,450.57,DPPC
442.05002,431.93,DPPC
392.78998,477.93,DPPC
391.39,74.49,DPPC
464.46,493.58002,DPPC
534.05,103.0,DPPC
507.52997,26.119999,DPPC
109.44,477.33002,DPPC
491.93,320.27002,DPPC
248.93,73.130005,DPPC
111.56,159.17,DPPC
261.66998,499.90002,DPPC
443.16003,146.15,DPPC
362.90002,222.18001,DPPC
140.45,174.88,DPPC
144.79001,438.18,DPPC
274.8,440.24,DPPC
330.02997,109.22,DPPC
324.88,170.01,DPPC
452.22,102.33,DPPC
193.64,350.88,DPPC
322.18,161.42,DPPC
42.02,236.06001,DPPC
71.29,483.1,DPPC
450.28998,130.69,DPPC
79.46,374.3,DPPC
7.26,507.61002,DPPC
195.16,393.77,DPPC
49.770004,346.30002,DPPC
230.1,506.59,DPPC
190.31,499.46,DPPC
256.59,392.18,DPPC
233.32,40.58,DPPC
495.80002,316.63998,DPPC
274.48,95.78,DPPC
147.86,460.54,DPPC
340.28998,492.91,DPPC
447.87997,42.93,DPPC
14.379999,148.03,DPPC
78.49,465.35,DPPC
246.4,328.91998,DPPC
326.69998,368.38,DPPC
0.76,383.97998,DPPC
85.07,424.48,DPPC
98.26,137.72,DPPC
354.32,193.78,DPPC
224.45999,199.71,DPPC
469.19,440.18002,DPPC
174.99,211.32,DPPC
303.83,409.98,DPPC
69.770004,381.34,DPPC
379.03,152.98999,DPPC
148.58,107.05,DPPC
0.17999999,533.73,DPPC
136.84,126.920006,DPPC
204.54001,63.15,DPPC
365.33002,501.74,DPPC
158.97,311.84,DPPC
294.99,161.42,DPPC
137.93001,330.24,DPPC
361.53998,149.93,DPPC
190.76999,82.11,DPPC
416.47998,193.84001,DPPC
129.96,163.06,DPPC
334.25998,142.65001,DPPC
246.47,475.28998,DPPC
230.52,539.16003,DPPC
311.8,218.26001,DPPC
340.09998,256.06,DPPC
28.380001,167.89,DPPC
220.54001,384.4,DPPC
460.99,138.31,DPPC
3.78,464.55002,DPPC
525.83,163.39001,DPPC
456.18,225.09001,DPPC
498.25,520.32,DPPC
356.66,69.130005,DPPC
80.13,292.67,DPPC
56.75,31.119999,DPPC
175.72,163.41,DPPC
147.25,471.04,DPPC
507.78,163.92,DPPC
380.04,54.72,DPPC
371.26,95.520004,DPPC
164.31999,13.459999,DPPC
186.81999,197.85,DPPC
337.82,35.95,DPPC
350.56,14.370001,DPPC
388.91998,132.47,DPPC
68.8,171.59,DPPC
344.38998,76.47,DPPC
248.51,460.0,DPPC
92.770004,353.58002,DPPC
21.380001,200.8,DPPC
242.18001,49.879997,DPPC
441.06998,517.73,DPPC
169.7,472.38998,DPPC
527.71,177.09999,DPPC
54.96,505.22998,DPPC
472.41,417.89,DPPC
283.72998,446.34998,DPPC
275.66998,464.61,DPPC
305.46,475.58997,DPPC
223.39001,350.07,DPPC
400.46002,82.28,DPPC
298.36002,532.68,DPPC
181.93001,497.87997,DPPC
218.13998,205.5,DPPC
462.49,176.8,DPPC
261.50998,393.75,DPPC
489.58002,87.76,DPPC
341.26,339.27,DPPC
136.45001,404.86,DPPC
496.75,39.23,DPPC
200.09001,77.99,DPPC
118.05,402.98,DPPC
412.37,68.26,DPPC
461.34998,61.030003,DPPC
327.8,429.46997,DPPC
505.65,276.39,DPPC
331.41998,163.23,DPPC
76.43,159.67,DPPC
259.77,488.28998,DPPC
59.120003,349.43,DPPC
286.87,518.39,DPPC
38.96,441.86002,DPPC
287.0,100.299995,DPPC
281.59,260.56,DPPC
113.6,91.65,DPPC
214.72,513.8,DPPC
212.43,266.32,DPPC
60.019997,169.48,DPPC
439.72,155.99,DPPC
112.95999,200.14,DPPC
147.27,230.47,DPPC
451.06,70.58,DPPC
8.67,203.58,DPPC
153.51,73.63,DPPC
166.73999,218.15001,DPPC
91.08,279.18,DPPC
155.56,347.58,DPPC
249.43001,39.83,DPPC
504.59998,179.7,DPPC
431.06,515.05,DPPC
242.57999,467.06,DPPC
227.88,244.48,DPPC
256.22998,425.84,DPPC
460.61002,66.57,DPPC
80.15,90.85,DPPC
300.75,5.2799997,DPPC
183.93,242.01999,DPPC
304.47,450.81,DPPC
84.36,308.9,DPPC
19.54,231.45001,DPPC
376.59,398.03003,DPPC
430.01,401.53998,DPPC
525.87,223.02,DPPC
83.4,50.370003,DPPC
269.78,357.56,DPPC
438.34998,485.07,DPPC
440.14,113.57001,DPPC
522.2,537.77,DPPC
431.23,10.46,DPPC
18.76,15.93,DPPC
12.68,282.55,DPPC
350.89,448.9,DPPC
363.99,157.18001,DPPC
208.28,48.07,DPPC
340.58,343.52002,DPPC
505.88,526.46,DPPC
312.03,85.42,DPPC
461.85,240.35999,DPPC
229.55,149.84999,DPPC
513.14,491.96,DPPC
192.83002,383.89,DPPC
102.98,4.65,DPPC
184.96,308.12,DPPC
360.93,433.27,DPPC
457.31,382.59998,DPPC
447.98,228.09999,DPPC
222.25,230.68001,DPPC
127.85,87.28,DPPC
445.07,70.98,DPPC
54.14,16.44,DPPC
342.31998,482.72998,DPPC
369.94998,244.38998,DPPC
307.26,114.45,DPPC
22.41,497.94998,DPPC
322.40002,238.99,DPPC
478.32,15.72,DPPC
484.21002,386.47,DPPC
109.85,60.42,DPPC
497.06,237.11,DPPC
164.55,445.52,DPPC
378.45,519.38,DPPC
522.74,494.35,DPPC
426.47998,109.130005,DPPC
384.07,61.71,DPPC
317.12,6.9199996,DPPC
93.62,77.65,DPPC
41.12,471.30002,DPPC
250.23001,223.63,DPPC
101.89,44.42,DPPC
130.11,454.01,DPPC
469.0,206.49,DPPC
32.21,532.1,DPPC
38.13,169.66,DPPC
38.1,101.56,DPPC
217.14001,240.27,DPPC
261.78,120.57,DPPC
67.55,269.05002,DPPC
242.73001,54.980003,DPPC
398.45,534.31,DPPC
427.69,43.530003,DPPC
357.16,330.37,DPPC
148.2,187.15,DPPC
1.9599999,99.99,DPPC
402.97,522.22,DPPC
219.76,77.16,DPPC
12.96,467.58,DPPC
506.11,131.45999,DPPC
277.86,65.31,DPPC
378.25,215.76999,DPPC
524.44,444.33,DPPC
361.01,262.15,DPPC
366.18,417.8,DPPC
277.29,81.13,DPPC
201.78,138.59,DPPC
382.91998,189.72,DPPC
289.31,261.32,DPPC
24.519999,193.32,DPPC
75.92,434.62003,DPPC
107.939995,468.30002,DPPC
73.11,190.22,DPPC
395.34,211.29,DPPC
460.71997,526.03,DPPC
134.68001,427.74,DPPC
383.25,324.63,DPPC
463.65002,535.31,DPPC
211.36,178.4,DPPC
380.31,181.06001,DPPC
511.37,114.53,DPPC
127.340004,39.5,DPPC
476.33,375.69,DPPC
278.6,427.78998,DPPC
359.33,509.43,DPPC
429.1,299.32,DPPC
352.68002,436.61,DPPC
468.05,539.72,DPPC
169.31,512.78,DPPC
482.89,478.87,DPPC
69.71,152.27,DPPC
34.83,178.46,DPPC
308.46002,458.91998,DPPC
239.76,459.24,DPPC
383.12,18.609999,DPPC
246.31,59.06,DPPC
384.86,129.37,DPPC
33.25,218.13998,DPPC
163.15001,285.7,DPPC
381.27,171.5,DPPC
149.47,259.68,DPPC
529.95996,128.22,DPPC
23.239998,174.44,DPPC
265.04,28.929998,DPPC
465.81,59.640003,DPPC
543.77,89.490005,DPPC
305.69,439.23,DPPC
36.79,526.15,DPPC
307.4,17.79,DPPC
41.71,265.14,DPPC
52.91,480.99,DPPC
312.88,525.93,DPPC
506.88998,500.14,DPPC
87.85,196.15999,DPPC
207.56,117.340004,DPPC
27.59,20.1,DPPC
21.140001,64.450005,DPPC
398.89,425.39,DPPC
200.48001,41.88,DPPC
470.22,13.62,DPPC
319.16998,31.310001,DPPC
129.79001,498.06,DPPC
73.07,255.67,DPPC
107.59,453.84,DPPC
4.93,51.82,DPPC
9.29,238.58,DPPC
69.79,464.91,DPPC
272.81,204.76,DPPC
383.39,349.48,DPPC
150.8,150.85,DPPC
186.04001,394.33997,DPPC
298.78,140.89,DPPC
403.72003,127.17,DPPC
184.15001,443.88,DPPC
405.81,116.33,DPPC
388.99,469.35,DPPC
335.63998,190.99,DPPC
21.15,5.54,DPPC
117.24,43.699997,DPPC
266.63998,89.049995,DPPC
163.31,90.77,DPPC
362.0,93.78999,DPPC
489.21002,152.16,DPPC
40.879997,500.01,DPPC
221.26,504.33997,DPPC
63.44,421.59,DPPC
330.76,458.63998,DPPC
262.12,281.0,DPPC
220.12,147.29001,DPPC
150.37,97.04001,DPPC
120.45,129.61,DPPC
198.87,115.15,DPPC
81.8,195.99,DPPC
192.07,518.65,DPPC
456.17,4.3599997,DPPC
2.7399998,401.27,DPPC
314.31,67.77,DPPC
442.43,118.49,DPPC
405.68,482.87,DPPC
314.34,130.15001,DPPC
233.62,180.04999,DPPC
349.91,331.96997,DPPC
328.62,149.56999,DPPC
205.68001,513.88,DPPC
487.78998,529.54,DPPC
244.05,375.37997,DPPC
491.13,537.08,DPPC
47.05,487.90002,DPPC
106.009995,502.59,DPPC
51.409996,520.96,DPPC
204.68001,493.6,DPPC
474.18,478.13998,DPPC
320.40002,107.729996,DPPC
87.9,85.99,DPPC
38.76,225.56,DPPC
241.98,422.71,DPPC
17.21,23.72,DPPC
376.6,464.41003,DPPC
288.52,538.48,DPPC
504.46997,66.5,DPPC
509.91,99.0,DPPC
524.39996,10.77,DPPC
342.69,438.4,DPPC
109.350006,170.11,DPPC
233.92,496.47998,DPPC
422.76,50.38,DPPC
136.7,78.130005,DPPC
506.66,343.82,DPPC
101.74,147.20999,DPPC
407.85,164.90999,DPPC
19.71,424.8,DPPC
50.7,107.19,DPPC
299.44,507.8,DPPC
70.43,200.67,DPPC
238.6,94.61,DPPC
430.21,136.18,DPPC
255.53,126.68,DPPC
252.75,143.48,DPPC
290.62,527.4,DPPC
204.90999,371.96,DPPC
128.4,285.27002,DPPC
362.31,173.36,DPPC
257.87,492.16,DPPC
52.589996,143.93,DPPC
160.66,440.47,DPPC
447.65,165.11,DPPC
230.59999,272.88998,DPPC
209.55,163.99,DPPC
374.45,503.51,DPPC
529.89,511.86002,DPPC
280.63998,380.11002,DPPC
541.20996,139.04001,DPPC
365.53003,29.619999,DPPC
362.42,401.85,DPPC
236.68,521.22003,DPPC
14.83,172.45001,DPPC
217.09,371.38,DPPC
213.39001,459.44,DPPC
151.37,134.72,DPPC
439.94,64.78,DPPC
468.24002,74.2,DPPC
11.86,54.3,DPPC
34.93,320.5,DPPC
200.06,159.98,DPPC
240.16,34.59,DPPC
36.92,491.75998,DPPC
168.58,435.91998,DPPC
397.5,134.3,DPPC
70.82,79.85,DPPC
514.25,91.70999,DPPC
358.36,146.23999,DPPC
377.52997,433.41998,DPPC
212.34,189.06,DPPC
466.5,90.509995,DPPC
288.46002,474.56,DPPC
62.329998,482.01,DPPC
161.09,111.51,DPPC
280.0,142.77,DPPC
277.59,517.97003,DPPC
10.0,474.48,DPPC
95.25,442.41,DPPC
10.0,177.12999,DPPC
75.93,339.15002,DPPC
373.56,28.82,DPPC
253.09999,19.470001,DPPC
534.22003,301.96,DPPC
301.8,173.75,DPPC
181.42,93.649994,DPPC
518.48,136.66,DPPC
463.47998,146.68001,DPPC
291.8,366.59,DPPC
112.71,439.16998,DPPC
485.9,505.14,DPPC
309.41,156.49,DPPC
64.83,317.86,DPPC
136.99,40.86,DPPC
525.55,168.77,DPPC
62.449997,23.72,DPPC
130.99,403.04,DPPC
4.31,294.71002,DPPC
394.19998,125.07,DPPC
128.3,3.15,DPPC
153.87,285.25998,DPPC
178.26001,226.95,DPPC
302.49,401.59,DPPC
531.71,495.09,DPPC
473.08,494.99,DPPC
223.39001,446.4,DPPC
45.01,138.79,DPPC
394.46,435.0,DPPC
528.32,116.06,DPPC
182.66,127.01,DPPC
8.48,102.39,DPPC
477.15,144.4,DPPC
33.699997,164.86,DPPC
352.37,97.33,DPPC
82.659996,147.22,DPPC
76.68,415.94,DPPC
112.78,113.100006,DPPC
313.18,336.04,DPPC
399.5,233.56001,DPPC
18.220001,513.27997,DPPC
180.37001,27.320002,DPPC
340.83002,88.96,DPPC
128.65,321.25,DPPC
280.05,191.67,DPPC
538.23004,130.24,DPPC
301.34,30.880001,DPPC
151.86,418.1,DPPC
491.85,505.78,DPPC
70.29,532.08997,DPPC
89.14,485.37,DPPC
53.09,361.79,DPPC
370.36,383.93002,DPPC
290.9,506.83,DPPC
481.86002,535.53,DPPC
438.74,198.99,DPPC
528.45,195.9,DPPC
45.94,493.87,DPPC
537.7,412.14,DPPC
190.02,114.11,DPPC
509.16,540.72,DPPC
277.45,351.13998,DPPC
41.160004,212.70001,DPPC
527.49,363.4,DPPC
33.97,437.44998,DPPC
105.509995,326.34998,DPPC
456.82,482.68002,DPPC
361.65002,137.65001,DPPC
257.91,164.48,DPPC
491.08002,62.64,DPPC
256.84,121.93,DPPC
221.87,9.940001,DPPC
436.1,131.97,DPPC
418.52002,24.53,DPPC
330.32,271.96,DPPC
309.47,503.54,DPPC
347.94998,200.93001,DPPC
169.53,145.67,DPPC
162.84,244.62,DPPC
471.47,411.74,DPPC
362.56,45.219997,DPPC
126.06,310.86002,DPPC
56.81,184.48999,DPPC
296.66998,323.18,DPPC
100.62,19.939999,DPPC
467.48,201.42,DPPC
348.89,146.19,DPPC
404.02002,4.56,DPPC
484.16,498.99,DPPC
96.64,389.72998,DPPC
207.76,90.26,DPPC
21.75,180.0,DPPC
26.91,514.22003,DPPC
75.34,115.85,DPPC
372.65,497.71,DPPC
161.77,21.240002,DPPC
11.91,506.34998,DPPC
443.47998,540.13,DPPC
159.88,451.68,DPPC
114.61,78.03,DPPC
429.16,365.50998,DPPC
364.92,69.310005,DPPC
57.36,160.98,DPPC
162.31001,181.79001,DPPC
353.81,138.5,DPPC
335.80002,52.49,DPPC
146.51,31.55,DPPC
44.2,507.94998,DPPC
461.66998,42.16,DPPC
13.660001,491.61,DPPC
79.08,423.69,DPPC
382.36,509.84003,DPPC
209.58,204.66998,DPPC
198.04001,476.52002,DPPC
33.71,341.02002,DPPC
239.74,70.49,DPPC
496.96,93.72,DPPC
366.86002,496.37,DPPC
56.989998,262.08002,DPPC
127.39,513.77997,DPPC
528.31,67.14,DPPC
331.04,327.66998,DPPC
462.89,509.45,DPPC
517.19,12.690001,DPPC
135.79001,540.36,DPPC
307.09998,24.75,DPPC
24.07,248.46,DPPC
43.0,460.68,DPPC
495.49,490.41,DPPC
293.6,515.16,DPPC
285.06,18.13,DPPC
253.84001,236.09,DPPC
342.78998,13.049999,DPPC
294.38,43.62,DPPC
32.190002,427.87,DPPC
469.18,481.56,DPPC
112.02,178.87,DPPC
399.38998,13.7300005,DPPC
324.42,116.36,DPPC
411.27997,87.07,DPPC
298.18,16.83,DPPC
434.19,382.31998,DPPC
300.18,36.42,DPPC
449.44,433.93002,DPPC
268.56,260.37,DPPC
225.18999,145.54,DPPC
134.0,170.7,DPPC
69.380005,493.28998,DPPC
194.54001,310.30002,DPPC
409.16,79.33,DPPC
385.82,81.14,DPPC
157.18001,524.62,DPPC
512.61,180.84,DPPC
62.83,301.8,DPPC
29.38,1.9300001,DPPC
466.6,130.20999,DPPC
91.829994,418.56,DPPC
319.13998,444.48,DPPC
514.84,528.43,DPPC
532.15,16.96,DPPC
169.17,298.11002,DPPC
373.17,193.03,DPPC
458.90997,13.200001,DPPC
244.41,492.25,DPPC
98.05,519.29004,DPPC
162.81,489.53998,DPPC
125.45999,140.61,DPPC
259.82,179.90999,DPPC
137.39,189.57,DPPC
46.39,10.240001,DPPC
271.91,7.6499996,DPPC
180.63,418.91998,DPPC
92.51,493.11002,DPPC
401.43002,417.33002,DPPC
379.81998,357.36,DPPC
292.05,177.25,DPPC
471.45,362.47003,DPPC
126.53,365.3,DPPC
274.88,287.73,DPPC
363.79,376.52002,DPPC
32.780003,127.76,DPPC
19.51,398.13,DPPC
429.81998,191.95999,DPPC
258.47998,225.63,DPPC
95.33,153.33,DPPC
394.24,519.52997,DPPC
438.34998,271.39,DPPC
16.27,186.37,DPPC
345.69,432.47003,DPPC
448.45,456.41998,DPPC
133.98,118.42,DPPC
141.61,478.54,DPPC
10.38,9.32,DPPC
365.41,80.96,DPPC
222.15,34.22,DPPC
328.4,299.52,DPPC
91.42,208.5,DPPC
30.739998,46.59,DPPC
67.16,51.25,DPPC
466.73,117.35,DPPC
273.52,420.54,DPPC
382.63,233.62,DPPC
68.649994,334.35,DPPC
429.05,168.09999,DPPC
193.17,142.29001,DPPC
133.02,477.22,DPPC
19.550001,489.03998,DPPC
458.84998,501.18,DPPC
138.95999,251.09,DPPC
406.11,53.12,DPPC
405.09998,408.54,DPPC
465.21,28.25,DPPC
183.47,213.46,DPPC
415.63,141.21,DPPC
275.94,482.75,DPPC
322.29,508.96,DPPC
253.64,113.16,DPPC
431.75,79.619995,DPPC
382.47003,537.78,DPPC
328.74,406.46,DPPC
60.34,63.35,DPPC
171.88998,328.93002,DPPC
430.07,502.59,DPPC
39.67,159.9,DPPC
496.29,192.12,DPPC
226.51,300.63,DPPC
101.520004,190.7,DPPC
354.90002,155.25,DPPC
292.78998,226.83,DPPC
148.69,520.38,DPPC
222.54999,418.47,DPPC
191.65001,420.87003,DPPC
537.97003,276.9,DPPC
144.82,222.29001,DPPC
111.11,387.11,DPPC
181.27,459.03,DPPC
513.45,410.55,DPPC
93.3,103.94,DPPC
480.43,512.04,DPPC
284.48,194.7,DPPC
130.78,139.29,DPPC
91.689995,168.79999,DPPC
418.11002,97.07,DPPC
29.419998,34.31,DPPC
237.84,510.16998,DPPC
502.36,6.44,DPPC
111.479996,45.45,DPPC
134.11,461.88998,DPPC
264.95,449.44,DPPC
132.27,51.329998,DPPC
149.2,129.23999,DPPC
20.1,230.73999,DPPC
58.2,519.24,DPPC
201.27,264.77,DPPC
318.33002,82.869995,DPPC
342.87997,-0.099999994,DPPC
414.14,153.61,DPPC
43.730003,255.16,DPPC
224.76,441.57,DPPC
440.99,433.41998,DPPC
521.89996,244.3,DPPC
274.23,214.61,DPPC
32.54,52.449997,DPPC
397.38998,110.979996,DPPC
123.21,67.69,DPPC
194.61,83.03001,DPPC
281.55002,35.350002,DPPC
382.16,497.15,DPPC
256.63,477.87,DPPC
428.31,259.66,DPPC
212.57,83.67,DPPC
174.51999,113.7,DPPC
532.13,78.33,DPPC
180.76999,514.48004,DPPC
77.16,57.480003,DPPC
138.58,255.86,DPPC
110.53001,94.28001,DPPC
101.53,141.15,DPPC
527.55,123.5,DPPC
378.13,229.88,DPPC
471.65002,523.66003,DPPC
477.72,72.81,DPPC
261.22998,458.84998,DPPC
162.72,327.19,DPPC
364.74,400.78,DPPC
194.37,519.0,DPPC
484.1,462.2,DPPC
186.64,407.14,DPPC
349.83002,350.78998,DPPC
401.51,143.95999,DPPC
175.48001,420.78998,DPPC
508.34,147.8,DPPC
115.29,7.33,DPPC
204.17,403.37003,DPPC
157.20999,385.50998,DPPC
527.4,295.68,DPPC
213.85,106.850006,DPPC
125.200005,431.64,DPPC
196.68,63.55,DPPC
107.119995,44.13,DPPC
125.21,538.48,DPPC
51.59,25.86,DPPC
287.52002,219.45999,DPPC
167.5,381.82,DPPC
520.2,50.120003,DPPC
406.62,166.13,DPPC
343.32,27.449999,DPPC
418.08,447.52997,DPPC
440.87003,517.51,DPPC
453.00998,5.08,DPPC
397.94998,539.23,DPPC
92.51,451.49,DPPC
284.63,133.72,DPPC
5.43,97.799995,DPPC
218.91,25.95,DPPC
461.72,233.9,DPPC
50.5,102.79,DPPC
112.270004,507.41,DPPC
466.36002,45.359997,DPPC
8.47,444.93,DPPC
159.49,118.89,DPPC
492.51,163.20999,DPPC
214.92001,466.53,DPPC
133.45,248.41,DPPC
272.56,241.01,DPPC
387.16998,366.41998,DPPC
87.18001,229.25,DPPC
499.53,447.01,DPPC
465.75,375.18002,DPPC
262.86,179.96,DPPC
26.04,356.30002,DPPC
471.77,17.08,DPPC
116.82,421.66,DPPC
5.13,140.65,DPPC
144.20999,172.88,DPPC
132.73,284.54,DPPC
13.0,37.05,DPPC
15.42,21.22,DPPC
328.75,113.33,DPPC
334.53,221.17001,DPPC
428.31,506.91003,DPPC
330.62,407.40002,DPPC
321.1,504.1,DPPC
475.0,164.14,DPPC
299.75,94.72,DPPC
321.62,129.41,DPPC
495.65,251.98999,DPPC
197.37,528.05,DPPC
1.8199999,339.7,DPPC
78.16,423.84998,DPPC
423.93002,339.57,DPPC
320.88,535.82,DPPC
163.86,413.86002,DPPC
516.92004,149.58,DPPC
520.0,456.57,DPPC
264.06,378.68,DPPC
175.04,93.69,DPPC
143.58,104.65,DPPC
343.41,279.47,DPPC
499.05,318.0,DPPC
257.53,317.78998,DPPC
306.63998,313.88,DPPC
297.99,48.489998,DPPC
95.48,388.15,DPPC
313.23,91.34,DPPC
80.100006,387.21002,DPPC
381.53,121.33,DPPC
219.34,98.92999,DPPC
385.0,58.870003,DPPC
85.29,69.83,DPPC
187.77,491.92,DPPC
541.13,484.62003,DPPC
368.16003,151.12001,DPPC
422.51,173.56001,DPPC
426.27997,536.47,DPPC
251.72,266.63998,DPPC
444.44,66.65,DPPC
389.45,100.229996,DPPC
117.18001,187.32,DPPC
111.64,336.69998,DPPC
49.59,108.3,DPPC
105.02,120.880005,DPPC
206.23,464.76,DPPC
270.87,162.42001,DPPC
74.53,134.89,DPPC
363.04,323.61,DPPC
85.439995,189.79999,DPPC
522.67,277.46,DPPC
64.840004,71.79,DPPC
494.61,296.83002,DPPC
217.94,178.85,DPPC
289.93,338.13,DPPC
97.41,265.49,DPPC
389.91,468.08997,DPPC
395.71997,127.28,DPPC
247.6,535.87,DPPC
181.09,106.770004,DPPC
113.21,455.28,DPPC
441.02002,125.96,DPPC
319.27,392.54,DPPC
257.09998,181.92,DPPC
272.37,128.33,DPPC
134.08,93.079994,DPPC
382.22998,78.68,DPPC
385.39,412.85,DPPC
404.55002,179.18,DPPC
147.34,488.37003,DPPC
24.44,89.759995,DPPC
214.79999,489.97003,DPPC
268.62,174.18,DPPC
517.58997,193.70001,DPPC
125.43,170.7,DPPC
338.33002,296.78,DPPC
169.62999,377.75,DPPC
359.43,64.8,DPPC
428.72003,199.45999,DPPC
447.89,481.40997,DPPC
117.49,181.88,DPPC
265.6,527.06,DPPC
433.34,487.19,DPPC
323.90997,228.48,DPPC
88.78999,322.76,DPPC
173.46,497.78,DPPC
411.83,173.13998,DPPC
148.0,478.59003,DPPC
129.56,386.53998,DPPC
132.33,507.11,DPPC
141.53,461.23,DPPC
243.2,77.04,DPPC
62.39,526.74,DPPC
60.170002,139.81,DPPC
73.81,253.25,DPPC
283.64,542.35,DPPC
484.65,429.22,DPPC
190.68001,379.58002,DPPC
38.05,172.09999,DPPC
230.03,370.36,DPPC
160.62,469.03,DPPC
395.25,526.92004,DPPC
335.7,471.72,DPPC
382.41,270.13,DPPC
455.57,239.44,DPPC
25.369999,110.36,DPPC
279.38,60.57,DPPC
289.24,81.12,DPPC
322.55002,512.68,DPPC
274.59998,537.34,DPPC
198.99,29.98,DPPC
437.87997,152.44,DPPC
156.23,272.58,DPPC
290.19,388.43,DPPC
315.24,283.11002,DPPC
59.050003,358.26,DPPC
284.83,524.33997,DPPC
312.06,497.26,DPPC
298.82,133.34,DPPC
231.20001,228.95999,DPPC
312.09998,487.94,DPPC
150.69,67.340004,DPPC
455.97998,175.09001,DPPC
188.57,294.48,DPPC
119.049995,53.579998,DPPC
38.76,135.29001,DPPC
162.37,102.53999,DPPC
524.1,7.8500004,DPPC
378.05,28.029999,DPPC
16.67,520.5,DPPC
35.87,126.23,DPPC
24.920002,12.42,DPPC
374.72998,72.49,DPPC
388.79,310.15,DPPC
389.19,379.14,DPPC
81.04,495.49,DPPC
514.93,372.2,DPPC
112.48,193.67001,DPPC
363.27,193.99,DPPC
459.22,354.49002,DPPC
442.51,407.37,DPPC
248.75,471.83,DPPC
324.29,204.48,DPPC
216.32999,115.9,DPPC
384.71002,451.74,DPPC
405.36,258.8,DPPC
264.65,90.14,DPPC
525.22,525.31,DPPC
3.45,237.77,DPPC
230.20999,213.0,DPPC
61.8,533.44,DPPC
378.69998,44.17,DPPC
420.94,239.51999,DPPC
202.77,42.19,DPPC
161.20001,315.51,DPPC
483.2,448.23,DPPC
517.92,98.649994,DPPC
238.95001,413.69,DPPC
389.88,473.17,DPPC
197.70999,374.72,DPPC
83.68,51.170002,DPPC
464.45,171.19,DPPC
355.13,522.66,DPPC
358.93002,446.36002,DPPC
492.71,40.149998,DPPC
500.28998,145.79001,DPPC
536.75,294.31,DPPC
191.68,87.37,DPPC
532.51,224.33,DPPC
343.33002,478.06,DPPC
17.22,453.25,DPPC
311.66998,394.53998,DPPC
476.66998,515.2,DPPC
334.57,275.23,DPPC
260.40002,468.47998,DPPC
190.5,111.54,DPPC
187.65,37.89,DPPC
231.29,375.97998,DPPC
220.52,507.09,DPPC
45.149998,460.09998,DPPC
377.52997,20.060001,DPPC
72.56,239.82,DPPC
56.170002,305.37,DPPC
202.68,83.590004,DPPC
233.97,269.09,DPPC
451.86002,275.03,DPPC
207.90001,396.8,DPPC
301.79,141.94,DPPC
233.19,487.90002,DPPC
537.97003,320.24,DPPC
492.58,138.11,DPPC
202.6,303.46002,DPPC
144.84,298.41,DPPC
385.14,125.11,DPPC
438.28998,282.29,DPPC
512.18,231.14,DPPC
301.62,235.96,DPPC
37.260002,478.49,DPPC
295.66,409.24,DPPC
524.77,48.02,DPPC
392.71,14.06,DPPC
211.67,213.67001,DPPC
449.56,466.32,DPPC
481.66,15.679999,DPPC
227.85999,132.93001,DPPC
501.12,250.25,DPPC
55.47,341.87,DPPC
41.71,86.770004,DPPC
74.07,208.89,DPPC
483.23,339.94,DPPC
42.620003,500.41998,DPPC
194.1,234.86,DPPC
308.37,190.59,DPPC
227.84,459.59998,DPPC
308.36002,73.39,DPPC
363.00998,157.23,DPPC
444.33997,525.15,DPPC
226.98,155.69,DPPC
45.38,166.32999,DPPC
227.76,282.18,DPPC
483.33002,362.47003,DPPC
281.21,301.39,DPPC
296.07,11.46,DPPC
109.479996,52.61,DPPC
253.84001,132.34,DPPC
136.69,444.22,DPPC
258.0,114.270004,DPPC
75.15,116.25,DPPC
339.15002,142.14,DPPC
374.92,514.69,DPPC
377.93,136.86,DPPC
67.42,56.9,DPPC
241.21,112.81999,DPPC
334.24,50.019997,DPPC
276.96,449.49002,DPPC
213.44,369.38998,DPPC
356.81,51.72,DPPC
208.64,61.149998,DPPC
376.86002,343.15,DPPC
155.93001,253.01001,DPPC
94.52,20.109999,DPPC
173.43001,20.480001,DPPC
82.31,103.88,DPPC
450.2,304.16,DPPC
62.480003,63.17,DPPC
443.97998,501.32,DPPC
112.81,447.94,DPPC
365.50998,513.17004,DPPC
525.82,330.04,DPPC
486.05,25.17,DPPC
21.89,484.93,DPPC
354.86,67.07,DPPC
402.03,185.83,DPPC
313.5,152.15,DPPC
181.13,272.91,DPPC
25.179998,498.33002,DPPC
18.42,103.450005,DPPC
261.22998,85.99,DPPC
393.34998,198.33,DPPC
338.67,174.99,DPPC
340.91998,427.55002,DPPC
496.75998,46.83,DPPC
236.35,355.01,DPPC
367.12003,474.43,DPPC
129.89,480.54,DPPC
100.62,530.02,DPPC
266.9,27.6,DPPC
466.52002,483.49,DPPC
505.97,120.49,DPPC
240.59999,105.45,DPPC
156.75,460.22,DPPC
349.46,233.93999,DPPC
501.47,281.24,DPPC
514.89,408.28998,DPPC
237.39,127.880005,DPPC
226.87,232.88,DPPC
154.87001,228.70001,DPPC
68.049995,202.31001,DPPC
91.44,162.73001,DPPC
277.78,293.41,DPPC
511.74,461.74,DPPC
274.87,396.75998,DPPC
125.03,409.22,DPPC
317.31,496.15002,DPPC
256.44,186.88998,DPPC
518.95,403.26,DPPC
412.03,105.299995,DPPC
149.9,536.82996,DPPC
207.88,454.68,DPPC
57.789997,495.02997,DPPC
399.25,346.25,DPPC
169.17,264.68,DPPC
382.48,253.4,DPPC
450.27002,245.65001,DPPC
340.04,227.51,DPPC
111.31,-1.55,DPPC
502.44998,194.38,DPPC
277.86,261.28,DPPC
70.28,393.55,DPPC
19.41,212.93,DPPC
268.16998,447.46,DPPC
6.8199997,43.899998,DPPC
171.90001,174.94,DPPC
459.06,183.05,DPPC
197.34,75.76,DPPC
66.490005,496.34998,DPPC
18.52,29.75,DPPC
220.42,241.22,DPPC
45.949997,329.38998,DPPC
512.2,43.13,DPPC
535.44995,167.26,DPPC
468.97998,318.55,DPPC
241.43,119.59,DPPC
314.78,232.04001,DPPC
362.81,175.78,DPPC
324.76,105.97,DPPC
169.94,133.54999,DPPC
23.56,183.2,DPPC
395.40002,174.44,DPPC
339.07,48.09,DPPC
421.66,160.43,DPPC
18.19,273.68,DPPC
254.34999,68.29,DPPC
524.12,395.27002,DPPC
232.31001,291.48,DPPC
272.33,384.38998,DPPC
402.64,104.36,DPPC
433.23,457.91998,DPPC
193.99,54.37,DPPC
109.82001,278.54,DPPC
301.06,9.73,DPPC
256.14,163.57,DPPC
430.78998,213.85,DPPC
265.02002,107.59,DPPC
196.75,218.05,DPPC
128.64,188.36,DPPC
489.46,10.93,DPPC
353.02,28.41,DPPC
462.56,349.41003,DPPC
218.47,154.25,DPPC
238.15001,510.46002,DPPC
252.46,417.21002,DPPC
97.259995,155.75,DPPC
421.21,540.91,DPPC
54.629997,33.870003,DPPC
490.78,149.0,DPPC
428.05,127.24,DPPC
12.08,426.58002,DPPC
289.45,161.12,DPPC
493.75,458.06,DPPC
453.25,522.52997,DPPC
53.969997,257.08002,DPPC
177.22,167.31001,DPPC
520.15,497.52997,DPPC
535.83,34.6,DPPC
239.57,189.71,DPPC
8.690001,80.82,DPPC
430.37,473.13998,DPPC
179.22,490.62,DPPC
341.27997,464.72998,DPPC
529.7,215.62,DPPC
274.66998,165.98,DPPC
100.509995,164.7,DPPC
206.63,205.3,DPPC
337.35,485.58,DPPC
441.22003,464.52,DPPC
541.47,180.56999,DPPC
146.69,9.68,DPPC
50.079998,381.37,DPPC
42.95,189.47,DPPC
450.36,42.75,DPPC
368.37003,192.66,DPPC
344.65,450.66003,DPPC
397.71,330.97998,DPPC
53.64,86.3,DPPC
112.02,259.11,DPPC
108.54,464.43,DPPC
274.24,148.02,DPPC
306.7,330.58,DPPC
334.35,399.24,DPPC
449.7,329.86,DPPC
184.59999,154.94,DPPC
505.28,503.05,DPPC
253.65,276.71,DPPC
382.35,179.92001,DPPC
455.15,116.979996,DPPC
178.11002,207.54,DPPC
-1.49,42.85,DPPC
260.53,5.1,DPPC
170.91,389.75,DPPC
431.56,515.51,DPPC
536.92004,53.909996,DPPC
468.34,510.96002,DPPC
70.770004,427.78998,DPPC
195.98,24.07,DPPC
9.58,28.3,DPPC
405.88,309.02002,DPPC
34.68,327.51,DPPC
167.87001,241.60999,DPPC
312.69,21.67,DPPC
274.8,137.83,DPPC
250.52,494.88998,DPPC
396.9,287.09,DPPC
103.079994,328.30002,DPPC
62.420002,-1.14,DPPC
110.7,242.32,DPPC
350.06,20.179998,DPPC
420.89,250.61002,DPPC
523.29,416.65002,DPPC
297.13,1.53,DPPC
310.24,474.25,DPPC
69.39,80.369995,DPPC
160.04999,184.03,DPPC
328.33002,83.94,DPPC
223.34,346.23,DPPC
165.28,308.44998,DPPC
497.86,452.52,DPPC
82.48,485.44,DPPC
97.259995,10.43,DPPC
507.13,182.26,DPPC
345.91,149.67,DPPC
96.590004,253.74,DPPC
400.62,167.56,DPPC
98.549995,227.45001,DPPC
241.83,90.17999,DPPC
215.82,276.29,DPPC
266.39,114.89,DPPC
233.32,23.36,DPPC
529.98,190.98,DPPC
319.5,121.70999,DPPC
468.95,120.26,DPPC
299.5,236.77,DPPC
152.67,294.55,DPPC
385.97998,529.56,DPPC
357.8,201.63,DPPC
522.52997,369.94,DPPC
406.77,284.56,DPPC
287.68,65.99,DPPC
372.59,83.020004,DPPC
404.16,237.12999,DPPC
254.79001,512.15,DPPC
134.81,208.34999,DPPC
496.98,161.45001,DPPC
181.24,26.49,DPPC
396.25,73.36,DPPC
267.08002,401.13998,DPPC
187.6,212.16998,DPPC
78.89,262.08002,DPPC
387.49,71.99,DPPC
238.51,214.20999,DPPC
316.2,364.18,DPPC
292.49,145.26,DPPC
469.35,492.16,DPPC
109.560005,60.960003,DPPC
244.5,527.25,DPPC
444.43,421.36002,DPPC
311.44,354.66,DPPC
530.79,518.91,DPPC
123.63,26.41,DPPC
100.880005,295.38,DPPC
311.03,57.08,DPPC
492.91,463.79,DPPC
538.2,138.5,DPPC
56.38,94.17,DPPC
430.55,130.66,DPPC
392.86,488.68,DPPC
480.93,208.08,DPPC
5.3399997,50.11,DPPC
154.6,76.7,DPPC
184.87,203.3,DPPC
468.87,516.01,DPPC
205.73,167.43,DPPC
110.75,293.39,DPPC
92.17,119.350006,DPPC
141.02,127.399994,DPPC
440.66003,453.52002,DPPC
158.95999,502.84,DPPC
-3.25,176.31,DPPC
155.03,204.86,DPPC
424.23,521.31,DPPC
346.04,73.28,DPPC
518.73,93.34,DPPC
119.81,490.02997,DPPC
447.40002,35.96,DPPC
524.35004,176.04001,DPPC
230.07999,303.74,DPPC
346.88998,457.85,DPPC
324.81998,250.14,DPPC
285.41,270.38,DPPC
263.01,35.44,DPPC
413.9,166.08,DPPC
237.95999,147.54,DPPC
494.7,152.98001,DPPC
507.76,62.16,DPPC
321.94,195.66,DPPC
175.73999,516.43,DPPC
175.93001,3.8600001,DPPC
323.77997,81.03,DPPC
364.69,114.04,DPPC
232.14001,492.72998,DPPC
223.09,127.99,DPPC
9.04,514.38,DPPC
107.04001,507.01,DPPC
249.47,228.6,DPPC
107.95999,167.37,DPPC
314.41998,478.44,DPPC
342.64,56.39,DPPC
66.45,40.089996,DPPC
158.79,19.859999,DPPC
329.06,312.35,DPPC
21.470001,125.869995,DPPC
159.7,244.71,DPPC
284.72,20.47,DPPC
445.74002,515.24,DPPC
28.48,432.31,DPPC
286.71,152.5,DPPC
48.16,70.18,DPPC
248.79999,94.55,DPPC
503.94,53.940002,DPPC
147.54,157.89,DPPC
198.32,443.94,DPPC
223.02,526.6,DPPC
330.01,136.66,DPPC
449.79,61.31,DPPC
531.78,60.289997,DPPC
235.16,296.91998,DPPC
179.88,349.12997,DPPC
421.88998,125.84,DPPC
496.29,389.33,DPPC
176.18,434.38,DPPC
57.9,235.35999,DPPC
301.93,55.85,DPPC
392.97,32.75,DPPC
37.96,346.47998,DPPC
146.97,352.83002,DPPC
209.48,175.89001,DPPC
411.65002,145.66,DPPC
173.84001,319.89,DPPC
351.94,450.16998,DPPC
-3.83,470.74002,DPPC
537.71,96.619995,DPPC
23.99,81.75,DPPC
32.14,404.88998,DPPC
486.30002,309.86,DPPC
17.73,0.57,DPPC
168.11002,424.33997,DPPC
302.19998,165.84,DPPC
527.89,343.45,DPPC
77.72,219.95001,DPPC
84.350006,513.27,DPPC
360.08,525.54004,DPPC
7.41,106.2,DPPC
309.66998,124.59,DPPC
310.46,119.32,DPPC
212.33,500.21,DPPC
472.13,150.36,DPPC
97.21,318.82,DPPC
459.8,435.11002,DPPC
69.759995,535.17,DPPC
433.93002,374.78,DPPC
407.25,452.65997,DPPC
486.92,48.16,DPPC
216.7,259.71002,DPPC
2.8,59.010002,DPPC
341.32,114.18,DPPC
393.30002,334.19,DPPC
237.07,303.76,DPPC
61.12,503.59003,DPPC
454.07,93.8,DPPC
40.57,240.27,DPPC
176.88,356.62997,DPPC
14.2,142.06999,DPPC
417.31998,429.03,DPPC
540.34,452.82,DPPC
380.84998,151.03,DPPC
33.989998,77.11,DPPC
228.43001,288.34998,DPPC
19.82,91.53,DPPC
439.88,169.59999,DPPC
222.98999,397.07,DPPC
266.95,492.54,DPPC
438.15,479.33,DPPC
528.51,376.36002,DPPC
521.12,463.46002,DPPC
367.59998,22.78,DPPC
13.43,477.77002,DPPC
320.99,97.9,DPPC
508.77997,279.56,DPPC
132.44,180.81,DPPC
428.96,482.91,DPPC
425.63998,137.91,DPPC
335.87003,524.93,DPPC
294.35,77.92,DPPC
139.46,390.2,DPPC
124.5,44.710003,DPPC
22.07,38.43,DPPC
136.12001,240.23001,DPPC
135.20999,329.97003,DPPC
425.37997,211.98,DPPC
86.689995,386.52002,DPPC
93.42,235.48001,DPPC
396.27997,371.08002,DPPC
134.59,22.93,DPPC
270.93,206.32999,DPPC
204.92001,23.32,DPPC
342.69,159.4,DPPC
150.76999,182.93,DPPC
186.54,102.05,DPPC
161.55,375.16998,DPPC
461.71002,72.29,DPPC
188.62,61.86,DPPC
90.579994,517.4,DPPC
257.31,42.23,DPPC
522.85,230.7,DPPC
89.34,110.950005,DPPC
192.89,119.82001,DPPC
35.41,444.75,DPPC
221.42,325.21,DPPC
81.149994,14.74,DPPC
172.75,478.32,DPPC
54.4,515.02997,DPPC
475.49,158.84,DPPC
54.48,162.62,DPPC
179.29001,443.53,DPPC
479.90002,534.19995,DPPC
27.97,506.74,DPPC
308.72,140.83,DPPC
411.22003,218.71,DPPC
46.24,341.13998,DPPC
129.13,257.07,DPPC
505.05002,163.05,DPPC
216.73999,56.19,DPPC
270.65,83.4,DPPC
226.64,465.76,DPPC
305.93,87.63,DPPC
391.91003,281.12,DPPC
445.48,255.72,DPPC
180.82,132.54,DPPC
99.95,301.19,DPPC
332.71,434.18,DPPC
336.53,116.899994,DPPC
427.75,27.85,DPPC
479.62003,482.78,DPPC
205.35999,92.65,DPPC
189.59999,354.03998,DPPC
450.99,258.65,DPPC
197.11,165.83,DPPC
21.210001,72.64,DPPC
3.9199998,35.18,DPPC
279.07,-2.1799998,DPPC
341.13,88.42,DPPC
288.92,46.32,DPPC
149.86,316.43,DPPC
345.26,534.66,DPPC
545.82,373.34,DPPC
66.490005,231.29999,DPPC
177.15,45.84,DPPC
259.95,104.72,DPPC
263.47,18.36,DPPC
33.73,112.62,DPPC
345.88,65.4,DPPC
87.95,357.06,DPPC
269.26,226.90001,DPPC
79.41,415.7,DPPC
133.54999,28.3,DPPC
524.43,385.22,DPPC
302.65,192.66,DPPC
177.75,85.520004,DPPC
73.35,301.52002,DPPC
80.270004,296.48,DPPC
447.09998,114.01,DPPC
262.09,235.17,DPPC
72.33,342.52,DPPC
476.03,298.39,DPPC
315.33002,426.96,DPPC
8.5,64.25,DPPC
416.65002,334.61,DPPC
97.64,113.04,DPPC
257.46,520.63,DPPC
109.259995,180.35,DPPC
272.13,20.079998,DPPC
230.47,411.77,DPPC
326.75,10.110001,DPPC
259.07,171.83,DPPC
312.08002,82.52,DPPC
30.23,450.2,DPPC
511.47998,319.94,DPPC
443.21,399.05,DPPC
359.61,326.96997,DPPC
59.58,121.32,DPPC
401.19,198.4,DPPC
161.64,271.66,DPPC
389.07,449.33,DPPC
406.13,204.85,DPPC
84.659996,23.19,DPPC
134.41,335.97,DPPC
243.85,72.0,DPPC
306.85,372.14,DPPC
4.44,316.66,DPPC
255.69,299.81,DPPC
426.01,86.3,DPPC
480.14,524.97003,DPPC
318.81,46.420002,DPPC
242.63,542.94,DPPC
369.28003,136.45999,DPPC
366.31,303.55,DPPC
436.75998,265.47,DPPC
402.37,34.54,DPPC
247.40999,80.31999,DPPC
373.05,255.43,DPPC
293.05,423.0,DPPC
274.0,123.380005,DPPC
389.98,423.17,DPPC
30.12,5.54,DPPC
543.6,259.4,DPPC
488.59003,63.899998,DPPC
90.8,372.57,DPPC
202.98999,370.11002,DPPC
450.05002,130.0,DPPC
265.84998,141.26001,DPPC
30.69,462.13,DPPC
466.06998,429.88998,DPPC
311.71,64.590004,DPPC
68.88,122.72,DPPC
487.05002,121.72,DPPC
173.88,142.09,DPPC
327.12003,284.88,DPPC
75.409996,479.09,DPPC
107.25,481.19998,DPPC
516.74,414.98,DPPC
300.06,183.79999,DPPC
211.39,185.20999,DPPC
233.71,82.93,DPPC
491.52002,217.49,DPPC
415.74002,142.91,DPPC
275.55,494.28003,DPPC
160.68001,14.58,DPPC
229.76,140.64,DPPC
433.47998,108.62,DPPC
209.05,52.760002,DPPC
340.24,399.75,DPPC
341.53,79.92,DPPC
227.72,89.97,DPPC
476.36002,110.43,DPPC
278.07,122.52,DPPC
129.89,194.62,DPPC
527.87,56.7,DPPC
499.31,71.82,DPPC
447.77002,91.850006,DPPC
435.18002,321.96,DPPC
233.31,197.4,DPPC
366.75998,522.15,DPPC
432.89,336.46,DPPC
12.58,163.6,DPPC
92.37,527.74,DPPC
504.68,31.119999,DPPC
133.3,110.02,DPPC
117.41,163.45,DPPC
297.36,211.12,DPPC
386.78003,20.43,DPPC
134.84,294.00998,DPPC
19.99,133.56,DPPC
2.23,383.9,DPPC
266.22,48.72,DPPC
92.19,139.23001,DPPC
108.67,531.97,DPPC
0.90999997,357.49,DPPC
300.03,342.19,DPPC
228.23999,17.15,DPPC
519.07,473.36,DPPC
318.18,187.29999,DPPC
41.21,53.36,DPPC
448.82,232.34,DPPC
108.54,31.09,DPPC
421.12,500.47,DPPC
51.539997,116.56,DPPC
236.67,438.05,DPPC
153.42,509.97003,DPPC
502.15,178.47,DPPC
289.03,498.61,DPPC
381.47,14.49,DPPC
76.3,520.64996,DPPC
135.95,398.41998,DPPC
501.96,499.29,DPPC
302.55,174.04,DPPC
354.85,79.69,DPPC
201.41,18.95,DPPC
240.06,257.49,DPPC
105.229996,4.93,DPPC
152.88,221.19,DPPC
137.57,156.16,DPPC
310.04,135.92,DPPC
509.28003,303.03,DPPC
117.76,465.25,DPPC
220.65001,459.37,DPPC
502.40002,79.439995,DPPC
154.66,476.25,DPPC
79.01,511.33,DPPC
307.35,466.30002,DPPC
314.72998,178.97,DPPC
510.27002,71.06,DPPC
435.08,367.21002,DPPC
531.57,269.95,DPPC
153.12,26.89,DPPC
326.72,523.56,DPPC
63.969997,228.53,DPPC
306.53998,47.600002,DPPC
71.13,18.44,DPPC
138.56,525.85,DPPC
180.91998,175.42,DPPC
111.96999,268.22,DPPC
147.23,398.36,DPPC
261.21,453.41,DPPC
24.74,468.30002,DPPC
507.40002,527.94995,DPPC
447.02,534.52,DPPC
343.76,134.95,DPPC
382.21002,48.25,DPPC
506.29,468.52002,DPPC
112.64,15.299999,DPPC
34.18,278.79,DPPC
324.97003,451.32,DPPC
258.56,152.81999,DPPC
74.64,230.78,DPPC
117.97,532.52997,DPPC
507.71,39.79,DPPC
134.35,198.88,DPPC
76.42,534.66,DPPC
433.2,119.55,DPPC
360.86,233.13998,DPPC
293.43,432.91,DPPC
409.96,311.72,DPPC
184.56,318.78,DPPC
505.15997,139.34,DPPC
226.5,500.36,DPPC
378.28998,238.79,DPPC
330.80002,492.69,DPPC
413.56,159.66,DPPC
205.99,16.900002,DPPC
340.33002,107.259995,DPPC
176.66,103.12,DPPC
80.49,335.22,DPPC
283.94,192.03,DPPC
27.439999,99.52,DPPC
495.80002,51.91,DPPC
16.47,74.64,DPPC
380.49,427.87997,DPPC
356.57,120.68,DPPC
153.36,238.45,DPPC
110.600006,413.99,DPPC
484.25998,77.270004,DPPC
531.26,245.5,DPPC
145.88,431.29,DPPC
174.05,38.12,DPPC
448.08997,25.150002,DPPC
14.67,50.75,DPPC
460.83002,135.23,DPPC
408.06,536.19,DPPC
414.61,371.64,DPPC
427.84,427.07,DPPC
517.67,430.37997,DPPC
175.20999,152.34,DPPC
542.41003,467.59998,DPPC
283.64,310.63998,DPPC
27.34,218.41,DPPC
498.26,37.550003,DPPC
458.9,213.82999,DPPC
100.45,64.53,DPPC
94.96001,103.549995,DPPC
56.66,444.46,DPPC
324.15002,138.03,DPPC
419.87,14.07,DPPC
195.53,453.94,DPPC
519.94,158.31999,DPPC
358.62,336.02002,DPPC
196.01999,105.31,DPPC
325.13,239.86,DPPC
139.44,418.62,DPPC
198.95999,203.28,DPPC
244.23001,207.36,DPPC
283.44,143.59999,DPPC
132.76,459.44,DPPC
130.91,43.239998,DPPC
483.81,40.120003,DPPC
524.58997,85.78,DPPC
421.53,410.55,DPPC
358.49,263.34998,DPPC
403.47998,56.020004,DPPC
387.37,524.48004,DPPC
194.59,513.83997,DPPC
448.6,52.760002,DPPC
97.69,405.7,DPPC
107.69,447.41,DPPC
393.58002,275.15,DPPC
147.86,203.59,DPPC
212.73001,305.02002,DPPC
427.26,264.66,DPPC
268.46002,540.36,DPPC
78.21,35.350002,DPPC
516.51,79.47,DPPC
305.5,70.72,DPPC
47.02,396.04,DPPC
77.8,125.240005,DPPC
267.16998,154.51001,DPPC
124.1,317.96,DPPC
202.05,68.62,DPPC
98.53,208.93,DPPC
255.76999,285.88,DPPC
381.85,473.04,DPPC
513.12,56.129997,DPPC
328.03003,46.9,DPPC
96.13,29.960001,DPPC
531.43,102.939995,DPPC
57.75,18.880001,DPPC
509.06,109.729996,DPPC
332.59,99.98,DPPC
103.67,106.14,DPPC
209.12001,473.45,DPPC
537.52,475.99,DPPC
444.44,304.23,DPPC
443.41,483.23,DPPC
336.72,306.0,DPPC
109.81,323.95,DPPC
275.76,316.86002,DPPC
224.48,171.12,DPPC
364.35,465.5,DPPC
57.719997,130.97,DPPC
151.45999,2.9699998,DPPC
270.96002,45.39,DPPC
398.34998,389.27,DPPC
342.09998,5.08,DPPC
83.18,545.85,DPPC
388.28998,34.8,DPPC
280.16,84.88,DPPC
205.56999,429.69,DPPC
445.08,442.94998,DPPC
414.38,189.14,DPPC
342.65,507.02,DPPC
298.25,387.99,DPPC
336.22003,39.33,DPPC
426.59,492.69,DPPC
534.03,45.13,DPPC
446.64,170.12,DPPC
323.62,185.5,DPPC
111.31,175.11,DPPC
521.45,129.02,DPPC
523.31,73.57,DPPC
488.83,437.63,DPPC
175.48999,267.71,DPPC
9.969999,13.36,DPPC
433.18,353.19,DPPC
195.42,348.26,DPPC
134.54001,59.38,DPPC
380.66003,156.37999,DPPC
402.89,395.97,DPPC
397.09998,152.78,DPPC
252.05,170.69,DPPC
271.16,362.0,DPPC
317.6,168.43001,DPPC
249.01,466.18,DPPC
87.53,281.1,DPPC
514.42004,249.56,DPPC
309.99,180.3,DPPC
12.98,105.03,DPPC
348.63,158.54999,DPPC
358.15,159.69,DPPC
361.72,50.48,DPPC
434.38,83.520004,DPPC
223.67001,147.34,DPPC
111.08,137.48,DPPC
40.48,320.33002,DPPC
332.86,73.850006,DPPC
145.26,425.15997,DPPC
424.29,484.81,DPPC
57.47,471.16,DPPC
102.060005,389.05,DPPC
362.22998,534.38,DPPC
463.04,293.63,DPPC
96.11,395.99,DPPC
422.94998,77.69,DPPC
59.980003,291.21,DPPC
24.330002,22.4,DPPC
345.57,440.6,DPPC
245.14,127.58,DPPC
211.67,242.01001,DPPC
416.87,533.70996,DPPC
430.78,239.09,DPPC
192.89,186.49,DPPC
194.85,2.54,DPPC
161.13,33.57,DPPC
508.21997,327.33002,DPPC
27.349998,30.009998,DPPC
459.98,52.329998,DPPC
360.32,72.41,DPPC
113.409996,146.42,DPPC
534.62,234.90999,DPPC
170.29,157.95,DPPC
455.73,198.75,DPPC
407.22,351.47998,DPPC
355.95,333.21997,DPPC
34.28,260.12,DPPC
282.19,446.57,DPPC
119.18,292.12,DPPC
40.28,34.62,DPPC
504.21002,7.6499996,DPPC
502.57,102.63,DPPC
149.67,18.33,DPPC
36.85,340.54,DPPC
409.77002,497.03,DPPC
59.66,27.609999,DPPC
102.92,36.83,DPPC
106.13,215.37001,DPPC
503.18,218.25,DPPC
27.77,224.7,DPPC
111.70999,88.49,DPPC
145.15001,499.31,DPPC
64.5,324.24,DPPC
98.73,132.87,DPPC
89.16,512.42,DPPC
183.62,141.45999,DPPC
382.64,326.49,DPPC
461.74,110.17,DPPC
270.94998,73.020004,DPPC
323.00998,488.83,DPPC
261.18,26.18,DPPC
527.97003,409.38998,DPPC
478.46002,261.01,DPPC
85.200005,504.28003,DPPC
157.95999,512.81,DPPC
296.17,480.40002,DPPC
214.04,198.76,DPPC
287.88,92.81,DPPC
7.42,305.63998,DPPC
505.65,406.34998,DPPC
410.26,13.11,DPPC
304.66,224.22,DPPC
456.6,44.239998,DPPC
389.85,146.28,DPPC
141.54001,164.73,DPPC
111.91,209.28,DPPC
3.96,477.5,DPPC
229.43001,508.97,DPPC
18.57,159.08,DPPC
252.68,-1.34,DPPC
529.83,69.54,DPPC
355.55,140.68,DPPC
165.11,496.47,DPPC
228.17,114.31,DPPC
416.18,137.54,DPPC
6.25,538.16003,DPPC
139.18001,359.12997,DPPC
270.14,530.29,DPPC
173.28,211.84,DPPC
355.67,42.480003,DPPC
303.94,79.43,DPPC
78.71,29.449999,DPPC
510.75,85.22,DPPC
94.01,171.08,DPPC
398.27,159.25,DPPC
201.68,212.19,DPPC
240.89001,381.27,DPPC
417.87997,194.23001,DPPC
103.54,59.28,DPPC
460.09998,539.15,DPPC
310.24,449.74,DPPC
339.19998,503.75,DPPC
202.70999,8.820001,DPPC
17.45,63.969997,DPPC
435.25,524.09,DPPC
87.05,36.35,DPPC
99.06999,522.1,DPPC
280.34,98.66,DPPC
527.6,253.65,DPPC
192.61,12.27,DPPC
233.25,105.5,DPPC
368.19,202.43,DPPC
316.94,73.44,DPPC
435.58,162.61,DPPC
207.06,70.700005,DPPC
37.14,158.78,DPPC
242.12999,24.69,DPPC
31.88,159.76,DPPC
347.99,337.31,DPPC
87.89,96.96,DPPC
189.59,152.91,DPPC
187.92,67.16,DPPC
385.87003,320.02997,DPPC
365.02997,452.36,DPPC
480.15997,31.949999,DPPC
428.13,281.13,DPPC
262.65,518.82,DPPC
474.96,458.87,DPPC
438.04,119.5,DPPC
387.5,114.24,DPPC
94.32,335.39,DPPC
532.79,507.08002,DPPC
162.76,168.99,DPPC
319.84,471.73,DPPC
436.68,514.11,DPPC
95.47,272.53,DPPC
415.22998,226.83,DPPC
330.77,465.57,DPPC
457.52,68.6,DPPC
346.8,186.42,DPPC
25.95,386.61,DPPC
512.57,99.630005,DPPC
216.98,206.94,DPPC
469.62003,247.48,DPPC
493.79,114.95,DPPC
516.42,174.58,DPPC
146.61,115.29,DPPC
518.33,513.32,DPPC
121.899994,191.6,DPPC
135.25,167.14001,DPPC
126.91,343.58002,DPPC
543.55,288.04,DPPC
171.66,286.01,DPPC
138.03,301.37,DPPC
261.45,394.53998,DPPC
362.86,341.99002,DPPC
44.22,144.55,DPPC
215.51001,145.65,DPPC
162.59001,193.29001,DPPC
275.66998,185.13,DPPC
245.79001,104.24,DPPC
122.060005,383.66,DPPC
78.29,452.49,DPPC
184.62999,437.65,DPPC
74.0,49.829998,DPPC
3.2800002,186.91,DPPC
190.45999,456.24,DPPC
369.53,516.67,DPPC
428.06,333.21,DPPC
206.03,214.73,DPPC
186.32,260.84998,DPPC
403.51,89.88,DPPC
123.57001,145.68,DPPC
399.46997,321.06998,DPPC
292.98,400.39,DPPC
543.26,232.84,DPPC
300.77,33.45,DPPC
360.9,35.46,DPPC
470.89,114.899994,DPPC
376.57,475.02,DPPC
384.45,306.6,DPPC
12.389999,166.49,DPPC
80.53001,109.18,DPPC
185.66,477.27002,DPPC
172.44,235.68001,DPPC
39.77,39.82,DPPC
132.52,371.34,DPPC
200.73999,471.85,DPPC
494.63,518.07,DPPC
504.09,432.34003,DPPC
506.16,237.46,DPPC
83.6,137.2,DPPC
141.07,218.51999,DPPC
156.59,99.64,DPPC
218.33,410.77,DPPC
84.01,60.59,DPPC
54.57,371.52002,DPPC
246.1,86.27,DPPC
494.16,24.560001,DPPC
280.38,79.55,DPPC
77.58,143.69,DPPC
396.71002,355.68,DPPC
508.47,476.71002,DPPC
73.18,102.229996,DPPC
399.93,119.15,DPPC
525.47003,151.81,DPPC
310.11,290.91,DPPC
469.42,397.29,DPPC
463.79,494.65,DPPC
180.95,78.86,DPPC
77.7,486.96,DPPC
435.07,92.56,DPPC
259.31,220.67,DPPC
466.8,130.29001,DPPC
105.08,440.33002,DPPC
172.76,472.78,DPPC
20.539999,168.25,DPPC
434.91,297.31,DPPC
202.70999,456.13998,DPPC
336.88,514.22003,DPPC
401.21,495.56,DPPC
158.21,484.4,DPPC
484.72,256.03,DPPC
253.12,378.56,DPPC
390.97998,499.12,DPPC
162.90001,511.56,DPPC
310.47,5.4400005,DPPC
482.48,291.59,DPPC
24.1,115.43,DPPC
421.53,432.86,DPPC
433.89,388.91998,DPPC
81.73,437.09,DPPC
323.43,2.49,DPPC
286.38,176.70999,DPPC
389.88998,418.66,DPPC
451.16,537.99,DPPC
534.83,345.91,DPPC
74.56,245.24,DPPC
168.16,504.68,DPPC
70.479996,25.32,DPPC
300.91998,210.17,DPPC
527.05005,78.17,DPPC
291.63998,9.16,DPPC
197.09999,141.41,DPPC
76.71,431.91003,DPPC
348.55,280.8,DPPC
282.81,505.44,DPPC
255.25,191.97,DPPC
359.01,149.66,DPPC
211.95,10.0,DPPC
74.34,190.95,DPPC
394.27,431.13,DPPC
489.72,129.9,DPPC
483.38,496.87,DPPC
130.41,173.08,DPPC
85.78,196.07,DPPC
87.61,54.41,DPPC
370.37,506.21,DPPC
493.99,354.59,DPPC
90.369995,445.13,DPPC
233.16,452.93,DPPC
209.71,151.36,DPPC
143.85,178.49,DPPC
1.1999999,273.88,DPPC
160.09001,92.81999,DPPC
238.84001,499.93,DPPC
24.07,50.9,DPPC
226.20001,185.41,DPPC
518.42,118.64,DPPC
419.14,385.02997,DPPC
246.17001,61.53,DPPC
39.87,530.01,DPPC
228.47,484.09,DPPC
534.16003,153.47,DPPC
320.02,89.72,DPPC
406.25,441.12,DPPC
355.95,112.659996,DPPC
461.47,162.26,DPPC
101.58,482.09998,DPPC
279.05002,531.63,DPPC
285.8,71.93,DPPC
388.68,204.97,DPPC
208.41,132.69,DPPC
35.76,145.45999,DPPC
71.29,527.05005,DPPC
535.37,201.84999,DPPC
49.03,35.43,DPPC
472.13,89.88,DPPC
268.68,197.66,DPPC
374.71002,292.47998,DPPC
153.77,358.38,DPPC
306.66,538.52,DPPC
340.48,522.42,DPPC
155.85,71.28,DPPC
247.95,171.7,DPPC
158.59,414.64,DPPC
35.899998,423.82,DPPC
176.45001,51.170002,DPPC
92.89,536.79004,DPPC
451.62,169.45,DPPC
68.590004,141.45999,DPPC
263.39,127.42,DPPC
130.31,101.70999,DPPC
484.42,437.85,DPPC
377.43,422.78998,DPPC
411.44,306.71,DPPC
117.18001,471.71002,DPPC
104.74,100.810005,DPPC
390.50998,81.17,DPPC
435.44998,451.66,DPPC
270.12,106.61,DPPC
337.14,191.35,DPPC
231.21,265.28,DPPC
245.73,429.71002,DPPC
289.72998,137.47,DPPC
99.729996,122.07,DPPC
219.62999,483.03003,DPPC
289.57,99.46999,DPPC
250.15,13.710001,DPPC
152.97,133.53,DPPC
222.18001,373.46002,DPPC
143.26001,288.69,DPPC
478.12,271.2,DPPC
500.91998,89.85,DPPC
218.26999,254.95001,DPPC
474.85,255.31999,DPPC
340.84998,164.28,DPPC
277.75,175.1,DPPC
462.71,460.15997,DPPC
378.19,247.29999,DPPC
512.66,127.15,DPPC
57.690002,274.08002,DPPC
170.29,149.03,DPPC
489.66998,32.3,DPPC
448.68,428.56998,DPPC
29.97,132.65001,DPPC
102.48,231.88,DPPC
185.81,48.05,DPPC
425.89,377.87,DPPC
367.77002,498.45,DPPC
254.20999,245.67,DPPC
160.56,50.98,DPPC
158.41,214.78,DPPC
156.95,331.9,DPPC
354.12,169.34,DPPC
25.83,458.16003,DPPC
405.65,152.68,DPPC
511.1,156.08,DPPC
415.0,264.83,DPPC
424.58002,455.71,DPPC
314.38998,7.7999997,DPPC
278.04,355.21,DPPC
194.23001,434.25,DPPC
415.11002,459.45,DPPC
312.81,337.5,DPPC
125.35,106.350006,DPPC
503.39,372.94,DPPC
531.81,483.02,DPPC
187.73001,94.799995,DPPC
8.12,454.84003,DPPC
321.81,416.78003,DPPC
363.71,81.12,DPPC
265.77,214.06,DPPC
24.65,205.52,DPPC
85.4,88.94,DPPC
334.97003,17.1,DPPC
338.33002,180.04,DPPC
38.59,536.47,DPPC
405.84,387.25,DPPC
454.11,498.4,DPPC
112.15,108.32,DPPC
130.16,516.92004,DPPC
159.51999,532.17,DPPC
166.7,26.48,DPPC
260.9,534.95,DPPC
442.29,179.48999,DPPC
175.28,183.19,DPPC
452.36,508.65002,DPPC
367.33002,447.59998,DPPC
288.1,344.31,DPPC
123.509995,179.79999,DPPC
263.0,203.82999,DPPC
185.18999,518.32,DPPC
382.09998,139.81,DPPC
203.23,363.08,DPPC
450.46002,410.58,DPPC
460.25,267.73,DPPC
453.21,18.689999,DPPC
403.27,368.13998,DPPC
417.77002,468.31,DPPC
15.67,170.20001,DPPC
534.47,274.69,DPPC
142.59,489.91,DPPC
352.71,98.149994,DPPC
439.87,57.579998,DPPC
168.11002,167.91,DPPC
529.39,136.01,DPPC
414.15002,20.27,DPPC
466.66,502.7,DPPC
31.730001,514.66,DPPC
486.34,196.32,DPPC
280.61002,277.49,DPPC
155.51,410.63998,DPPC
382.59,261.09,DPPC
484.4,301.62,DPPC
66.89,242.31001,DPPC
28.740002,174.57,DPPC
15.700001,349.44,DPPC
83.75,174.99,DPPC
36.65,512.81,DPPC
146.39,258.09,DPPC
60.58,448.77997,DPPC
92.51,177.21,DPPC
194.45,157.48999,DPPC
13.16,251.1,DPPC
256.69,432.0,DPPC
250.37001,30.3,DPPC
522.27,481.8,DPPC
462.94,475.5,DPPC
156.19,362.68002,DPPC
238.39001,97.05,DPPC
87.78,488.68,DPPC
155.11,142.15,DPPC
236.63,121.51,DPPC
13.55,416.29,DPPC
534.0,314.47,DPPC
404.66998,358.95,DPPC
470.95,186.36,DPPC
205.38,388.07,DPPC
430.3,61.409996,DPPC
115.950005,321.78003,DPPC
105.19,144.20999,DPPC
11.139999,134.20999,DPPC
237.84,393.16003,DPPC
32.12,178.85,DPPC
513.75,515.18,DPPC
324.64,476.86002,DPPC
292.56,346.93,DPPC
415.97998,273.92,DPPC
357.37,128.51,DPPC
333.25,157.54,DPPC
89.79,255.47,DPPC
363.26,239.74,DPPC
29.5,151.22,DPPC
188.34999,526.31,DPPC
301.18,122.22,DPPC
388.32,269.16,DPPC
71.51,521.91003,DPPC
183.26001,498.4,DPPC
426.39,170.11,DPPC
503.27,130.36,DPPC
111.32,331.98,DPPC
84.96001,246.38,DPPC
280.66,207.21,DPPC
415.96002,325.41,DPPC
94.490005,70.630005,DPPC
484.66998,231.98,DPPC
37.0,326.47998,DPPC
390.6,89.6,DPPC
3.5800002,267.97,DPPC
468.69998,450.02,DPPC
389.32,403.58002,DPPC
294.82,220.07,DPPC
12.410001,89.3,DPPC
134.51999,102.65,DPPC
284.03,167.57999,DPPC
264.69998,345.63,DPPC
345.9,191.93001,DPPC
164.85,434.84003,DPPC
266.47,135.03,DPPC
535.32,462.08002,DPPC
208.75,418.94,DPPC
68.8,485.94,DPPC
488.65002,184.86,DPPC
392.72998,166.21,DPPC
319.82,64.03,DPPC
325.73,334.57,DPPC
315.71,99.71,DPPC
540.99,1.3699999,DPPC
243.59,420.71,DPPC
477.07,23.96,DPPC
316.97,106.990005,DPPC
212.26,38.72,DPPC
439.23,68.3,DPPC
13.93,529.76,DPPC
212.62,112.060005,DPPC
105.100006,490.50998,DPPC
241.26,197.6,DPPC
379.5,33.35,DPPC
169.45999,90.670006,DPPC
533.61,159.89,DPPC
355.86,541.04,DPPC
251.21,102.880005,DPPC
339.5,384.4,DPPC
171.92,246.47,DPPC
135.6,516.14,DPPC
15.39,321.47,DPPC
240.3,429.53998,DPPC
264.55,69.310005,DPPC
463.13,518.70996,DPPC
144.88,446.43002,DPPC
436.81,39.920002,DPPC
101.16,216.29,DPPC
400.71997,176.78,DPPC
103.11,154.3,DPPC
46.030003,405.43,DPPC
451.18,489.8,DPPC
41.739998,139.3,DPPC
487.03,221.84999,DPPC
164.26001,408.94,DPPC
43.12,77.5,DPPC
173.51999,340.13,DPPC
292.05,506.21,DPPC
239.06,15.42,DPPC
401.38,47.7,DPPC
371.05,160.86,DPPC
468.67,469.01,DPPC
227.33,361.6,DPPC
488.82,235.53,DPPC
89.99,15.32,DPPC
158.81,450.15997,DPPC
253.70001,127.770004,DPPC
173.01001,414.22,DPPC
413.15,239.34999,DPPC
99.630005,497.34003,DPPC
286.93,508.51,DPPC
163.05,323.2,DPPC
274.49,430.67,DPPC
275.94998,523.37,DPPC
253.03,408.28,DPPC
14.48,180.41,DPPC
458.32,126.2,DPPC
227.57999,245.51001,DPPC
335.71997,128.23,DPPC
184.16,118.369995,DPPC
264.87,503.28,DPPC
239.25,534.44,DPPC
426.12,225.15,DPPC
248.05,269.33002,DPPC
73.15,34.100002,DPPC
454.64,435.89,DPPC
151.47,420.0,DPPC
125.56,20.880001,DPPC
28.699999,538.52,DPPC
60.5,408.27,DPPC
405.56,159.81,DPPC
390.68,123.58,DPPC
154.23001,299.16998,DPPC
198.57,438.82,DPPC
470.28998,77.15,DPPC
502.21002,63.37,DPPC
249.34999,362.11,DPPC
62.64,313.9,DPPC
97.91,432.26,DPPC
148.01,290.02002,DPPC
419.46,223.88,DPPC
81.090004,361.25,DPPC
72.23,494.03998,DPPC
13.22,483.59003,DPPC
327.62,122.270004,DPPC
142.36,518.55,DPPC
478.68,498.21997,DPPC
43.05,95.71,DPPC
210.12,123.100006,DPPC
80.11,19.869999,DPPC
478.18,47.280003,DPPC
416.02002,290.27002,DPPC
272.04,181.03,DPPC
360.06,416.17,DPPC
292.87,258.69,DPPC
52.940002,318.53,DPPC
174.12001,526.25,DPPC
97.5,93.240005,DPPC
381.94,466.38,DPPC
247.68,51.05,DPPC
30.69,350.84,DPPC
91.65,182.47,DPPC
376.65002,208.64,DPPC
175.91998,243.82,DPPC
379.19998,351.31,DPPC
525.19,352.87997,DPPC
368.34998,238.13998,DPPC
102.47,320.57,DPPC
492.16998,16.15,DPPC
498.61,198.74,DPPC
155.95,35.73,DPPC
451.87,281.21,DPPC
411.87,-1.11,DPPC
476.19998,469.12997,DPPC
36.26,121.12,DPPC
57.649998,107.600006,DPPC
108.590004,128.34,DPPC
69.380005,178.6,DPPC
290.32,516.56,DPPC
401.58002,229.59999,DPPC
476.21,506.87,DPPC
64.53,392.75,DPPC
102.25,537.82,DPPC
203.58,514.93,DPPC
261.88998,161.94,DPPC
82.39,455.83002,DPPC
461.56,505.06,DPPC
492.54,88.450005,DPPC
537.55,518.85,DPPC
53.79,146.61,DPPC
271.78,248.53,DPPC
327.98,128.59999,DPPC
479.86,133.26001,DPPC
257.73,139.98999,DPPC
502.48,460.82,DPPC
434.05,311.50998,DPPC
413.11002,33.81,DPPC
315.40002,448.63998,DPPC
390.99,457.57,DPPC
279.72998,16.849998,DPPC
197.61,91.549995,DPPC
344.48,310.17,DPPC
372.47003,12.67,DPPC
118.380005,311.97,DPPC
93.92,47.96,DPPC
189.23999,134.73,DPPC
235.75,162.49,DPPC
342.12003,394.59998,DPPC
273.83,29.04,DPPC
42.43,232.89,DPPC
380.09998,507.47003,DPPC
393.99,221.66,DPPC
388.52002,264.4,DPPC
529.24,499.37,DPPC
19.789999,470.76,DPPC
135.55,473.28998,DPPC
208.71,100.64,DPPC
116.24,537.15,DPPC
387.51,236.49,DPPC
184.58,373.05,DPPC
11.43,458.47,DPPC
383.58002,516.37,DPPC
140.38,16.369999,DPPC
375.56,199.23999,DPPC
48.32,93.4,DPPC
62.0,336.66998,DPPC
274.53,404.65,DPPC
87.95,398.77,DPPC
479.29,119.17,DPPC
171.12,109.58,DPPC
501.87,22.869999,DPPC
513.58,9.34,DPPC
251.64,3.78,DPPC
527.74,474.41003,DPPC
275.44,9.85,DPPC
350.76,63.05,DPPC
374.22,431.46,DPPC
249.34999,118.0,DPPC
353.32,16.039999,DPPC
352.18,479.64,DPPC
45.100002,527.64,DPPC
30.68,288.66,DPPC
387.65,340.49,DPPC
499.55002,480.18002,DPPC
122.659996,525.32,DPPC
305.34,96.79,DPPC
212.4,4.5699997,DPPC
338.97998,333.97998,DPPC
316.91,332.51,DPPC
37.14,300.59,DPPC
514.78,141.22,DPPC
66.659996,434.41003,DPPC
75.43,72.83,DPPC
405.11002,19.13,DPPC
6.4700003,19.859999,DPPC
59.1,485.57,DPPC
62.64,521.67,DPPC
445.09998,4.09,DPPC
108.56,498.59003,DPPC
70.76,65.28,DPPC
148.92,98.44,DPPC
444.09,473.43,DPPC
189.93,481.33,DPPC
497.36,81.75,DPPC
538.51,500.44998,DPPC
5.07,324.8,DPPC
41.510002,299.24,DPPC
433.43,292.66,DPPC
202.25,37.21,DPPC
527.15,94.22,DPPC
533.07996,86.89,DPPC
203.54001,3.56,DPPC
15.59,113.380005,DPPC
89.54001,44.21,DPPC
372.65997,156.31,DPPC
476.49,53.14,DPPC
218.79,221.98999,DPPC
305.17,61.49,DPPC
360.26,515.26,DPPC
243.56001,145.15001,DPPC
109.1,162.05,DPPC
230.12,53.19,DPPC
395.40002,502.85,DPPC
15.0,507.36,DPPC
324.44,155.89,DPPC
224.19,123.27,DPPC
491.78003,173.87,DPPC
147.59,51.81,DPPC
36.78,102.869995,DPPC
59.82,201.65001,DPPC
62.589996,87.31,DPPC
389.97003,480.37,DPPC
362.83002,16.460001,DPPC
77.15,11.31,DPPC
527.51,165.35999,DPPC
482.31,142.18001,DPPC
26.070002,521.85004,DPPC
126.91,363.58002,DPPC
73.01,439.52,DPPC
111.990005,170.28,DPPC
70.21,93.29001,DPPC
297.94,332.63,DPPC
294.65,159.06999,DPPC
537.45,395.82,DPPC
488.63,526.18,DPPC
22.679998,514.15,DPPC
455.86,444.93,DPPC
389.29,438.55,DPPC
206.22,30.869999,DPPC
298.38,518.98,DPPC
75.93,501.92,DPPC
86.25,530.5,DPPC
354.59,379.03,DPPC
141.99,145.36,DPPC
166.53,228.79999,DPPC
357.65,225.07,DPPC
58.93,195.69,DPPC
100.670006,310.75,DPPC
270.25998,501.32,DPPC
20.85,377.59,DPPC
107.43,134.1,DPPC
448.37003,146.23999,DPPC
8.67,4.25,DPPC
520.80005,15.14,DPPC
445.34,82.600006,DPPC
200.39,174.9,DPPC
38.03,21.28,DPPC
172.95,99.83,DPPC
241.95,6.88,DPPC
243.3,322.93,DPPC
167.34,2.55,DPPC
274.29,464.1,DPPC
400.63998,81.86,DPPC
208.84001,224.08002,DPPC
351.66,53.460003,DPPC
162.85,360.65,DPPC
510.25,1.0,DPPC
328.91998,281.53,DPPC
324.19,39.39,DPPC
522.43,167.12,DPPC
39.48,16.69,DPPC
264.52,423.91998,DPPC
302.83002,23.28,DPPC
369.56,169.79001,DPPC
39.46,69.72,DPPC
495.78998,472.03998,DPPC
404.08002,504.37,DPPC
21.86,360.53003,DPPC
182.57,20.86,DPPC
186.63,193.36,DPPC
168.48,368.17,DPPC
443.17,107.19,DPPC
359.45,496.53,DPPC
32.809998,439.46,DPPC
115.28,373.95,DPPC
387.2,348.06,DPPC
17.99,82.86,DPPC
344.63,472.94998,DPPC
8.95,85.94,DPPC
195.33002,479.25998,DPPC
164.58,66.36,DPPC
425.97998,110.0,DPPC
425.09998,68.48,DPPC
231.69,32.89,DPPC
465.73,211.56,DPPC
406.09003,112.880005,DPPC
417.31,84.06,DPPC
385.19,207.06,DPPC
484.14,161.34001,DPPC
191.55,397.51,DPPC
354.98,292.78,DPPC
30.220001,413.82,DPPC
72.06,126.409996,DPPC
399.96,530.43,DPPC
240.61002,136.41,DPPC
234.19,112.78,DPPC
203.77,480.83002,DPPC
33.34,93.35,DPPC
201.32999,121.06,DPPC
479.94,181.35,DPPC
291.5,150.95999,DPPC
204.59999,196.29999,DPPC
346.34,144.34,DPPC
180.76999,94.53,DPPC
370.44,326.91003,DPPC
513.14,165.0,DPPC
294.41,462.68002,DPPC
322.03998,461.15002,DPPC
350.21,424.01,DPPC
221.09,297.72,DPPC
317.16,411.34998,DPPC
279.97,70.65,DPPC
52.140003,430.44998,DPPC
54.57,486.66998,DPPC
488.76,58.23,DPPC
301.53,508.11002,DPPC
166.15999,16.06,DPPC
169.76,10.72,DPPC
445.5,195.56,DPPC
467.16,53.590004,DPPC
305.11,31.66,DPPC
485.78,19.38,DPPC
222.21,355.25,DPPC
221.28,231.90001,DPPC
292.31,54.94,DPPC
161.87,260.11,DPPC
333.18,81.94,DPPC
177.29999,312.52002,DPPC
403.41,537.94995,DPPC
337.52997,460.04,DPPC
348.34,49.260002,DPPC
304.41998,381.30002,DPPC
139.05,325.57,DPPC
350.77,465.97998,DPPC
358.34,22.04,DPPC
422.97,417.19,DPPC
384.01,64.24,DPPC
530.43,308.24,DPPC
468.0,106.56,DPPC
485.06,112.07,DPPC
285.75,334.44,DPPC
459.88,490.9,DPPC
165.59,112.05,DPPC
438.90997,10.889999,DPPC
508.9,95.7,DPPC
428.73,14.69,DPPC
488.80002,326.78003,DPPC
29.72,245.91998,DPPC
248.0,192.22,DPPC
492.61002,321.30002,DPPC
397.78,6.7299995,DPPC
267.43,409.24,DPPC
163.08,146.22,DPPC
515.43,187.01999,DPPC
332.71,187.35,DPPC
429.44,9.29,DPPC
63.41,35.82,DPPC
221.52,114.329994,DPPC
471.53,388.44,DPPC
531.03,465.94,DPPC
498.71,527.4,DPPC
29.93,204.34999,DPPC
148.25,59.8,DPPC
401.12,265.61002,DPPC
517.86,36.69,DPPC
510.36,495.48,DPPC
183.37,69.98,DPPC
449.93,368.72003,DPPC
56.32,43.22,DPPC
120.869995,154.95,DPPC
386.66998,371.23,DPPC
66.51,133.07,DPPC
101.18,175.93001,DPPC
191.91,17.34,DPPC
512.45,380.22998,DPPC
204.95001,505.07,DPPC
519.26996,139.28,DPPC
3.31,11.38,DPPC
436.64,466.43002,DPPC
535.83,186.42,DPPC
417.97,356.66998,DPPC
229.48,169.38,DPPC
314.72,516.33,DPPC
467.93,157.46,DPPC
464.49002,536.78,DPPC
427.07,52.88,DPPC
200.02,231.25,DPPC
535.02997,446.26,DPPC
61.030003,209.02,DPPC
198.82,113.229996,DPPC
51.399998,477.64,DPPC
245.9,159.59,DPPC
460.02997,82.09,DPPC
2.11,533.70996,DPPC
205.16,106.6,DPPC
210.39,253.15001,DPPC
449.1,399.03998,DPPC
333.2,107.840004,DPPC
533.67,177.03,DPPC
298.78,532.28,DPPC
347.90002,313.58,DPPC
276.24,267.22998,DPPC
90.979996,277.32,DPPC
432.01,231.55,DPPC
155.02,530.11,DPPC
9.36,181.6,DPPC
509.59,29.76,DPPC
431.62997,361.29,DPPC
464.33997,340.99,DPPC
472.54,175.61002,DPPC
330.32,221.34001,DPPC
205.76001,191.0,DPPC
463.90997,121.66,DPPC
498.83,112.35,DPPC
257.73,95.59,DPPC
316.93,192.21,DPPC
435.46002,290.89,DPPC
143.24,30.0,DPPC
374.88,392.90002,DPPC
303.44998,492.65997,DPPC
472.07,84.45,DPPC
195.20001,128.21,DPPC
150.54,467.0,DPPC
455.52,88.54,DPPC
465.24,97.18001,DPPC
132.43,391.66,DPPC
453.52002,475.34,DPPC
171.7,67.49,DPPC
479.98,511.43002,DPPC
195.84,195.04999,DPPC
471.34,31.259998,DPPC
200.44,501.74,DPPC
18.11,59.28,DPPC
499.19998,405.48,DPPC
129.81,230.95,DPPC
381.83997,146.14,DPPC
20.380001,537.08997,DPPC
476.6,129.63,DPPC
263.25,63.89,DPPC
47.1,86.79,DPPC
125.56,292.0,DPPC
45.59,27.38,DPPC
242.4,483.95,DPPC
253.28,311.78,DPPC
372.74,120.649994,DPPC
119.93,4.7,DPPC
369.07,65.57,DPPC
126.1,445.54,DPPC
424.07,244.51999,DPPC
217.95999,32.27,DPPC
203.45,56.68,DPPC
465.49,380.6,DPPC
348.82,113.46,DPPC
