0.6600829056023861,53.771625648107396,0.4508864744797595,Disordered
0.6878531341056718,48.38419110633233,0.4254398520213069,Disordered
0.6861618303202283,44.1091973141882,0.41716067005797103,Disordered
0.6866374472833904,48.005211552856885,0.43555638538601377,Disordered
0.6887207200142801,44.58478608259713,0.4054497427150285,Disordered
0.6620798049134424,48.47140412818426,0.4278427901703671,Disordered
0.6412010530049019,47.54622756990622,0.44808891872440415,Disordered
0.6979457442224288,45.68091762158393,0.38802827698971176,Disordered
0.6832469989135506,49.8706708105924,0.4230560984698383,Disordered
0.6911427751456407,50.31102544184279,0.4018081980238759,Disordered
0.6733015653205708,48.59654786424506,0.42688768362527146,Disordered
0.5626447946799623,51.02992293277034,0.4709859476217684,Disordered
0.6781690616198018,45.26912500283993,0.42076973992637884,Disordered
0.6973819050597974,44.02107670255863,0.41322361762478665,Disordered
0.6331230760290445,55.474051252817965,0.47320984415444933,Disordered
0.6617537160803288,50.174806267986405,0.44505298659636516,Disordered
0.6705379917531937,48.1089170300256,0.430269070248749,Disordered
0.6749129225510757,48.459493965091006,0.42335826925129305,Disordered
0.6892464277131346,46.13829561098579,0.41151493211886414,Disordered
0.6524663599636239,49.877441464474536,0.4362813599184552,Disordered
0.6697650789117633,42.538598989111826,0.4279390574292779,Disordered
0.6190064141886552,51.81161734063936,0.4808726342825957,Disordered
0.6643299706635336,49.107342703813536,0.4210282151968589,Disordered
0.6760022281627964,42.516019848824335,0.426765039662113,Disordered
0.5300148209422764,54.455273061255866,0.4834062176041472,Disordered
0.6826388674880354,44.29405647219044,0.4079347961978576,Disordered
0.6531304045556398,53.078668225282264,0.46443687808728235,Disordered
0.664533937214763,51.867193407206706,0.43597484647543183,Disordered
0.66156247364497,49.798998326866695,0.4293775381233234,Disordered
0.6836114864357388,46.54056510487685,0.422247036078776,Disordered
0.45833519256361194,50.2950178497775,0.5196212077679593,Disordered
0.6696402585510616,50.261584516261465,0.42642095235390615,Disordered
0.6664745589125513,47.31778370104146,0.421683792369923,Disordered
0.5160019579870878,54.49744082072589,0.5275133178419629,Disordered
0.4710148386955359,54.58056707700326,0.5170550782889023,Disordered
0.690324200752757,47.41781284733421,0.40094740919006233,Disordered
0.6755479867903682,45.21465021748141,0.43155737890743384,Disordered
0.6402309758469537,50.58466722331849,0.4553520734088358,Disordered
0.7035068351194501,41.047600983943774,0.38212410582860296,Disordered
0.6587822340679641,48.801910558378395,0.43015465972958905,Disordered
0.608918019795206,52.70820405216263,0.45428069781347563,Disordered
0.6889583824373767,48.86425487556192,0.41079779946696804,Disordered
0.6732090710205375,48.28200199780642,0.42376816335512024,Disordered
0.6855707706083584,48.271883259176256,0.4216925926282812,Disordered
0.6865389595219953,43.41581717919896,0.4081764999083297,Disordered
0.6632724416461205,56.24890199983611,0.45122269182439306,Disordered
0.665059610279063,49.77139370627143,0.4367960861220285,Disordered
0.49505694492956387,53.84968193536421,0.5321008151463978,Disordered
0.6713429809051158,48.51049688323951,0.42869633363634946,Disordered
0.6970446335517123,39.89261107121107,0.3966332648725766,Disordered
0.6592354958240841,52.324197370378734,0.4447993387197228,Disordered
0.7109634723056578,41.89117455455377,0.387749897043097,Disordered
0.4726072739394701,51.54412269734291,0.49418855376042353,Disordered
0.5871926514070087,47.31418260198952,0.4423202812877032,Disordered
0.6373718951494205,50.044033224248224,0.42834567592928613,Disordered
0.6999319219217958,41.3668792643466,0.38632901680190285,Disordered
0.6752640126953069,47.999992418300465,0.42979456973597024,Disordered
0.6643511832779896,48.08469437468639,0.4324188233019888,Disordered
0.5700838977630797,52.19909228871165,0.5030135124582666,Disordered
0.7059017980727925,43.79767191098306,0.3792989922470231,Disordered
0.546967371417726,50.024704508145554,0.48276278683542145,Disordered
0.6360453031712003,45.951369491953294,0.43245029297235116,Disordered
0.36477883975753406,62.99514055527288,0.5869915450917845,Disordered
0.6535009641637298,53.50581202670161,0.4492648271416413,Disordered
0.656032057773756,57.467081880033184,0.46288341261045124,Disordered
0.4457120141153073,52.64663852731425,0.5281553159667858,Disordered
0.6571545714229681,53.08653090752895,0.43930937633387607,Disordered
0.6654189887135016,49.48456358737541,0.4393350574063195,Disordered
0.546085011350079,48.44895737839147,0.47409982861070127,Disordered
0.6809726800396344,50.856930109747275,0.4314178372858849,Disordered
0.6670493234818791,52.5220618600895,0.43547076550474423,Disordered
0.6977864386716908,46.65936513709922,0.4020087103918564,Disordered
0.6468597910039618,50.49099347415796,0.4476352878797822,Disordered
0.5177250770653757,50.66757558992024,0.5072405302255855,Disordered
0.6718560501131426,46.7010871456455,0.441255503646536,Disordered
0.5460252064711134,54.18467502827964,0.4919318817020525,Disordered
0.6606967244111962,45.769034761265694,0.4247401179439573,Disordered
0.6065769542443717,50.00174682681535,0.46893599605524927,Disordered
0.7146420022206305,40.76765286879422,0.3855864151852648,Disordered
0.6601833425488242,51.09143541499129,0.43000425312468216,Disordered
0.6614361824627392,49.75396948854537,0.4260792953225404,Disordered
0.6191678419130172,57.72911947208288,0.48254740331091933,Disordered
0.5542078710375145,53.97440459477,0.46307753431157633,Disordered
0.68210247722603,47.730138825576134,0.4288339583364836,Disordered
0.6857267443361484,43.41226113312345,0.39447746580929005,Disordered
0.6846817307428225,40.84768636277361,0.41284066317017926,Disordered
0.63173993799832,48.08451304752143,0.45204452442481025,Disordered
0.6786143027564167,53.06954472316173,0.4198481526538782,Disordered
0.6851171782324281,49.853425001208876,0.41068791324386894,Disordered
0.512663898447513,50.983287623417205,0.5095484139197229,Disordered
0.6654654994702018,48.017838145853325,0.43287808113796555,Disordered
0.6762318592022342,43.384723418357204,0.4167245135982497,Disordered
0.6728330558314292,45.32073558659855,0.43692147373897483,Disordered
0.6760749774091342,54.78272923240684,0.4282109719563163,Disordered
0.6815730611728275,42.455238946305215,0.4091768416003668,Disordered
0.6690872265332583,47.08267537503089,0.4264754558709529,Disordered
0.6412833751869688,47.24403177246143,0.4406712673754176,Disordered
0.6554232666824803,50.615561670933566,0.4492415325670667,Disordered
0.6569924121115251,55.187411140027706,0.43507568780287215,Disordered
0.5971392503947213,48.582488081091384,0.47035950685817535,Disordered
0.6497944576902056,53.74096987780508,0.4475167141985304,Disordered
0.4838260909343722,50.06617601182249,0.5185146428401032,Disordered
0.6313139141325532,58.52715060138668,0.47615011210291264,Disordered
0.6826011689148963,53.58799434025125,0.42885752326515153,Disordered
0.6653909207915609,53.783258743108185,0.43495776375713585,Disordered
0.6639290210369934,48.804639789331965,0.434294356075285,Disordered
0.666228517150646,48.0403958974486,0.436082739104073,Disordered
0.6002642163799016,48.88553860176449,0.44915072279340523,Disordered
0.692947791938632,40.82322038142259,0.4052018795078004,Disordered
0.6542255716826023,53.42309169031105,0.43625699158918174,Disordered
0.6749293084762137,49.4557965139928,0.4195049714996104,Disordered
0.6609575226809036,48.84108177161164,0.43759893295417734,Disordered
0.6866152956686308,49.7235655656093,0.41731385672503407,Disordered
0.6781358851903623,45.87538189802057,0.4142694505182793,Disordered
0.6754318815519377,49.61234023299304,0.4262975383808598,Disordered
0.6925761117110257,42.681772734421536,0.4155002320792291,Disordered
0.42074593343367045,43.84518107560852,0.5406775683232721,Disordered
0.64762684165543,54.47123530414849,0.44243333548266583,Disordered
0.6772708261212634,43.350914690624435,0.4128381053040728,Disordered
0.40892113828261223,50.473581209887264,0.552251156297601,Disordered
0.6834788121746048,47.378219465801614,0.41653668400100247,Disordered
0.6847524361992012,44.529756016140816,0.41469951257556403,Disordered
0.6756643650754158,42.915778596105625,0.4257854573234448,Disordered
0.6526870963939292,55.096120253023145,0.4556832312178376,Disordered
0.6533758516579726,50.4245475161193,0.45151000588357254,Disordered
0.6821976181118237,46.06818189412853,0.4114497294181042,Disordered
0.44129954200404975,53.46032998853284,0.5454132699355346,Disordered
0.6301616083412748,46.546852266115245,0.4598152228285105,Disordered
0.6735602064606087,47.60654537804639,0.4229974694275407,Disordered
0.6894936817772949,45.14868473088228,0.39308863796850674,Disordered
0.6626561946711479,55.343795516827655,0.4308790131722007,Disordered
0.6679190443175612,46.669947860432956,0.42600872799463135,Disordered
0.49797855264803564,58.394129579050606,0.49176384589178235,Disordered
0.6639496690785047,42.38391275708518,0.4217969412706083,Disordered
0.6627535679327061,51.38072344341521,0.4303316864106705,Disordered
0.6647671462472062,49.474337806684396,0.4225280153657008,Disordered
0.6633977265762656,49.42875999728211,0.44601471853643626,Disordered
0.6297998993090829,51.75343609079167,0.45879074838268996,Disordered
0.6647409185389463,45.922847197812935,0.4230613055868765,Disordered
0.6862470751501114,47.53790194060065,0.41677883781040936,Disordered
0.6619605991360803,50.944314165766045,0.44947544095205916,Disordered
0.6709387649891507,48.60794475385454,0.4266351508281746,Disordered
0.7006155695799158,41.88719353220607,0.38524351632226994,Disordered
0.6676346283792841,39.66761069516554,0.43139680975440514,Disordered
0.5112403633864735,51.45679752625642,0.501161618352002,Disordered
0.7107208617728162,43.36445273841609,0.3854047070916594,Disordered
0.6028898992111911,50.9174750241803,0.48040155933729556,Disordered
0.6694607358196595,51.49903462349038,0.4351775428710299,Disordered
0.6176285262412778,50.23270574878896,0.4441912423941248,Disordered
0.6616016056908751,47.99668270715027,0.4308846403017432,Disordered
0.5842603767739984,50.657576485926455,0.48731170338700736,Disordered
0.6923787713571069,40.38401047847334,0.40255859610753136,Disordered
0.711370354852241,43.153517894765834,0.3986754178517697,Disordered
0.6599766433405649,49.818179835835004,0.43595252969332854,Disordered
0.5307460915035943,59.96146315049772,0.5070022682237233,Disordered
0.6422213782850063,45.76926493065392,0.4476568379636537,Disordered
0.6644838808510196,50.759713301676356,0.4269125684778995,Disordered
0.6458465527077851,51.219150254060814,0.44104443826609013,Disordered
0.6623990339608639,52.47518134178544,0.44535614023326264,Disordered
0.6532646175100258,50.96769318555274,0.45008068112424915,Disordered
0.7013337923931325,39.470439245403846,0.3768050251952661,Disordered
0.6844985745073382,45.58433933920927,0.4110499787373968,Disordered
0.6575412639676724,50.99168158569802,0.44186898707557737,Disordered
0.6616048640801636,50.45676196713257,0.4425153367463973,Disordered
0.6682660717458572,49.193066107309555,0.42800154726425194,Disordered
0.6310961159664955,50.47412411406151,0.460871621892776,Disordered
0.6362684480366837,50.74533710567076,0.455007127371423,Disordered
0.6309469383821362,54.45913971944616,0.45783591366954757,Disordered
0.6318892642611276,46.54964298877448,0.4777171345643591,Disordered
0.695817174653775,44.721573607563485,0.4195655316735694,Disordered
0.6299569562577185,58.63511260077828,0.47235671093542664,Disordered
0.6800292691480112,41.742721729177596,0.40859453719931377,Disordered
0.5754804391018544,46.19913567221581,0.4706569065518265,Disordered
0.6777213961152423,46.66129602766776,0.4385171554305592,Disordered
0.6288049895723523,51.55349755104299,0.4686846444902237,Disordered
0.692986769317936,40.74922803278024,0.40158548412063977,Disordered
0.5889705685123241,48.03857193646513,0.49174718952336,Disordered
0.6701603369993987,50.26374431597374,0.42287643063457453,Disordered
0.6820576051107498,43.734831964506945,0.3967422087893871,Disordered
0.606439289570058,59.99865576087974,0.4904053543145813,Disordered
0.6410073319487353,60.072420402018565,0.47279878370356376,Disordered
0.6664097391843472,47.364319373285696,0.4227098908077053,Disordered
0.6535840592254721,52.89448213920827,0.45038487013599865,Disordered
0.6720364090437727,45.10742191634503,0.4190216985146301,Disordered
0.6738654134242062,50.14445911637676,0.4084775223072689,Disordered
0.6761831491582667,46.26789086016756,0.42252423597445865,Disordered
0.623621551098035,46.76889110595584,0.4676417394055156,Disordered
0.5822414253034341,50.38955331682995,0.4679231573089223,Disordered
0.6581174131765051,52.22322089031573,0.4541956139621484,Disordered
0.6669269456308045,53.33138330698827,0.4434922728578737,Disordered
0.6222162090036872,48.55463718265483,0.4602632444713151,Disordered
0.6903959942425074,40.75082522320529,0.3974055840321411,Disordered
0.6867110038169059,45.86395368502567,0.39763960955475675,Disordered
0.6266802817487882,48.776399612650835,0.46559661739920444,Disordered
0.6879447034166867,49.373911873780784,0.4177166234488614,Disordered
0.6218015175412952,58.25022937360488,0.4834020734555189,Disordered
0.634121415589855,55.375276715543606,0.457806011914628,Disordered
0.6719729889762804,49.734035454248634,0.43370568361895356,Disordered
0.6805910176590902,44.7641806035401,0.41922828515776556,Disordered
0.6536961605760078,48.45546742123498,0.42865173547911106,Disordered
0.43317297098293683,48.6193647636476,0.5370168419908246,Disordered
0.6944651745134097,43.48303436010406,0.40827952982265997,Disordered
0.6091235850103299,47.41240562550468,0.44301874877432407,Disordered
0.6648941703726311,45.45719453576169,0.4281535613445302,Disordered
0.5941529589271239,43.09869276439404,0.464070261604682,Disordered
0.6850163680534459,49.01839287959489,0.4145141593313751,Disordered
0.678081717395982,47.797595971640575,0.4161204871578285,Disordered
0.6680406444057824,52.99654826978557,0.4311989369607638,Disordered
0.6629968659710342,44.09585889635325,0.4190550095966026,Disordered
0.629342089112738,43.73327134992168,0.4238393866380168,Disordered
0.6738518775683081,43.844089636628695,0.43201096996680394,Disordered
0.6920728321823584,39.44316759737103,0.4034850848732308,Disordered
0.671770371566028,48.582568801676636,0.42566337383762565,Disordered
0.6743281914666076,45.896377678676025,0.4216493792474348,Disordered
0.4779751626347585,49.81443089231247,0.49591166653847596,Disordered
0.685962084618531,43.82345335551042,0.4029092191114025,Disordered
0.6589410566235209,56.275441555800676,0.4442216045859621,Disordered
0.6794908288310034,48.72343103376944,0.42643863942221294,Disordered
0.555021264548552,53.30490456296489,0.4749431305325518,Disordered
0.5484403942745172,53.692167269871874,0.46485452118961845,Disordered
0.6742338470052837,50.133301625035074,0.4441984674218263,Disordered
0.5871742031196018,58.15236441227725,0.4567471180989593,Disordered
0.4972429467769816,57.714692476931134,0.5371151643544578,Disordered
0.6362783161175813,58.005571074129676,0.4536691583386344,Disordered
0.6089166941748693,58.163293832809686,0.4901875698978544,Disordered
0.7060845335914717,46.2454282048432,0.38563584070383505,Disordered
0.680744749115294,47.281364263537675,0.40864596569526224,Disordered
0.6705394144036498,50.79551086757696,0.4359422407101628,Disordered
0.6836839763390659,43.48884642289592,0.4219614394800887,Disordered
0.6840294589995343,44.280433370856954,0.41552553579560886,Disordered
0.6891775248702932,50.413380675958805,0.41927260010479,Disordered
0.6509874018853298,48.02169490586666,0.4461535717631587,Disordered
0.6447975716314428,53.10358949481246,0.43279090071436266,Disordered
0.686485843119415,48.158226245651406,0.41141786887512205,Disordered
0.5781646440939288,58.446770205799176,0.48513375330029634,Disordered
0.4689055412468662,49.94080665411955,0.5102565018533911,Disordered
0.6749789189340701,46.666618939035494,0.41539042849442653,Disordered
0.6611423786414049,49.013419934470484,0.4380597729606655,Disordered
0.6815505596074609,46.44116181830739,0.4142806286603918,Disordered
0.519639976150649,51.65828936347399,0.47070225086877554,Disordered
0.6454797588700337,51.4567584236644,0.4729730739422677,Disordered
0.6846500874801962,47.95176600764879,0.4115381590575878,Disordered
0.6609657258507268,49.86090952406514,0.4237117362417028,Disordered
0.6444881973597693,47.27178511798261,0.45678478510326836,Disordered
0.7019215835600144,45.255807688617026,0.3967586757653612,Disordered
0.7095564294933725,41.00631962829765,0.3910805290094059,Disordered
0.4182175676076602,61.16958791636029,0.5874756750338532,Disordered
0.6867767699497209,41.74626611701404,0.40936921718150343,Disordered
0.7003867506213707,46.8744129396647,0.407290012332011,Disordered
0.6494600974468397,47.905561985690284,0.4462783018017763,Disordered
0.6770187293215799,43.328233497508755,0.39994367889035626,Disordered
0.6505942327390464,49.756168618149324,0.44842112931024175,Disordered
0.5070944259711734,55.68013389960253,0.5025608261341289,Disordered
0.6662265933432979,44.43394319999077,0.43095655124222665,Disordered
0.5659899417621701,53.007792685861205,0.4855163443348971,Disordered
0.6784187677351283,46.53290330236939,0.42474971895670655,Disordered
0.6927957281599169,42.032046107250586,0.4058268092705087,Disordered
0.6686679871391129,48.81169023316286,0.4256090101685505,Disordered
0.6902935326465474,42.70257156653455,0.4014940998677907,Disordered
0.6927496636194883,44.47636959689618,0.4110648235427899,Disordered
0.6015011071235408,52.74946851137479,0.45375647716218137,Disordered
0.71917397174516,41.47553463458046,0.36920208387601594,Disordered
0.6597603760881752,46.92141365538657,0.44604408781182425,Disordered
0.6575793035584602,47.8765002894003,0.44634647054461807,Disordered
0.49472714115691524,47.615628660886024,0.5081734517343369,Disordered
0.6498268670025547,48.117136552606546,0.43417203788279435,Disordered
0.694287180920111,39.84219263690529,0.39965800171258226,Disordered
0.6604434446402714,48.45174684834102,0.44482610965601765,Disordered
0.7059691140485885,42.16329865674019,0.37905369020798724,Disordered
0.6830261536319269,47.06711821711232,0.4121676281695661,Disordered
0.6926856786238357,44.291431791071695,0.4099771122852034,Disordered
0.5855512266899717,51.10957267732678,0.43572838509574413,Disordered
0.6498792364544425,57.718812976964,0.446712096017802,Disordered
0.655086891969607,50.06085347461228,0.43975909894475146,Disordered
0.5447185494480845,54.391521452588655,0.49760090092099396,Disordered
0.6192054190080258,49.65315213015558,0.4630806963347273,Disordered
0.6708438689722794,47.036166600616724,0.42854606819894037,Disordered
0.6867013375617068,47.77228953885238,0.41804930335435736,Disordered
0.5188123066286181,46.950191918007455,0.5012910598658468,Disordered
0.5633989835286694,50.43115001383607,0.46709418102189837,Disordered
0.5347569820604022,49.50364019331788,0.4828496010187818,Disordered
0.6773582510300485,43.339379697068,0.4049684854810083,Disordered
0.6781716922116335,49.59705300816804,0.431540868784948,Disordered
0.6648831493392922,49.81139180497045,0.44614457071675867,Disordered
0.653098085898028,49.536491747523996,0.44897057647642813,Disordered
0.6812294433008113,44.03159032386771,0.4108756973230442,Disordered
0.6240244907694472,46.800977326902796,0.4711615878538147,Disordered
0.6096496814537314,46.78510081195287,0.45417733589908055,Disordered
0.6491944446456028,53.8134343081542,0.44919156492899576,Disordered
0.45374389049913627,55.51773173131577,0.5083114410321987,Disordered
0.6788382044707545,45.700169020878405,0.4328512530921279,Disordered
0.6254018129444442,52.27119208552068,0.46871945274431276,Disordered
0.5593152284794685,48.9931441897726,0.4631613296502232,Disordered
0.6563845911763775,51.249631939528115,0.4410733071382643,Disordered
0.6833615940991381,50.30758241393264,0.4329082722634732,Disordered
0.6794401945120646,48.60071887257261,0.43100683808592966,Disordered
0.44995969391774526,53.03323228599029,0.5215144993288174,Disordered
0.5554212694943181,49.87513700126161,0.500866877140065,Disordered
0.6565006917502912,45.358896019574395,0.44638874989593846,Disordered
0.5637406642681035,40.70008987258235,0.4520865210823983,Disordered
0.6916078087245059,48.266529937198385,0.3964671574967851,Disordered
0.6681740948512166,46.05557964173469,0.4342305075960853,Disordered
0.6675151411240886,47.55004599509889,0.42252277144995226,Disordered
0.6760185657207444,46.3804880818281,0.4339812410411454,Disordered
0.6802440086552328,47.185069424850504,0.4273176409949798,Disordered
0.6887715567624227,45.369593711445646,0.4041896708907322,Disordered
0.6528445405806452,54.83700113588904,0.4607704617758001,Disordered
0.6894544730950566,43.46980080553065,0.4015239342535352,Disordered
0.6440715317475502,54.59289390154214,0.47089118014716536,Disordered
0.6345496356224324,49.97142545076709,0.4542791298779278,Disordered
0.6666338223891641,50.306716814187034,0.4353536158065261,Disordered
0.4867341716866747,49.738087191786455,0.49716895069357003,Disordered
0.6572848566569497,53.5195592653023,0.4444955596812501,Disordered
0.6724252908476608,48.92567457026108,0.4506431057326842,Disordered
0.6058636636999135,49.08365759239087,0.4603001250009117,Disordered
0.5458359935946074,52.40157380303325,0.4980243939844636,Disordered
0.6747969453295181,50.14422731225654,0.44007166783537366,Disordered
0.6597562385813527,50.59694055703985,0.4380369837748102,Disordered
0.6019893888196054,53.32415668836566,0.49007319976877356,Disordered
0.6750867263478069,44.1424291606527,0.4159062635035769,Disordered
0.6521601197989187,56.484699166223606,0.46174248861603845,Disordered
0.5398737571616508,57.8934328709138,0.4913363475325772,Disordered
0.5884072608432258,45.64398096640416,0.44092771206741366,Disordered
0.6269596874900611,56.65203276435553,0.46564689902187445,Disordered
0.5401547787553633,52.72215889680714,0.47908080474695686,Disordered
0.6635336840078216,53.74147830477889,0.4452531814825934,Disordered
0.5049825374281741,51.50626129604165,0.5214894845628578,Disordered
0.6513076262868263,50.308166829655974,0.44913923188155347,Disordered
0.6702795015749201,52.131109584214336,0.4337389268390694,Disordered
0.4927329017912396,50.65129892244827,0.5147332985056209,Disordered
0.6959712689563895,41.94107009170763,0.4004886284813784,Disordered
0.5369809992657637,49.78239729459152,0.48952042922077454,Disordered
0.4546895890338113,49.97559661396875,0.5376222851514924,Disordered
0.6552542693587491,41.66650603865508,0.4127435251202215,Disordered
0.5540708083588797,50.88753172106833,0.4873092696393576,Disordered
0.6029262783955821,48.52218233013905,0.44312668902269886,Disordered
0.6853110625137362,48.12709331418815,0.41772068291453907,Disordered
0.702457533093125,43.220107175002525,0.38740775756359186,Disordered
0.6906790015831368,45.953409662921146,0.416402699469304,Disordered
0.7073667228773223,39.16172149728103,0.38471277945961085,Disordered
0.6843574632708018,45.45250714354007,0.42406294141123274,Disordered
0.6387964631898155,55.96254205526606,0.49029436689339856,Disordered
0.7047562106615894,35.73364926959762,0.3961539507241477,Disordered
0.6884964506668044,44.430444395879825,0.4167290648931465,Disordered
0.6721426682784787,45.88162622176514,0.42876574069734275,Disordered
0.6920318442343795,44.58579717522418,0.39900549807742536,Disordered
0.6514119835064595,49.96250393120085,0.44644438054628605,Disordered
0.4693225221679637,51.3728290063338,0.5202541718664292,Disordered
0.6645223888889524,46.54048421203266,0.4481039837890796,Disordered
0.5393429132817565,44.98147277801252,0.49531007013768996,Disordered
0.6752116493375676,50.05541160751551,0.42581521736114064,Disordered
0.6994924052427028,43.047376702067474,0.40006138610418196,Disordered
0.6849441848645332,40.98008033322457,0.4139263317497025,Disordered
0.6856722358581968,42.49657766072917,0.41867549272493615,Disordered
0.6611193274946084,49.790767778026705,0.43519653069179026,Disordered
0.6912739509644333,44.07394986743878,0.4078532165612268,Disordered
0.5314062576053261,51.58561898785924,0.5050226273107539,Disordered
0.5560248130323058,54.9518982392791,0.5242637964837176,Disordered
0.5809405259804368,45.514114607784194,0.45859608199359586,Disordered
0.6536070829025176,51.58761527808791,0.4509232860971576,Disordered
0.666872950495286,45.35584024175649,0.42047559446195476,Disordered
0.6672811457400307,50.10503544982804,0.4319277029135801,Disordered
0.6852245641722727,50.82815410701193,0.42008081859246293,Disordered
0.6890868702460401,42.13089592697936,0.40455723070079297,Disordered
0.6979991414505713,47.18467422225015,0.4038263016352344,Disordered
0.6609190197154631,45.8166725422396,0.4325517248816325,Disordered
0.6952027249278788,47.431930445140715,0.4256836058562596,Disordered
0.7121279612614119,43.4045367972564,0.3814837969295177,Disordered
0.6978823508670743,43.94411062368673,0.39952495817373485,Disordered
0.3870693454391525,55.5188793857276,0.5716274173311285,Disordered
0.36857211834798387,63.312874523813825,0.5713175927176021,Disordered
0.3772755546385829,55.53220465090441,0.5438954156037367,Disordered
0.6584712828251204,53.31929103868226,0.44404526631178687,Disordered
0.6767124666319128,46.131255428704755,0.4200056694762545,Disordered
0.5682450864020381,49.338443502667005,0.46281195406922077,Disordered
0.6842474297136094,47.01380208278587,0.41099093301848544,Disordered
0.690505418559271,47.048490712158774,0.40352714362565095,Disordered
0.6150096264954671,44.56178082350271,0.436817304818833,Disordered
0.6696543979176935,52.00694319363417,0.4381556154244525,Disordered
0.6368128511467381,53.144818007986196,0.4550653483954273,Disordered
0.6214718950220645,52.87293171615011,0.4690178232979046,Disordered
0.5989020365993964,51.734707447844094,0.4581133827171495,Disordered
0.6887337771902909,46.19254201297953,0.4100522960929808,Disordered
0.66651209719223,50.03068865792289,0.434986062401989,Disordered
0.6694710645277512,47.17038155698812,0.4354928553453293,Disordered
0.6740790880020633,44.73397028293661,0.42601159278283984,Disordered
0.6924401278863574,44.59510112120779,0.40344848119892696,Disordered
0.5859580973176944,56.530988801839015,0.4954850516403335,Disordered
0.6912821155762475,49.56596119001498,0.40400759607550263,Disordered
0.6597534449746952,52.12561888857565,0.4401474564882943,Disordered
0.56069404736712,48.90716672943884,0.5017717076508806,Disordered
0.6766763039693767,48.54606873973462,0.42899100478488333,Disordered
0.6400210052580647,44.40504245486836,0.4517215873833502,Disordered
0.6796064307041713,48.69822462459304,0.42224073337599566,Disordered
0.43066364472746776,53.02246175921901,0.545972923523384,Disordered
0.6580639215609504,52.36113029319446,0.44403235456853357,Disordered
0.6451930156946998,51.86370474356652,0.4624760663483433,Disordered
0.6778904546896776,44.7665314287255,0.4233668870177486,Disordered
0.6622549292634123,40.77026804611211,0.4187253754788612,Disordered
0.658578272992245,53.918662153555445,0.43058019478303977,Disordered
0.66815902063157,49.29741513239902,0.4341308948594083,Disordered
0.6715417979889692,42.69458190171811,0.4230548533735646,Disordered
0.6482871483513737,54.461203722326545,0.43513623646621985,Disordered
0.6774083307473447,53.76064776563227,0.4302061997433749,Disordered
0.6911423405837551,46.98336239515112,0.41327786007018813,Disordered
0.6522940516388263,45.76016911786625,0.4321329134026729,Disordered
0.6045759725201557,43.394899160516374,0.4369217304378001,Disordered
0.43290869085945805,52.04605917928906,0.5207092790417275,Disordered
0.6780623636046883,44.31097354754753,0.42110589704342993,Disordered
0.4537380516668129,53.157310072062096,0.5267845215052308,Disordered
0.6974840529985099,41.770353235719504,0.39612096641397027,Disordered
0.5425748244770585,50.659530467044846,0.503011714839793,Disordered
0.6712392476947365,43.819710874000265,0.41340607358796966,Disordered
0.63338853687054,58.667611938935735,0.44748699730877683,Disordered
0.6759460545732927,44.68773404433268,0.4276266821228645,Disordered
0.6498629249472171,43.7180864709697,0.42854514314414666,Disordered
0.6832228364054221,46.191461724331575,0.4202775116084609,Disordered
0.6871839820692754,47.76108978615703,0.4205629354710955,Disordered
0.6963174612979666,45.015774747383,0.3898052172019752,Disordered
0.6726639520175133,46.69403246984912,0.40872670981295695,Disordered
0.603388408017637,40.76035455187957,0.41391081554980397,Disordered
0.40638496291775705,49.91881335663014,0.5408292450186678,Disordered
0.6357275539964051,48.730891510741955,0.45340435007676505,Disordered
0.6654651924724189,46.97356065158283,0.43573517273605644,Disordered
0.5689145154794369,50.40071349614797,0.4920554634599319,Disordered
0.6698422858815742,49.19215533094914,0.4314252922177687,Disordered
0.6668814783865467,51.79912512968219,0.4309489998030537,Disordered
0.5453369732185582,50.49122123336715,0.47068094091636453,Disordered
0.6173200297025538,53.2847367991277,0.47601521259805085,Disordered
0.6965040772168278,39.31000380441806,0.3857482917001371,Disordered
0.6589215093647134,48.634937780922385,0.4416514007229855,Disordered
0.6842516133119199,42.421422474580226,0.40587826746252664,Disordered
0.6494119468177839,54.046028259303576,0.44731303216863577,Disordered
0.6413372234094329,50.26394737037213,0.43515273323709713,Disordered
0.6830099401838703,48.26739738840435,0.4150713700518672,Disordered
0.5447940217157404,65.74486558604792,0.5153395154619013,Disordered
0.6757782192559125,44.790259269827665,0.4130848830154479,Disordered
0.6879573491409818,44.639511416558605,0.4045040192294833,Disordered
0.6772657432899832,46.387981157606106,0.42449381530209146,Disordered
0.6824421627289314,47.1199374015011,0.4097782756338953,Disordered
0.707523734475365,43.20621232125165,0.3919083660006114,Disordered
0.6744305895314575,47.559556228877796,0.4282105939825029,Disordered
0.6841324230688554,39.56441434902618,0.4167801222842997,Disordered
0.6759249472181048,46.52488633369782,0.408639384280858,Disordered
0.6585594966813232,51.43667499990426,0.4442268937653802,Disordered
0.6414150017234302,53.95031219371927,0.4470601113166886,Disordered
0.6495021269834661,54.286974965807815,0.42733197614868534,Disordered
0.6679264690557961,48.301856366648444,0.4232978657868127,Disordered
0.5735159405257142,51.39585867270975,0.479495931836182,Disordered
0.6641585955598418,51.07120493982325,0.4396872768039109,Disordered
0.691149871180484,46.093662877842426,0.41618043508006924,Disordered
0.6767227778271153,46.204189846129566,0.4262964156542553,Disordered
0.5039690144234917,53.89676971450362,0.5167260830982752,Disordered
0.5152290976820351,53.953784770042716,0.5094990922836914,Disordered
0.5983300796927831,45.33651421589089,0.4497119883616674,Disordered
0.4551430622343377,56.08960231822267,0.5401402474443614,Disordered
0.67279607799919,50.51718210752746,0.4347250370097769,Disordered
0.6842035227590018,45.19111670248392,0.4248041019242404,Disordered
0.6919876826640122,43.684223582911606,0.3978378612835503,Disordered
0.6476407012133372,52.40905882145468,0.4416904953508085,Disordered
0.6562604849707675,51.47727829061586,0.44474992706060756,Disordered
0.6818421727301506,48.333532670952096,0.4027557045908678,Disordered
0.6790681724776688,44.69575967168886,0.4220121922731157,Disordered
0.6788062504953821,51.75074634370041,0.4341829527226526,Disordered
0.672437802357531,48.35223745581488,0.42572056570825795,Disordered
0.5679096267027529,54.21165677830418,0.4943583760378285,Disordered
0.6988745327065319,44.30398995809444,0.3982925798449823,Disordered
0.4889092186348307,52.093419707913064,0.5178757319465979,Disordered
0.7040253588913085,41.75659083496472,0.38744121731036457,Disordered
0.6882769397282318,48.92124812169222,0.4140686810077648,Disordered
0.5252715897858665,51.59767150621887,0.4730958453585105,Disordered
0.665389910991388,46.92223572159138,0.43807198094863786,Disordered
0.6408110276199127,48.25850627932528,0.4437484828835289,Disordered
0.6329426318710891,50.143838750689184,0.4756029580158305,Disordered
0.7180510688561141,37.24106372148351,0.36215124948705624,Disordered
0.6895395919571871,43.82458149442101,0.40976011777965654,Disordered
0.5110327280592025,58.29708302321065,0.47845730091708405,Disordered
0.6657836769852257,53.358307877724144,0.4454053691361782,Disordered
0.7072941803858649,43.43409025666538,0.3944011958683646,Disordered
0.6885907012392904,46.123479806909636,0.4099262425397977,Disordered
0.6741671961338356,46.212576566826385,0.41787032918928496,Disordered
0.6533619938850185,44.03542949265848,0.4389663901044355,Disordered
0.5582672157905795,51.5017405349339,0.49439593080796357,Disordered
0.5807430050539601,51.73793732798828,0.5018711625375815,Disordered
0.6670634388638192,51.76204647830781,0.43395267027655493,Disordered
0.6612148225466964,50.02274429776229,0.43698791877317583,Disordered
0.5282348136059204,54.14118426979375,0.47371392663150924,Disordered
0.573131578276568,48.04808130683896,0.47989870214701597,Disordered
0.6235596086632403,45.474415799009144,0.4578451566330287,Disordered
0.6883410849761707,44.3473505985125,0.40882570173900074,Disordered
0.6817858523285865,44.891660872425724,0.4174795709203623,Disordered
0.6761940515988241,48.904112267653126,0.42033761188895163,Disordered
0.6740303735100478,45.314470294306766,0.42376364968471397,Disordered
0.6842365064232322,47.31218690366513,0.4170637158753265,Disordered
0.6463497848038622,52.634259527141545,0.451329160233946,Disordered
0.6801727168992266,45.88640144648028,0.4236778120075369,Disordered
0.5282077636934202,53.391411042279884,0.4754003609280539,Disordered
0.6227675568953959,53.769854272149175,0.436909209640547,Disordered
0.49284262596621287,55.86116780046443,0.5241530469374072,Disordered
0.5002843253650799,63.67763291202691,0.5195239981082298,Disordered
0.6682927793456656,50.55618793592743,0.43999097703324613,Disordered
0.33760185524049285,54.11786415434403,0.5439990520966574,Disordered
0.693786050958736,43.91609428028775,0.4106847851831484,Disordered
0.6734672503290466,48.171869760337735,0.4452048671409202,Disordered
0.6628891051112542,49.985460736284466,0.42276134602034576,Disordered
0.6868893499638021,45.83583250127151,0.41119847128582077,Disordered
0.6275657925585255,46.725699215794734,0.4279660986574802,Disordered
0.6783902362293251,46.00190294395734,0.42247267951210254,Disordered
0.6378602353698002,48.46501793616918,0.4494686287359666,Disordered
0.6776746265702533,43.95019935316943,0.4007096858451975,Disordered
0.6448306727863807,55.896531908625555,0.46424886952894145,Disordered
0.5331954740786388,53.29319745082575,0.49442267173604926,Disordered
0.6775540200202076,45.638596415311255,0.40714977857245427,Disordered
0.6666698680490104,43.95571909730131,0.4249334393559999,Disordered
0.649170628476172,51.74585629390273,0.44233949545762147,Disordered
0.6042300340957415,51.79377460245089,0.4639940582292269,Disordered
0.6939764496644395,38.92005554131179,0.38799848967361134,Disordered
0.6246602706499799,48.661293486503105,0.4635479418599484,Disordered
0.6524292386461418,41.72430324463464,0.42277792935639175,Disordered
0.6833329688917475,47.370823097855535,0.42203420525311947,Disordered
0.6924596442083356,46.024614180830504,0.41276191625047176,Disordered
0.6251590023714451,52.365069090913295,0.44552328352571613,Disordered
0.6893143236790775,48.523579029111694,0.4248521633935772,Disordered
0.6430905263804985,54.319080516195015,0.4619140749212235,Disordered
0.6702813027957445,54.23230608472062,0.43348941874315755,Disordered
0.5289884004221147,45.64081338234657,0.4770472919735225,Disordered
0.48138550264824637,57.34827964702182,0.524240991178156,Disordered
0.7018574682637496,43.27169931882811,0.3820513371441251,Disordered
0.6780956138709873,49.24147433621846,0.4396282745726727,Disordered
0.66845653609384,56.10390904376187,0.437401846107258,Disordered
0.5837152593017282,50.25494081902732,0.4567556375802508,Disordered
0.6397999002530937,50.48546113078261,0.45769948297316015,Disordered
0.6829039125825185,47.55821551648178,0.4222705688383728,Disordered
0.5799685478069547,50.590944132579175,0.46191472605206246,Disordered
0.6056376962050232,48.34938778307378,0.4578608323048382,Disordered
0.6774875071288186,47.58186372370948,0.41403441068140495,Disordered
0.6793358475019982,48.99563515541687,0.4159660111953436,Disordered
0.6680855281458533,48.71513095474175,0.4340463593352674,Disordered
0.6978712063344155,42.472899553444435,0.393206788886472,Disordered
0.6727546934799584,51.771958197830955,0.4162805452223276,Disordered
0.5879337117049055,60.68892005205021,0.4917530914484366,Disordered
0.657960483284377,56.13935600502051,0.44256790884010866,Disordered
0.635953152676413,50.44446733986061,0.4346716172706151,Disordered
0.6621784375548365,52.13285427686948,0.44512105684726583,Disordered
0.6603362651660147,49.90664315213058,0.4262426892547757,Disordered
0.4853095873705455,56.18791412785986,0.5262153500212579,Disordered
0.6549910298764031,50.92366188453534,0.45017821553512144,Disordered
0.66759769760873,48.71657936860647,0.432789513896587,Disordered
0.49991932285571883,49.63683569139864,0.49903948289830263,Disordered
0.669314058289803,43.811031395517745,0.4399174903686656,Disordered
0.5478229611281759,50.85262270201109,0.4860691381599328,Disordered
0.6718972960124211,44.943377290607785,0.43358844796013046,Disordered
0.6757022503123746,41.52122521120092,0.4078860500995769,Disordered
0.6620257071882911,46.69744377025256,0.4321354837930593,Disordered
0.6309395642123636,55.975533066695114,0.45564952529900693,Disordered
0.6692792461018906,49.808717225929676,0.44262140219591734,Disordered
0.714342032928521,41.39743600073215,0.38694745956355237,Disordered
0.6421084207023228,55.470029906113496,0.4577276676049183,Disordered
0.6769667833830095,47.6085447446487,0.43695770565006814,Disordered
0.5500143792615337,54.0651524011834,0.4665460149264736,Disordered
0.6967672834371569,45.28783804492064,0.38965765264045743,Disordered
0.6464914354568838,51.737869093757034,0.4489529721122375,Disordered
0.4466024391962673,53.10590287967745,0.5425619014514043,Disordered
0.6842343548605262,46.980850050537384,0.41074636388762287,Disordered
0.5667197924238315,52.89197981505778,0.5015438208484266,Disordered
0.6485668534431759,55.06260053163376,0.46395618939062466,Disordered
0.6549670756025804,46.91120015743858,0.4420560094560975,Disordered
0.6826213007297857,46.21618896207701,0.42224108230591145,Disordered
0.6518108874549818,55.258719737548596,0.4411248241224224,Disordered
0.6933563704711592,46.940309052804565,0.39026442309589787,Disordered
0.6653557995072266,45.241376812095076,0.4182360083320236,Disordered
0.6933518814053099,43.66600752525112,0.39730338286007866,Disordered
0.5865490291329453,46.46939121760785,0.45794686535158924,Disordered
0.6688026853202801,45.061617006038595,0.4363742141761402,Disordered
0.6944414639514752,42.873994405093704,0.4130465520831893,Disordered
0.559714162831962,52.7022916797145,0.46503269849925444,Disordered
0.6066336208548875,45.753025578178296,0.449237728312467,Disordered
0.681876415223976,42.503805107737485,0.4171631455466339,Disordered
0.6209734188089097,44.50231635139777,0.4085380241911045,Disordered
0.42999131978624205,50.43500121634479,0.5046517333155334,Disordered
0.6649093848967534,49.165434680621296,0.4207784819935061,Disordered
0.6740321584496524,49.964926583318736,0.4214417260098406,Disordered
0.702700718794098,43.24516880426709,0.38975320039614797,Disordered
0.6777390147426692,45.006220225822794,0.43150508950040156,Disordered
0.4839004717700534,50.63523021135221,0.46917857781854777,Disordered
0.676645859023035,49.68254987879504,0.4232040172703324,Disordered
0.6802451944893798,47.674296431600965,0.4191920899267577,Disordered
0.6747379660212448,46.18170152525565,0.42213039670906066,Disordered
0.6925615591636207,43.65712570299617,0.3959443033909927,Disordered
0.6485829738890045,52.845969822503875,0.44425708794760477,Disordered
0.6522029187421218,51.98190057947716,0.45308415333767416,Disordered
0.6700986055614457,48.811807705700225,0.43013871538128545,Disordered
0.5791363785202324,51.210911629438165,0.4773413079774609,Disordered
0.7015137486346488,39.19048957244279,0.39211504011074405,Disordered
0.718724092838107,42.46643667144385,0.3780455547367573,Disordered
0.7010802021601705,42.74719151078646,0.3985268725906315,Disordered
0.6441720508801468,47.235618032740824,0.4612980994682906,Disordered
0.6631035039726917,54.30204848487413,0.4344473229301714,Disordered
0.6409331631506032,61.680041307172196,0.4774726443365622,Disordered
0.6241033453995364,51.40852123594327,0.45351621372340123,Disordered
0.647311809862639,58.20004552173417,0.4574538366674759,Disordered
0.6923730696270479,43.923523787618734,0.3994182559231885,Disordered
0.7010068889677241,41.55493675049177,0.3929505276783159,Disordered
0.6933631743189951,45.46917736430452,0.40210197409834103,Disordered
0.5949619792500639,63.101613238588705,0.49815092190192,Disordered
0.6840432264378214,44.99800894717334,0.4095936178756127,Disordered
0.6773716077305079,43.02930414885265,0.43623614896055274,Disordered
0.6190884437075426,52.1909892420244,0.47958141812860866,Disordered
0.6455531869695968,48.22207780199138,0.45624137708312373,Disordered
0.6765277026725082,46.41438776079696,0.41287872441455564,Disordered
0.6754355949275007,45.00014161573631,0.42262548018975954,Disordered
0.66226837403988,49.0579769180592,0.4500063726365501,Disordered
0.6547650668256171,53.484218253539844,0.45859635422719547,Disordered
0.6278497121239776,52.43392216759238,0.46816340514342897,Disordered
0.6760787541255934,55.22068596049031,0.4434625074403267,Disordered
0.7007590755507193,44.08995744157357,0.39463782643738116,Disordered
0.6194133283969818,50.867675670281024,0.4551258553907857,Disordered
0.6516728304458885,49.97496618699035,0.44345731721593373,Disordered
0.6893286360581852,45.884350792254175,0.403117454863503,Disordered
0.674211852320013,50.386827004207646,0.4242969399854503,Disordered
0.6918085874938865,44.393405274791135,0.40638828507379926,Disordered
0.6708563671317844,44.97055637313171,0.42077642966795714,Disordered
0.6105201293237009,63.66198000700965,0.4935583963837872,Disordered
0.7011005127421214,40.89638858203479,0.39533168421721127,Disordered
0.6620093333597976,47.337831616850636,0.4336743200246136,Disordered
0.6861194123912472,45.41029955673095,0.4062147977285326,Disordered
0.6595933486498639,48.74712442450558,0.44378488696734075,Disordered
0.6893906259919491,44.289789402390966,0.41946605018327004,Disordered
0.6859272877422918,46.28162076868124,0.4041701264791285,Disordered
0.6843502941326123,48.159522260296725,0.4232369082946326,Disordered
0.6086671799192274,57.99340152317268,0.48200026308540167,Disordered
0.6407584383674184,55.583596457518134,0.47799388356435346,Disordered
0.6817469973223349,46.94343374052295,0.42058866679370005,Disordered
0.547779587175917,52.920325612616125,0.45601219225901185,Disordered
0.6480616026597209,53.15192414331504,0.45373665447582157,Disordered
0.650959439832511,57.03775010291732,0.4580783240655625,Disordered
0.6876579731942877,41.818989531727006,0.40491061667343237,Disordered
0.6675178887089743,48.01067629555839,0.4249010569388493,Disordered
0.6715800613112415,47.3279183552682,0.4281930018846227,Disordered
0.6474286748897196,48.799809147352065,0.4502909735948417,Disordered
0.6680263145652887,46.95770787745287,0.4111279323421694,Disordered
0.4596023022572047,63.36912206851456,0.5251728830655567,Disordered
0.6812100636407852,46.93273094516981,0.42746336880376623,Disordered
0.6856797222709226,50.78300708699435,0.4351036246927637,Disordered
0.6911631421878888,44.07052344546152,0.41133420525855896,Disordered
0.5356010342440612,51.43530894354782,0.49194543789336687,Disordered
0.6685427594796699,49.25272512710491,0.43849778109617277,Disordered
0.6795386446999232,46.722820481688345,0.43087610768095264,Disordered
0.6757402547808236,44.15363223151736,0.41824277666418885,Disordered
0.6702608382314549,50.64379843951958,0.42152894182383155,Disordered
0.6750212133089898,49.302658648156005,0.42669421387630396,Disordered
0.6530122249408186,50.77070670883053,0.4380167254496402,Disordered
0.6764881827282513,47.49610650062204,0.4259249209911646,Disordered
0.6589555683952123,50.03020903237296,0.4309844548778754,Disordered
0.6467367494246001,50.81909787333292,0.4494376670517447,Disordered
0.6376907380219324,56.9267253804916,0.46509410003788015,Disordered
0.6731996329709214,49.742450724731206,0.42028947344310086,Disordered
0.6972890773185811,41.89533265737162,0.39067379351303183,Disordered
0.4187703494125854,58.64659327936989,0.565458064741135,Disordered
0.6933255034244589,42.88710427117768,0.40031751671730686,Disordered
0.6771206340092825,45.47241636835957,0.42831136981124374,Disordered
0.6872004588346939,46.56960348686663,0.4165191838178866,Disordered
0.6767010984846815,43.65968165127687,0.40494111185924303,Disordered
0.641912101455854,44.749897005376596,0.45069317384681523,Disordered
0.699860445032316,44.569022433304944,0.4071522423294354,Disordered
0.5947846940886189,48.54924952623371,0.46146044171555667,Disordered
0.6799409703829441,47.56822812092221,0.40657280261088125,Disordered
0.6694109300723038,50.95823530580736,0.42614695118123463,Disordered
0.579038099484152,48.91112181018661,0.4546509607918658,Disordered
0.655832322362906,49.77636376183018,0.46128392434948295,Disordered
0.6566480381277594,49.59198939493555,0.44270751468549546,Disordered
0.5603455851198799,49.23319310156246,0.46451531742770824,Disordered
0.6545592678488684,57.98952104929589,0.45131820098756803,Disordered
0.695107109497664,44.804409488408446,0.4088529249396742,Disordered
0.6702009924325959,48.2594950711982,0.4216836802556284,Disordered
0.6866209278565891,45.080726667056354,0.42016277753402037,Disordered
0.694789018148112,51.222963225914306,0.41247657288239586,Disordered
0.6836659678088883,51.05528761418473,0.4173595278861516,Disordered
0.6878535587346736,42.4462941424758,0.42475308896016534,Disordered
0.6750352904263307,45.1260106944676,0.4364050340567515,Disordered
0.6766066311563893,46.05094914622405,0.4253077705542201,Disordered
0.6710883033932314,51.424016837700016,0.43632128132913656,Disordered
0.4274636848490442,46.02010747098466,0.5366329267649219,Disordered
0.6774601716839217,43.79177199206484,0.4205251293546548,Disordered
0.6695046603009707,48.00076790193024,0.4198142114099627,Disordered
0.6176471268320082,52.754315623841684,0.45066734956377424,Disordered
0.6574393349737898,49.67177146977911,0.44221490282616177,Disordered
0.6640136715434077,52.47092258502724,0.4470069806552907,Disordered
0.6768460426808399,44.18259204143471,0.4247330978376883,Disordered
0.6918613432225172,47.5684464680962,0.3987859422138455,Disordered
0.6531314221316216,50.4841165949229,0.4513573748445897,Disordered
0.6656481542550758,52.14528890601991,0.43262376326672153,Disordered
0.3103531128009131,57.538194121862674,0.5622146666348765,Disordered
0.5514877007798433,57.965068120903,0.49137482354778833,Disordered
0.6876839798082489,43.169773446778244,0.40949415235153314,Disordered
0.6709480991854981,49.68348719609566,0.4374493709953006,Disordered
0.6791074262889,45.120896622120306,0.4166412028809049,Disordered
0.6509812275997122,52.31419353435035,0.4466476289010116,Disordered
0.512624981661333,54.330993863243634,0.48204378821748217,Disordered
0.6664037455656713,47.005735943118204,0.4145843845592262,Disordered
0.6886207554683783,46.8889574768111,0.41178922329886236,Disordered
0.612796364600351,48.355455582358395,0.4346082747500786,Disordered
0.6365685202946695,45.5592602283699,0.43943216304090377,Disordered
0.6853761186383552,45.9194734520671,0.41275939016767565,Disordered
0.6734597435840572,49.59594717625373,0.42165762847753685,Disordered
0.6557867756649131,49.66531898559474,0.45577988286794224,Disordered
0.6676179799564709,47.53200465065554,0.43014465153087117,Disordered
0.6584741697051105,48.82261192996791,0.42703775123621157,Disordered
0.517732738378254,47.47895020725944,0.5105447070237886,Disordered
0.6646499055387755,53.92018683047383,0.43686212493353743,Disordered
0.6860373715911301,42.79281955875334,0.41087506109525707,Disordered
0.580973232413963,47.574691201776375,0.4574268351748152,Disordered
0.6211449012601827,49.67895126068613,0.45363567420777734,Disordered
0.6866173864228454,44.21300399233616,0.4182566935427895,Disordered
0.6792532355263496,49.857848923942804,0.42403324673601966,Disordered
0.6397196475978508,47.00555188703115,0.4571961770880072,Disordered
0.5296259161630353,52.199302334866516,0.49516371975336143,Disordered
0.6657743301504426,45.21154894600276,0.4273743391368483,Disordered
0.672566313967477,49.1004882302617,0.41615823228562926,Disordered
0.6848646817127889,48.700877791640856,0.4121809430980439,Disordered
0.6757947584441425,49.87849771940014,0.4200261064982897,Disordered
0.6773649085823498,50.98378766228657,0.42660500009175517,Disordered
0.6224853526181549,44.540319107154986,0.41745097331000214,Disordered
0.6921817358468414,44.872865232586676,0.3981990387299758,Disordered
0.6770946588243982,45.57891567350504,0.4188020982757781,Disordered
0.6885435814740922,46.20122181076627,0.408188104409532,Disordered
0.6748952827585432,49.672984664195894,0.42485336790634026,Disordered
0.6763584651372306,49.00474725568656,0.41847308794994137,Disordered
0.6492245735227755,50.955060676276304,0.43912290220810263,Disordered
0.6619600095341088,43.21130871891174,0.4123394800259068,Disordered
0.5028212640979953,52.981393022787884,0.4615915758285451,Disordered
0.609993009113049,54.767923871568,0.47937058230487806,Disordered
0.6517640481274737,55.59446831436453,0.4471303147278201,Disordered
0.7006447187357365,41.457819815005365,0.4098209601543102,Disordered
0.6771468654292735,44.75238594525667,0.4155405364902796,Disordered
0.6726422075724852,47.48402594384985,0.41867349598749737,Disordered
0.6740761169709111,49.93687562373634,0.42655898353912736,Disordered
0.6963143352605602,44.97237450883436,0.3994889323734338,Disordered
0.6901236247825038,47.16953411429281,0.410885563930759,Disordered
0.6742581408965818,46.830397512840754,0.41073906283064476,Disordered
0.6810770430550506,49.6034972494885,0.42274498155470486,Disordered
0.6840910877592054,44.033435784175204,0.404727751351323,Disordered
0.6714905465417584,49.23755331804294,0.42891431443091477,Disordered
0.701465533936993,41.86691832079598,0.3897475789358949,Disordered
0.5514948745095115,56.1595056624682,0.5217336124514342,Disordered
0.6664074789328683,50.44478578429698,0.41736014141919303,Disordered
0.6588355503801364,49.62730162366867,0.4364341784134596,Disordered
0.7072029140281342,39.60272343217642,0.3785732429238718,Disordered
0.677713908789762,47.652990321158136,0.43508506301299776,Disordered
0.6186730116282203,45.56483929120298,0.4640366802399038,Disordered
0.695130450342499,39.581185844232856,0.41091515904023757,Disordered
0.6722948669189098,48.7457806929623,0.4190448649703621,Disordered
0.6590570385443387,44.71747551930754,0.44169813931800467,Disordered
0.6633581350942424,47.421405329643825,0.43466714718692184,Disordered
0.7091269507603336,42.330205075410966,0.3919182954770214,Disordered
0.547456834672139,54.78240529303772,0.481977084979868,Disordered
0.5925362979883245,51.27912373060839,0.4467982251850416,Disordered
0.6432128407359984,47.113923420908456,0.43857870802835747,Disordered
0.6594976600669159,49.11280915079746,0.4325588090598091,Disordered
0.6945943139345211,47.240206186434904,0.40121525573957945,Disordered
0.6552936513549641,51.39411400305158,0.4501685653404042,Disordered
0.6944353355545265,46.3194474332105,0.4044016272764427,Disordered
0.6665429160405917,47.28321609758925,0.42994402101368207,Disordered
0.7030419170095199,42.67466189887153,0.3924212713470216,Disordered
0.6386923200245862,56.40459720284542,0.45983432189662704,Disordered
0.6391481477751556,56.16367032657936,0.4542647441671268,Disordered
0.6375553470319911,49.0213988485519,0.45297377917136256,Disordered
0.6992502195428401,42.740490068271434,0.39475034649558355,Disordered
0.5265889819953616,53.71159375995788,0.5115088436030556,Disordered
0.6871439303630436,46.776686472554175,0.41542243146267754,Disordered
0.7141552490244919,45.49457055924056,0.39949861688855154,Disordered
0.6564362187685262,47.13865099271317,0.43807044759923264,Disordered
0.664423356136937,47.198553984270625,0.437370037352891,Disordered
0.6520374910750366,49.07054153636031,0.44819136029562884,Disordered
0.5468728110986248,51.881618100362694,0.4864987977773015,Disordered
0.6356861992782229,55.37591741371414,0.4604648723744698,Disordered
0.4845023169215086,48.62523480534787,0.47946412308704217,Disordered
0.5578945145166411,54.039387393968646,0.4852458136101212,Disordered
0.6697486916415581,49.8006094966431,0.4335135141053017,Disordered
0.6625376635148362,55.900026430449124,0.45116344116254853,Disordered
0.5724991182837852,56.20820641705253,0.4947966516409171,Disordered
0.6643516361956202,50.683163069193405,0.42765475661911856,Disordered
0.6579405891523745,49.244891355403034,0.44105853779511683,Disordered
0.6505203979231516,49.65373395661795,0.4566622463624375,Disordered
0.670603549397307,44.508037176607395,0.40739262356431416,Disordered
0.6704087792993322,53.622098726229225,0.4292135703065387,Disordered
0.649574882507357,49.26607631156358,0.4361025179069358,Disordered
0.6425234739228028,46.83062979145672,0.4434955566534956,Disordered
0.6835542152506535,46.26494158928262,0.4076982573137976,Disordered
0.4721720935209022,57.169092213523946,0.5639260224505902,Disordered
0.6536702523530945,44.6806794076742,0.4421863748688605,Disordered
0.6793943383865125,46.76111553587613,0.4288180663183936,Disordered
0.6504345492524537,57.55266016533459,0.45193263023315905,Disordered
0.4541094998549016,46.15049075020345,0.5465965230118152,Disordered
0.6887111539420097,42.89301032120453,0.41489377608105193,Disordered
0.6517699467998658,55.12817256181771,0.44854745618345643,Disordered
0.667318186444215,45.4414489222322,0.4252924747001731,Disordered
0.6775544311725245,47.22906640704631,0.410255492401147,Disordered
0.6547464575452546,53.23306588281508,0.44280386214400275,Disordered
0.6878684466051648,44.151625795792114,0.40062840622186424,Disordered
0.4892022617615779,51.0923821286635,0.48850626259234314,Disordered
0.6240712752275014,58.501271423089065,0.4698608974440863,Disordered
0.6810996394945346,43.7313808545339,0.40880207082612685,Disordered
0.6567184070308737,46.6728583338969,0.4289690672887419,Disordered
0.6917146993762455,43.53390533691677,0.3868733475339607,Disordered
0.6601569252513818,49.80582168949165,0.4450311315378631,Disordered
0.6123994705156871,48.92749518994624,0.4554248439114712,Disordered
0.6858160890010773,46.96040578579486,0.41694300897788356,Disordered
0.6917283147799704,39.9319948418152,0.4137523901673868,Disordered
0.6936413667297928,45.82320786346613,0.4131311024089583,Disordered
0.6753860752221413,41.01132125630203,0.4123355645599841,Disordered
0.6427448905004065,49.27305151796652,0.45562241267755377,Disordered
0.4270874834006239,54.24796588484036,0.551089151420018,Disordered
0.5632293706074744,51.12892880086289,0.4645804943194306,Disordered
0.6860728740299519,49.63771644493742,0.4352346181965527,Disordered
0.5675637716474325,56.58688496000001,0.4973708801971165,Disordered
0.710859177333536,38.579828761559426,0.3951951441474443,Disordered
0.6502892859807383,53.96748515450148,0.4424684484463272,Disordered
0.6783709439024511,47.54828623333397,0.42866656618233046,Disordered
0.646746081542755,54.49796486592478,0.4574214008660443,Disordered
0.6368570871788981,48.401895964449025,0.4608786240294446,Disordered
0.6711997426077996,50.517992835686684,0.4298856491767346,Disordered
0.6875579944440654,46.05474309430703,0.40873078101686466,Disordered
0.4104798655023846,57.28865838750521,0.5410965484230118,Disordered
0.6148948743680043,60.89792312133732,0.4846492025398609,Disordered
0.6268251214454621,46.58902828305483,0.4519023258385406,Disordered
0.6611290263190712,45.1392526845641,0.41715202625702297,Disordered
0.6584409906362975,55.417728404547724,0.4409071702937194,Disordered
0.6030557563070232,45.88399070935645,0.4732555686098757,Disordered
0.6890216829032235,49.228912305062025,0.41243156510512535,Disordered
0.6581667081554975,53.62348223385987,0.45154330146678917,Disordered
0.6762161935467018,50.9004240476906,0.4140549793643657,Disordered
0.6705390937691682,50.405054953401894,0.42752610632992094,Disordered
0.6571490664234132,47.90426474209774,0.4505816382262088,Disordered
0.668259884710891,50.74952891577609,0.4421320010976658,Disordered
0.6364364170953806,51.92889980310103,0.4652146638340341,Disordered
0.6999395066359793,41.65676832170833,0.3962908751153336,Disordered
0.6473770184414488,51.91822482431759,0.45260821435219606,Disordered
0.6670691175861672,55.755695431870926,0.4341884894011071,Disordered
0.6319752786232127,47.27426209507326,0.4516595110486301,Disordered
0.7017731966878481,47.29969253778183,0.39810726264262086,Disordered
0.612655709616535,50.654259094440164,0.4699940910275349,Disordered
0.6765912724404911,45.95703819767374,0.43945310337700283,Disordered
0.47144983066216917,51.556756720941806,0.5345138433431055,Disordered
0.6655411372234911,49.68528057636432,0.4272716341075792,Disordered
0.5248312389707458,46.612505535138766,0.470365426831529,Disordered
0.6591787572394918,49.22636948847953,0.43042768145924803,Disordered
0.6363141993186702,56.65101018477278,0.4558240332811281,Disordered
0.5651693603169048,51.705774805213935,0.4662297444104361,Disordered
0.5910209142477056,48.248720175280035,0.4379823763832514,Disordered
0.6812085666040885,41.06172479627221,0.4224539516919968,Disordered
0.665862244586935,55.265226542447564,0.4358664456323467,Disordered
0.5997568122537207,50.86318785567978,0.46924157815632356,Disordered
0.6605345805013048,51.50770256772686,0.449809190894757,Disordered
0.5094100632451168,51.66458243162816,0.4877425877627628,Disordered
0.6499191667809109,51.36248899754803,0.43704279631666604,Disordered
0.5157914574789234,47.63462507063163,0.5108157322349481,Disordered
0.6386306391813998,59.615116336571866,0.4638126539128618,Disordered
0.5283246918602642,54.346633165928175,0.4946135158060273,Disordered
0.5111970256396314,49.63418710964415,0.5043903954681702,Disordered
0.674710994148907,49.13353639911269,0.41055956422146345,Disordered
0.6594976969799324,47.19476374080333,0.41173024765753935,Disordered
0.6415062851821374,54.155669283231894,0.45193655572610303,Disordered
0.6309887747607992,47.02236262501377,0.4491130967836615,Disordered
0.6476485583249643,50.40913300763694,0.4328137179422669,Disordered
0.6624640696758574,47.27126601141729,0.4419219996244151,Disordered
0.7065815517547465,42.59646329836345,0.3819268021359498,Disordered
0.6870858154574364,44.17761981523376,0.39518353201514156,Disordered
0.6627349684604115,53.89271377122525,0.4428244800395213,Disordered
0.6809012237605206,50.874084872254436,0.41884033084950195,Disordered
0.6713024779325092,45.87726291555456,0.41642814004746853,Disordered
0.6734874821758832,46.556922967979794,0.4271589133331992,Disordered
0.676590066686084,43.992241511895685,0.43378077350431815,Disordered
0.665934998861203,51.910501269608865,0.4349607042516189,Disordered
0.6785456903158911,48.512836192902874,0.42469858603390076,Disordered
0.6960995596757787,42.33937866828927,0.40454622413386304,Disordered
0.695830318494734,42.4654892952853,0.39844017029828854,Disordered
0.6819632629825362,47.03497820490609,0.421858961722804,Disordered
0.6818124938324053,49.57081869390581,0.40805092641779894,Disordered
0.665729214023319,48.90406065857168,0.44661732318393454,Disordered
0.6769019229016704,44.552652016825235,0.4010282109643859,Disordered
0.7071696211570956,39.85726197043787,0.3877195697522831,Disordered
0.4985925338995147,49.454340120244645,0.483885091273187,Disordered
0.6774903553459583,44.41894000879582,0.42993917187018965,Disordered
0.6835771409658852,45.6773426384042,0.4194436855913763,Disordered
0.49817257168984586,48.55817100841658,0.5214084124613675,Disordered
0.6694552154275946,47.72244492097155,0.44269862962003675,Disordered
0.6980408447680363,45.79716785121264,0.4094497185314997,Disordered
0.4022697822059403,50.21467039992043,0.5490663383960093,Disordered
0.507603978545844,57.474252970889445,0.5114736664159031,Disordered
0.5370354203766654,47.567136615682266,0.49140755253347135,Disordered
0.4438922041203226,45.80400919861475,0.5250134268575656,Disordered
0.5864438650514147,57.880742745887204,0.5049676038611869,Disordered
0.488653664013118,50.75190990198708,0.5162637067610703,Disordered
0.5274251115087689,46.38861549746329,0.44569365890917917,Disordered
0.48892162617283774,50.28510832607511,0.517692466516699,Disordered
0.679300739885139,48.79735061679806,0.42860808575709164,Disordered
0.49716617415555964,51.31693300354662,0.5209662646319826,Disordered
0.650354680960254,50.392318638822005,0.4368119089859996,Disordered
0.6668870894613739,56.325668554273086,0.43266870936031837,Disordered
0.6634055802863996,49.341953029774075,0.4306274640314262,Disordered
0.44645405818390466,49.87575999038081,0.5256885837325349,Disordered
0.6250533907729066,41.27455179335811,0.4316629722578635,Disordered
0.6987380351881348,45.704052515457505,0.4051417931443312,Disordered
0.6427949843949191,53.47336359568144,0.46089054598792395,Disordered
0.6373790182322715,42.854929357853344,0.4454611958740585,Disordered
0.6472964856456802,57.18315386628099,0.45748627611785964,Disordered
0.5833557204521717,52.03291335935309,0.4576706588379721,Disordered
0.6785158294774375,47.26505280099031,0.42969027523167325,Disordered
0.6248694033943316,47.679199258011955,0.4521588731900323,Disordered
0.6437066018292342,51.14641907048819,0.45251978225511524,Disordered
0.6700893185404274,48.88511006577194,0.4333147046955808,Disordered
0.7130384695840001,45.06740431205195,0.3970841023657911,Disordered
0.5936842585751424,55.343467176764335,0.4725452854668908,Disordered
0.6616711079987263,47.00532816870053,0.4238863228614696,Disordered
0.5649197535114817,47.423927033365445,0.45352322486087704,Disordered
0.5036132050494013,48.00521101668761,0.5087785803408144,Disordered
0.6084292123909022,46.12984771229123,0.4424790317004208,Disordered
0.5574521033594451,53.19437487462573,0.49413416581466635,Disordered
0.6734185002278734,46.32357316489224,0.41975775131600684,Disordered
0.6778672050115098,49.07590562783861,0.42280943786160435,Disordered
0.6720234140570635,50.46957293651671,0.4256547612358655,Disordered
0.6631210813729902,46.034216882670265,0.4289063832923248,Disordered
0.6808252972121586,47.808006381242485,0.4162165869436536,Disordered
0.6750205059612342,51.94217646663274,0.42572116489340767,Disordered
0.6037561214827324,46.164982024941004,0.46606856998354035,Disordered
0.5709468260525624,46.73247094791444,0.5095039368857086,Disordered
0.6184553688636736,48.11295749378736,0.4510301859899419,Disordered
0.6635702339325045,44.58147478082899,0.4380632407816328,Disordered
0.6813946469570342,43.86406556952046,0.41407857351232086,Disordered
0.568857035405166,51.106701984934396,0.4840046712550274,Disordered
0.6736246615448714,49.250121401657296,0.41424123818755576,Disordered
0.6972493357291452,47.029506910891236,0.3867959562880174,Disordered
0.699254700682193,43.68374021109297,0.3897597452790941,Disordered
0.6127002275365946,57.05005784005994,0.4610796714712403,Disordered
0.654646416565146,50.00997675614186,0.4428793732802315,Disordered
0.6575458218948348,48.20521894713022,0.4361795714502509,Disordered
0.7018019075539621,43.904926519828486,0.3810707629031156,Disordered
0.666384562534237,47.685981217171246,0.4353985864655361,Disordered
0.6765288966766215,44.91721581534383,0.4300685618656933,Disordered
0.6122443548968753,52.143709080657956,0.46684581216939963,Disordered
0.655751058017205,45.03958431390252,0.41369062117852956,Disordered
0.5599430385569261,54.66684036214275,0.47746562656259867,Disordered
0.6942006698823786,46.88504070424681,0.40685066968783434,Disordered
0.7029896221481179,40.24713710441698,0.38694717892232244,Disordered
0.6795031934288003,51.535496644886756,0.4244565194948937,Disordered
0.5784246177341453,56.58554320858849,0.48896099792526787,Disordered
0.6814819349773341,49.98141637278563,0.4270534740225698,Disordered
0.628567643265435,56.91629694955613,0.4769828722011877,Disordered
0.6813413638878608,50.00443566356878,0.41741608635612315,Disordered
0.6795565325307751,45.99566418958349,0.42457579238339477,Disordered
0.6174246270961611,53.30846398363904,0.47590890899709604,Disordered
0.6614163658880203,50.964299339052225,0.42708077701833425,Disordered
0.669285771989731,44.89284376282463,0.41887142145844647,Disordered
0.6829820775788404,43.17896353336348,0.41082510369359576,Disordered
0.6659142571695738,45.412134132704324,0.4175747059750586,Disordered
0.6103945437404112,45.5039897878653,0.46310764596825266,Disordered
0.5334936620617731,44.66689497308136,0.4922547145983774,Disordered
0.6528485019794557,53.59278343386985,0.4592857224429339,Disordered
0.6638127420994476,52.65328705620825,0.42925402481802466,Disordered
0.5257188246572274,59.713770858054644,0.5049359499764765,Disordered
0.6981476374983365,43.918596186013666,0.3984765587434291,Disordered
0.6741944276434553,46.22729720346927,0.415837654306888,Disordered
0.43354278464609614,53.18999495262381,0.5530073198247673,Disordered
0.6993214126297683,45.93724676317217,0.4018821859845135,Disordered
0.7090662680581364,44.9696757198961,0.3862813089725717,Disordered
0.676504306742506,43.587408376002564,0.40321235871878863,Disordered
0.5499425975151235,52.84800840628999,0.48703895440988454,Disordered
0.6934447659486251,44.511485317358705,0.3965615662304901,Disordered
0.6668816490605648,42.01509299042861,0.42216684353347655,Disordered
0.655243479683672,52.144593841825575,0.43856326808439555,Disordered
0.6371556992907571,55.14286678518475,0.4777629097769999,Disordered
0.6413524484912237,56.53190157880531,0.46687881129606545,Disordered
0.6542952605705031,53.67603015211848,0.4390839312401094,Disordered
0.6733393020103793,52.13235129726376,0.42183330963519583,Disordered
0.6071297577273745,64.97089533285828,0.48854602995250795,Disordered
0.6409562291920828,46.23632938263486,0.43869603917877553,Disordered
0.6994422765662098,42.921148564776985,0.4119978718718725,Disordered
0.6748735966759042,45.86552924599654,0.40404457038029573,Disordered
0.5074575823984177,48.86448876621421,0.47604328711558663,Disordered
0.6877779946943134,50.72247762201975,0.42640644230360425,Disordered
0.6943199622751347,47.93908387978652,0.4011689574822026,Disordered
0.6909893517582166,44.5418240877724,0.40894627145804696,Disordered
0.5913836450848085,47.54823168355658,0.485649006672621,Disordered
0.5708033963728724,49.236079797390026,0.4631221853309011,Disordered
0.6887923046552392,44.890466152583585,0.4143203706361036,Disordered
0.6335627555624622,64.82405749320128,0.4609998174272061,Disordered
0.468350359118038,54.17336726588159,0.5396754930413173,Disordered
0.6718631730642565,50.255118143959024,0.42957171173191594,Disordered
0.656628091450504,51.40090658731932,0.4389156152314603,Disordered
0.687029787828087,44.500054872247055,0.39976440350181575,Disordered
0.6814234360588067,45.62778714794932,0.42281509420088,Disordered
0.5215351170947161,59.521102928491125,0.5352439271761218,Disordered
0.7061272555007412,43.8122517164026,0.38967125602292707,Disordered
0.6825331218132309,42.54511472372664,0.4098442031879017,Disordered
0.6385671760498866,52.04997291363189,0.4510887276605864,Disordered
0.6963173767904588,43.729430320320816,0.40189646852278543,Disordered
0.6743154175435896,43.09510620920423,0.41646908200542515,Disordered
0.5825419909723055,47.257302425232574,0.4435594801066709,Disordered
0.6448684647898593,54.38876020113993,0.4441175597678593,Disordered
0.6914596784910785,49.01201565633981,0.41276481574852114,Disordered
0.5530162044014443,49.176125045985096,0.46192133080017783,Disordered
0.6783512595130732,49.21605551995181,0.4311173572708001,Disordered
0.6859941448214928,44.07786462101964,0.4141919251152303,Disordered
0.5987228681411396,49.25450415139008,0.4564515365067932,Disordered
0.6897538186027646,42.85328724241234,0.4138698932063835,Disordered
0.6599128613422445,51.39049548470225,0.4375433012924607,Disordered
0.6656655958034176,46.60329860055356,0.43329642183245964,Disordered
0.4466434517052739,55.46746088059098,0.5312938247798886,Disordered
0.5738421366939789,51.723058610980026,0.4498981559986278,Disordered
0.6858094140486264,39.91796367674524,0.41163307080505257,Disordered
0.6737163242088149,52.47798374970147,0.4306817472905686,Disordered
0.5484773784607562,50.60921980293703,0.5142756257983393,Disordered
0.6617126710396583,51.42339242778658,0.43085665070471013,Disordered
0.6712292203136276,42.92131762835718,0.42306433036736707,Disordered
0.5532636003682334,48.21441397667526,0.49903740940121255,Disordered
0.6865624138162473,47.98500999193251,0.421084076064275,Disordered
0.651444021077326,50.830429805938536,0.4417683238066486,Disordered
0.6734054978811785,47.82938525941349,0.4154813013479331,Disordered
0.5391483867804926,47.360883748601395,0.4736824655814958,Disordered
0.6496131875267134,55.43269482954614,0.44356331916089636,Disordered
0.47982275077236697,52.442486135095514,0.5184811793746098,Disordered
0.68038238932037,46.33220218687038,0.42209021520459494,Disordered
0.6393732476707092,52.56804491688473,0.46548143772615064,Disordered
0.6214539569625068,46.7068630078888,0.44841921319432837,Disordered
0.6518097186534059,50.30931276729391,0.45155225542685534,Disordered
0.6628063801802121,56.474493623590625,0.44893319001899223,Disordered
0.6616944440154359,45.951997367683944,0.4309782922221975,Disordered
0.6713053594598909,44.19424760092136,0.40735218018719865,Disordered
0.6638937617959263,45.927411617609906,0.4396937238468648,Disordered
0.29535553575949597,54.96760257754373,0.6123862382404065,Disordered
0.492388762519438,58.951143130874385,0.4939223832139327,Disordered
0.6757147268649558,51.34431793528332,0.42571608642019604,Disordered
0.4556115897999368,54.62469453129294,0.5208076697659194,Disordered
0.6641510007350587,42.384951017613886,0.42024121482778215,Disordered
0.6665132079468539,47.58495061679056,0.425384974281561,Disordered
0.6846628517728272,46.29314338413598,0.42035146372279125,Disordered
0.542364051780018,48.36492543303335,0.47988302620345297,Disordered
0.6674054458716507,50.96349966746791,0.45391573472145785,Disordered
0.6767207110881173,48.91946176764567,0.41210259272519933,Disordered
0.6613185944009048,51.749195940961464,0.4239712025442701,Disordered
0.5059827963557156,50.48502351745554,0.4799730664077318,Disordered
0.532719954928724,59.89090518982688,0.48013845792455023,Disordered
0.556300340921691,50.06623665567272,0.48189132221617,Disordered
0.6660214349782654,46.166414634743035,0.4177070263245212,Disordered
0.6448257941622902,53.99235440615169,0.45799473266713414,Disordered
0.6888209300441165,42.28136201454513,0.4158793324011563,Disordered
0.6996589581222067,41.59544735139308,0.3784861302547469,Disordered
0.6702335222372531,42.02995708332134,0.4240829905403959,Disordered
0.6629478476210792,45.50338851381016,0.43018970493251263,Disordered
0.6804058410629836,47.50296385898856,0.4252414219124242,Disordered
0.5519293310540605,50.58459105327635,0.48158171881722633,Disordered
0.6937358459932121,45.874869184303485,0.4039783502044066,Disordered
0.6713091883321248,54.293755948403366,0.44839094151026726,Disordered
0.6062091859026977,56.41792993850737,0.4723499535623722,Disordered
0.45885156718126785,53.59500172978302,0.5448923079248039,Disordered
0.5024075134869429,51.959419088408865,0.5296378780625058,Disordered
0.6813085537743588,48.36471345843156,0.42617526371820025,Disordered
0.4767070958145495,47.86927690593764,0.5102514674950006,Disordered
0.6840611972586721,44.745279652285475,0.40968614837155914,Disordered
0.5008601105190469,52.634601496177176,0.5149856018890864,Disordered
0.5003238041291886,54.70925952838568,0.5420227602195895,Disordered
0.6357447960477215,44.046363824743906,0.4333750453984069,Disordered
0.48354521749694696,55.419404767745895,0.528602169295618,Disordered
0.6613864920590028,56.547214478923394,0.45600754191438075,Disordered
0.6568429364071214,53.76070922050196,0.4590680276221512,Disordered
0.6501977993059808,51.79582677796183,0.4485213767928475,Disordered
0.6062641454336182,49.559358655962,0.46332658063237453,Disordered
0.6668812079394819,48.29616486295138,0.4151040274249692,Disordered
0.6600207199242958,45.638758340244465,0.4397825261093283,Disordered
0.656552062275936,47.48972145938753,0.44407187401940745,Disordered
0.6919712978109193,42.61072826059718,0.39052980799130427,Disordered
0.6610918060304387,52.572901633628526,0.4421452787621609,Disordered
0.6936154399451455,45.18618361088092,0.41627418767118196,Disordered
0.6576981960594996,47.12277177839015,0.43724797317379405,Disordered
0.48257053545875067,51.33230569056621,0.5361228150000987,Disordered
0.6680629647415819,49.842224416095405,0.4195761023130053,Disordered
0.6864837528305106,42.39661594581167,0.42223467907649964,Disordered
0.6882255819402681,45.91394353671864,0.4096309628975479,Disordered
0.6445738202465019,55.95224798112322,0.46251916763417206,Disordered
0.6469647563527549,51.49661579582145,0.44189570246122534,Disordered
0.6879874890049189,46.85518152030638,0.4156867097318462,Disordered
0.7005123493566827,43.50210786469608,0.3872419042339943,Disordered
0.6644943633724042,49.14164711595455,0.43277680034665705,Disordered
0.6740866309369804,47.95417136525231,0.4216586797975302,Disordered
0.576735472431651,51.52854957960069,0.485038087358466,Disordered
0.5920174116344729,50.13910094138338,0.4777028741659182,Disordered
0.6688140916907825,50.06944770067662,0.42350581012714095,Disordered
0.696291464872261,42.435522598697624,0.3985770815307057,Disordered
0.6852140882916351,47.552965122623796,0.41744319207887787,Disordered
0.5991223719698068,40.98337510576363,0.45616241619182085,Disordered
0.6983092292565476,46.63036647539807,0.3984506642759919,Disordered
0.5946712177039811,43.31309274955578,0.47420771384031013,Disordered
0.6728925422484444,46.04456115988315,0.42334135752131336,Disordered
0.6611799722498812,44.28979049649987,0.43108667089308506,Disordered
0.5766096130224011,55.49262156353545,0.4868728716889872,Disordered
0.672830342125163,43.10220101112523,0.41135256408091403,Disordered
0.5853748691096374,48.93379416695445,0.4802212457880989,Disordered
0.6357691522337292,50.40884148247963,0.4583742197756805,Disordered
0.6824808449926127,47.591896555449374,0.4174014076414362,Disordered
0.6793526452730602,49.35383369322733,0.4247948812247027,Disordered
0.5883038248620688,51.21238925856021,0.4633089342388169,Disordered
0.6780699999816566,49.176362143906466,0.4217567200663018,Disordered
0.594448228800486,52.32765129451611,0.47820854052785366,Disordered
0.6731721513290956,51.89936344223286,0.45000351466653893,Disordered
0.6543497566754821,50.729170551300776,0.4438467359792205,Disordered
0.6793446664443137,46.96961396300131,0.41774246973323326,Disordered
0.6592327334767293,44.1914289832047,0.4050143473329047,Disordered
0.6966403954767929,41.70408478197689,0.39010860650268514,Disordered
0.5995665909982669,46.876506143612694,0.41377010711041695,Disordered
0.6617307723743789,49.526630674648565,0.43201221156146985,Disordered
0.7104967240762673,43.03133323536473,0.3823005435297221,Disordered
0.6628214935812513,46.372463687326906,0.40756898814466563,Disordered
0.6740551111758593,52.38108723560422,0.42971939612026017,Disordered
0.6470138553656672,49.775459580640685,0.4436085309225346,Disordered
0.6972168347568314,45.0730080862741,0.3983502865864878,Disordered
0.3710572232606694,53.233263809554145,0.528607949363934,Disordered
0.6364224631269506,42.682234711218314,0.4390275743840864,Disordered
0.536992591713419,42.54708101235211,0.4831004212589564,Disordered
0.7004036949800955,44.30901540061641,0.3934123154562417,Disordered
0.6678794902905301,53.13136639623701,0.42782285546782856,Disordered
0.5489860270371331,58.173789179266564,0.49315779049404074,Disordered
0.6539300463955231,50.17391163910111,0.4441114601286896,Disordered
0.6652350821464996,46.17538982113547,0.4365043805356145,Disordered
0.41581183951787504,55.65000593061303,0.547778837579366,Disordered
0.6845860735215197,39.98481403656127,0.40447934462636825,Disordered
0.7068167947311091,45.68047003935595,0.38735242926050384,Disordered
0.5718722491020827,45.05293608850972,0.46446121373609733,Disordered
0.7048049634062685,39.918939871957626,0.386639461656545,Disordered
0.42946529529195493,57.81745483698073,0.5812572472020978,Disordered
0.6617457994476464,47.89728650636814,0.43941686977759714,Disordered
0.48466740583963885,51.57949271235593,0.49755045401612946,Disordered
0.6677313585409962,49.34869032788673,0.43905082546661134,Disordered
0.605409266219107,47.38704200206707,0.4652642894792794,Disordered
0.6500059816626294,47.36907056845264,0.45024311514021664,Disordered
0.5609877362635838,49.31056513342823,0.46793221071907504,Disordered
0.6750748014180693,50.536181173270236,0.43725224237244265,Disordered
0.6826541181823289,44.029713067426606,0.4312132611691814,Disordered
0.6082420597958287,51.50370866948556,0.4650373318830689,Disordered
0.6371460968365241,51.838628908978826,0.46872560258719603,Disordered
0.6728216993364068,48.92709464803891,0.4230306645499951,Disordered
0.6544835356486747,54.77877387123361,0.44129029694258276,Disordered
0.600185689475417,44.87596762414126,0.4447146691712403,Disordered
0.6741625507330942,46.35491509932396,0.4096479295038446,Disordered
0.481128939916046,54.41628004680069,0.5063265412797177,Disordered
0.5858971203962648,45.54907797590909,0.45401123400439725,Disordered
0.6456251075012436,55.64330994649712,0.4659084030110884,Disordered
0.6498133443260157,56.51563665322287,0.45613050822038903,Disordered
